episode,step,agent_id,observation,continuous_action,discrete_action,reward,done,action
0,0,0,"[0.0824706107378006, -0.05732698366045952, 1.2129707336425781, 3.9960761070251465, -0.01134490966796875, 0.0, -0.1961999237537384, 0.0]","[0.48131898045539856, 0.7150231003761292]",[],0.1,False,
0,0,1,"[0.014319943264126778, 0.005902247037738562, -0.8118343353271484, 3.9960761070251465, -1.255174160003662, 0.0, -0.1961999237537384, 0.0]","[0.692074179649353, 0.9719658493995667]",[],0.1,False,
0,0,2,"[-0.06095070764422417, -0.0785202831029892, -0.46013641357421875, 3.9960756301879883, 0.002681732177734375, 0.0, -0.1961999237537384, 0.0]","[-0.09457235038280487, -0.9824526906013489]",[],0.1,False,
0,0,3,"[0.023986561223864555, 0.004823086783289909, -0.042514801025390625, 3.9960761070251465, -0.30794620513916016, 0.0, -0.1961999237537384, 0.0]","[-0.8281015753746033, -0.2867370545864105]",[],0.1,False,
0,0,4,"[0.021631214767694473, 0.07771182805299759, -0.8452663421630859, 3.9960756301879883, -0.8170504570007324, 0.0, -0.1961999237537384, 0.0]","[-0.8682055473327637, -0.6030400991439819]",[],0.1,False,
0,0,5,"[-0.07543659955263138, -0.03018558956682682, 1.4670614004135132, 3.9960756301879883, -1.2722761631011963, 0.0, -0.1961999237537384, 0.0]","[0.9311311841011047, 0.056338466703891754]",[],0.1,False,
0,0,6,"[-0.05529165640473366, 0.046795137226581573, -0.10452842712402344, 3.9960756301879883, 0.4998183250427246, 0.0, -0.1961999237537384, 0.0]","[-0.16063548624515533, -0.7295836210250854]",[],0.1,False,
0,0,7,"[-0.004832122940570116, -0.009463541209697723, -0.7351281642913818, 3.9960761070251465, -0.3298468589782715, 0.0, -0.1961999237537384, 0.0]","[0.9690918326377869, 0.34448546171188354]",[],0.1,False,
0,0,8,"[0.0034269692841917276, 0.023917531594634056, 0.9513959884643555, 3.9960761070251465, 1.4454998970031738, 0.0, -0.1961999237537384, 0.0]","[-0.39059603214263916, -0.6046253442764282]",[],0.1,False,
0,0,9,"[-0.011779182590544224, -0.05825803801417351, 0.4764818549156189, 3.9960761070251465, -0.8133816719055176, 0.0, -0.1961999237537384, 0.0]","[-0.7701142430305481, 0.6546918153762817]",[],0.1,False,
0,0,10,"[0.06516821682453156, -0.0744529515504837, -0.7088899612426758, 3.9960761070251465, 0.03386116027832031, 0.0, -0.1961999237537384, 0.0]","[0.8552628755569458, 0.21501198410987854]",[],0.1,False,
0,0,11,"[0.04420943558216095, 0.05148576200008392, 0.6477146148681641, 3.9960761070251465, -0.6726169586181641, 0.0, -0.1961999237537384, 0.0]","[0.3202781081199646, 0.6720348596572876]",[],0.1,False,
0,1,0,"[0.12365954369306564, 0.005012651905417442, 1.2129707336425781, 3.9175961017608643, -0.01134490966796875, 0.0, -1.1771994829177856, 0.0]","[0.8447787761688232, 0.6069467067718506]",[],0.1,False,
0,1,1,"[0.07452837377786636, 0.09050330519676208, -0.8118343353271484, 3.9175961017608643, -1.255174160003662, 0.0, -1.1771994829177856, 0.0]","[-0.1363227218389511, 0.829494059085846]",[],0.1,False,
0,1,2,"[-0.06934899091720581, -0.16338478028774261, -0.46013641357421875, 3.917595863342285, 0.002681732177734375, 0.0, -1.1771994829177856, 0.0]","[-0.2863765358924866, -0.900822103023529]",[],0.1,False,
0,1,3,"[-0.048257410526275635, -0.02018040604889393, -0.042514801025390625, 3.9175963401794434, -0.30794620513916016, 0.0, -1.1771994829177856, 0.0]","[0.9678964018821716, 0.1921616792678833]",[],0.1,False,
0,1,4,"[-0.0538957454264164, 0.025116484612226486, -0.8452663421630859, 3.917595863342285, -0.8170504570007324, 0.0, -1.1771994829177856, 0.0]","[0.7659802436828613, -0.9531403183937073]",[],0.1,False,
0,1,5,"[0.005720006301999092, -0.025370802730321884, 1.4670614004135132, 3.917595863342285, -1.2722761631011963, 0.0, -1.1771994829177856, 0.0]","[0.7315943241119385, 0.6337212920188904]",[],0.1,False,
0,1,6,"[-0.06897152215242386, -0.016786210238933563, -0.10452842712402344, 3.917595863342285, 0.4998183250427246, 0.0, -1.1771994829177856, 0.0]","[-0.8198950290679932, -0.24210987985134125]",[],0.1,False,
0,1,7,"[0.0796339139342308, 0.020590389147400856, -0.7351281642913818, 3.9175963401794434, -0.3298468589782715, 0.0, -1.1771994829177856, 0.0]","[0.670589029788971, 0.5707817077636719]",[],0.1,False,
0,1,8,"[-0.030627654865384102, -0.028840530663728714, 0.9513959884643555, 3.9175961017608643, 1.4454998970031738, 0.0, -1.1771994829177856, 0.0]","[-0.11373697966337204, 0.17500977218151093]",[],0.1,False,
0,1,9,"[-0.07864606380462646, -0.0010403841733932495, 0.4764818549156189, 3.9175961017608643, -0.8133816719055176, 0.0, -1.1771994829177856, 0.0]","[0.9253802299499512, 0.20235730707645416]",[],0.1,False,
0,1,10,"[0.13905832171440125, -0.055236101150512695, -0.7088899612426758, 3.9175963401794434, 0.03386116027832031, 0.0, -1.1771994829177856, 0.0]","[-0.7705360651016235, 0.7513801455497742]",[],0.1,False,
0,1,11,"[0.07213081419467926, 0.10976778715848923, 0.6477146148681641, 3.9175963401794434, -0.6726169586181641, 0.0, -1.1771994829177856, 0.0]","[0.8449876308441162, 0.47073647379875183]",[],0.1,False,
0,2,0,"[0.19552183151245117, 0.05831684172153473, 1.2080631256103516, 3.772698402404785, -0.0089111328125, -0.24432797729969025, -0.5737622976303101, 0.12114207446575165]","[0.48960915207862854, -0.5212267637252808]",[],0.1,False,
0,2,1,"[0.06237976625561714, 0.1620745062828064, -0.8118343353271484, 3.741016387939453, -1.255174160003662, 0.0, -2.1581990718841553, 0.0]","[0.9057974815368652, -0.8056490421295166]",[],0.1,False,
0,2,2,"[-0.09374769032001495, -0.24007491767406464, -0.46013641357421875, 3.741016387939453, 0.002681732177734375, 0.0, -2.1581990718841553, 0.0]","[0.7601898908615112, -0.14977160096168518]",[],0.1,False,
0,2,3,"[0.036160532385110855, -0.0033681977074593306, -0.042514801025390625, 3.741016387939453, -0.30794620513916016, 0.0, -2.1581990718841553, 0.0]","[-0.8955726623535156, -0.6753399968147278]",[],0.1,False,
0,2,4,"[0.013295987620949745, -0.05769576504826546, -0.8452663421630859, 3.741016387939453, -0.8170504570007324, 0.0, -2.1581990718841553, 0.0]","[-0.1499023139476776, -0.6512326002120972]",[],0.1,False,
0,2,5,"[0.06943178921937943, 0.02992318943142891, 1.4670614004135132, 3.741016387939453, -1.2722761631011963, 0.0, -2.1581990718841553, 0.0]","[0.7408540844917297, -0.22249238193035126]",[],0.1,False,
0,2,6,"[-0.13993895053863525, -0.038268256932497025, -0.10452842712402344, 3.741016387939453, 0.4998183250427246, 0.0, -2.1581990718841553, 0.0]","[0.16533155739307404, -0.15465638041496277]",[],0.1,False,
0,2,7,"[0.13761773705482483, 0.07013849914073944, -0.7351281642913818, 3.741016387939453, -0.3298468589782715, 0.0, -2.1581990718841553, 0.0]","[-0.6339199542999268, -0.9413215517997742]",[],0.1,False,
0,2,8,"[-0.04055164009332657, -0.013587717898190022, 0.9513959884643555, 3.741016387939453, 1.4454998970031738, 0.0, -2.1581990718841553, 0.0]","[0.13045424222946167, -0.5722765326499939]",[],0.1,False,
0,2,9,"[0.002139439806342125, 0.01608133502304554, 0.4764818549156189, 3.741016387939453, -0.8133816719055176, 0.0, -2.1581990718841553, 0.0]","[-0.5509599447250366, 0.5509235858917236]",[],0.1,False,
0,2,10,"[0.07133568823337555, 0.009058022871613503, -0.7088899612426758, 3.741016387939453, 0.03386116027832031, 0.0, -2.1581990718841553, 0.0]","[0.4226852357387543, 0.6564133763313293]",[],0.1,False,
0,2,11,"[0.1449848860502243, 0.14994710683822632, 0.6477146148681641, 3.741016387939453, -0.6726169586181641, 0.0, -2.1581990718841553, 0.0]","[0.5055844783782959, 0.33702728152275085]",[],0.1,False,
0,3,0,"[0.23780491948127747, 0.01463041640818119, 1.1739501953125, 3.8578031063079834, 0.016845226287841797, -0.2962908148765564, 0.06840780377388, 0.21440327167510986]","[0.7666464447975159, 0.7744554877281189]",[],0.1,False,
0,3,1,"[0.14011043310165405, 0.09277481585741043, -0.8118343353271484, 3.466336488723755, -1.255174160003662, 0.0, -3.1391985416412354, 0.0]","[-0.1321936547756195, 0.7932273149490356]",[],0.1,False,
0,3,2,"[-0.029420971870422363, -0.2520495355129242, -0.46013641357421875, 3.466336250305176, 0.002681732177734375, 0.0, -3.1391985416412354, 0.0]","[0.4828728139400482, 0.3484436869621277]",[],0.1,False,
0,3,3,"[-0.04192039743065834, -0.062273409217596054, -0.042514801025390625, 3.466336727142334, -0.30794620513916016, 0.0, -3.1391985416412354, 0.0]","[0.9125328063964844, -0.15173041820526123]",[],0.1,False,
0,3,4,"[0.0005282465135678649, -0.11437002569437027, -0.8452663421630859, 3.466336250305176, -0.8170504570007324, 0.0, -3.1391985416412354, 0.0]","[0.06038809195160866, -0.12986360490322113]",[],0.1,False,
0,3,5,"[0.1337321549654007, 0.010690435767173767, 1.4529025554656982, 3.5363235473632812, -1.2711589336395264, -0.5639663934707642, -0.1560373306274414, 0.04450199753046036]","[-0.28536850214004517, 0.8776811957359314]",[],0.1,False,
0,3,6,"[-0.12553536891937256, -0.05151057988405228, -0.10452842712402344, 3.466336250305176, 0.4998183250427246, 0.0, -3.1391985416412354, 0.0]","[-0.40784332156181335, -0.28673937916755676]",[],0.1,False,
0,3,7,"[0.08281099051237106, -0.01159912534058094, -0.7351281642913818, 3.466336727142334, -0.3298468589782715, 0.0, -3.1391985416412354, 0.0]","[-0.3956381380558014, -0.13162444531917572]",[],0.1,False,
0,3,8,"[-0.02912224270403385, -0.06344597041606903, 0.9513959884643555, 3.466336488723755, 1.4454998970031738, 0.0, -3.1391985416412354, 0.0]","[-0.41246598958969116, 0.5543025732040405]",[],0.1,False,
0,3,9,"[-0.0455692894756794, 0.06441425532102585, 0.4764818549156189, 3.466336488723755, -0.8133816719055176, 0.0, -3.1391985416412354, 0.0]","[-0.06334181129932404, 0.35689690709114075]",[],0.1,False,
0,3,10,"[0.10699179768562317, 0.0666922852396965, -0.7088899612426758, 3.466336727142334, 0.03386116027832031, 0.0, -3.1391985416412354, 0.0]","[0.4707396626472473, -0.9623210430145264]",[],0.1,False,
0,3,11,"[0.18810538947582245, 0.1782137155532837, 0.5250129699707031, 3.89003324508667, -0.5532512664794922, -0.5668710470199585, -0.4610103368759155, 0.5612106919288635]","[-0.9556894302368164, -0.024507425725460052]",[],0.1,False,
0,4,0,"[0.26259472966194153, 0.08029799163341522, 1.1651535034179688, 3.868173599243164, 0.04043865203857422, -0.07054425776004791, -0.18402409553527832, 0.23850205540657043]","[0.38718941807746887, 0.606943666934967]",[],0.1,False,
0,4,1,"[0.12909594178199768, 0.16086448729038239, -0.883601188659668, 3.4245126247406006, -1.1781961917877197, -0.6605817675590515, -0.4116327166557312, 0.6662240028381348]","[0.04064178094267845, -0.6253709197044373]",[],0.1,False,
0,4,2,"[0.010720454156398773, -0.221523717045784, -0.457427978515625, 3.3329992294311523, -0.08092975616455078, 0.03361976519227028, -1.1368422508239746, -1.0389750003814697]","[-0.36535054445266724, -0.4663355350494385]",[],0.1,False,
0,4,3,"[0.03754739463329315, -0.07529212534427643, -0.042514801025390625, 3.0935568809509277, -0.30794620513916016, 0.0, -4.1201982498168945, 0.0]","[0.7084416747093201, 0.4330722391605377]",[],0.1,False,
0,4,4,"[0.005811671726405621, -0.1255970448255539, -0.8452663421630859, 3.0935564041137695, -0.8170504570007324, 0.0, -4.1201982498168945, 0.0]","[0.3993755578994751, 0.7830260992050171]",[],0.1,False,
0,4,5,"[0.10872261971235275, 0.08654919266700745, 1.3586008548736572, 3.6394805908203125, -1.2480182647705078, -0.7089540362358093, -0.17889699339866638, 0.11793604493141174]","[-0.5014955401420593, 0.2019953578710556]",[],0.1,False,
0,4,6,"[-0.16042758524417877, -0.0765727236866951, -0.056606292724609375, 3.293026924133301, 0.47671031951904297, 0.7968227863311768, -0.33016496896743774, -0.3829564154148102]","[-0.5913854837417603, -0.6482248902320862]",[],0.1,False,
0,4,7,"[0.048334136605262756, -0.022969666868448257, -0.7351281642913818, 3.0935568809509277, -0.3298468589782715, 0.0, -4.1201982498168945, 0.0]","[0.8323004841804504, -0.5743356347084045]",[],0.1,False,
0,4,8,"[-0.06503678113222122, -0.01519610546529293, 0.9513959884643555, 3.0935568809509277, 1.4454998970031738, 0.0, -4.1201982498168945, 0.0]","[-0.3643806278705597, 0.46706920862197876]",[],0.1,False,
0,4,9,"[-0.05085252970457077, 0.09545890986919403, 0.4826577305793762, 3.1778433322906494, -0.8015689849853516, 0.2844219207763672, -0.1351776123046875, 0.5440181493759155]","[0.6304729580879211, -0.20522764325141907]",[],0.1,False,
0,4,10,"[0.14887917041778564, -0.015851132571697235, -0.7088899612426758, 3.0935568809509277, 0.03386116027832031, 0.0, -4.1201982498168945, 0.0]","[-0.44543811678886414, 0.815530002117157]",[],0.1,False,
0,4,11,"[0.10698658972978592, 0.1761411726474762, 0.4683265686035156, 3.7850723266601562, -0.4971299171447754, -0.5668710470199585, -1.4420098066329956, 0.5612106919288635]","[0.6661770939826965, 0.18221087753772736]",[],0.1,False,
0,5,0,"[0.2609611451625824, 0.13107576966285706, 1.1897659301757812, 3.8492300510406494, 0.06698846817016602, 0.3298591077327728, -0.34611475467681885, 0.2695748209953308]","[-0.06366201490163803, 0.6968571543693542]",[],0.1,False,
0,5,1,"[0.13238763809204102, 0.10725647211074829, -0.9496574401855469, 3.3244893550872803, -1.1115736961364746, -0.6605817675590515, -1.392632246017456, 0.6662240028381348]","[0.9020319581031799, 0.02313448116183281]",[],0.1,False,
0,5,2,"[-0.019422132521867752, -0.2539277970790863, -0.45378684997558594, 3.316134452819824, -0.25051355361938477, 0.03201325237751007, -0.8275364637374878, -1.462615966796875]","[0.7667679786682129, 0.9678329825401306]",[],0.1,False,
0,5,3,"[0.098773293197155, -0.03718008100986481, -0.08164501190185547, 3.023591995239258, -0.341433048248291, -0.4633084833621979, -0.12327058613300323, -0.4063342213630676]","[-0.9473667740821838, -0.2588476836681366]",[],0.1,False,
0,5,4,"[0.039950333535671234, -0.0573439821600914, -0.8573808670043945, 2.8605966567993164, -0.841728687286377, -0.23732899129390717, -0.07548902928829193, -0.48910418152809143]","[-0.036118034273386, -0.41181209683418274]",[],0.1,False,
0,5,5,"[0.0651065781712532, 0.10352008789777756, 1.2877053022384644, 3.5627307891845703, -1.236224889755249, -0.7089540362358093, -1.1598964929580688, 0.11793604493141174]","[-0.8270381093025208, 0.962550163269043]",[],0.1,False,
0,5,6,"[-0.2100915014743805, -0.13244736194610596, 0.12086963653564453, 3.4654598236083984, 0.37941741943359375, 0.9349887371063232, -0.5705973505973816, -0.46991464495658875]","[-0.6856842637062073, -0.24283179640769958]",[],0.1,False,
0,5,7,"[0.12042564898729324, -0.07306834310293198, -0.7757834196090698, 2.8755950927734375, -0.35431385040283203, -0.700219988822937, -0.23730707168579102, -0.4211340546607971]","[-0.7726288437843323, -0.8282511234283447]",[],0.1,False,
0,5,8,"[-0.09658274799585342, 0.025515837594866753, 0.9765100479125977, 2.816382884979248, 1.4504523277282715, 0.6168138384819031, -0.31330445408821106, 0.12162955850362778]","[-0.0653069019317627, -0.9141706824302673]",[],0.1,False,
0,5,9,"[0.0037401753943413496, 0.07707284390926361, 0.5122831463813782, 3.1559648513793945, -0.7411952018737793, 0.3022279143333435, -0.10087013244628906, 0.6673353314399719]","[-0.5494685769081116, 0.9521070718765259]",[],0.1,False,
0,5,10,"[0.10943947732448578, 0.054256655275821686, -0.7618255615234375, 2.9159374237060547, 0.04665946960449219, -0.8648401498794556, -0.21571572124958038, 0.20687313377857208]","[0.05371440201997757, 0.35821276903152466]",[],0.1,False,
0,5,11,"[0.16356278955936432, 0.19176314771175385, 0.3722877502441406, 3.7263336181640625, -0.3928651809692383, -0.9138728976249695, -0.7565841674804688, 0.9999489188194275]","[-0.8141453862190247, -0.3952917158603668]",[],0.1,False,
0,6,0,"[0.2528650760650635, 0.1887194812297821, 1.2657833099365234, 3.808868169784546, 0.09575891494750977, 0.5491683483123779, -0.8687137961387634, 0.26982179284095764]","[0.39344125986099243, 0.919766366481781]",[],0.1,False,
0,6,1,"[0.20947934687137604, 0.10833791643381119, -1.0211997032165527, 3.1468329429626465, -1.0419058799743652, -0.9335620403289795, -1.3495904207229614, 0.8179959058761597]","[-0.23153048753738403, 0.16943146288394928]",[],0.1,False,
0,6,2,"[0.04318167641758919, -0.16952888667583466, -0.45058250427246094, 3.174520492553711, -0.3967761993408203, 0.03201325237751007, -1.8085359334945679, -1.462615966796875]","[0.022683214396238327, 0.6195774078369141]",[],0.1,False,
0,6,3,"[0.016551701352000237, -0.06046285852789879, -0.1287851333618164, 2.9736695289611816, -0.3836784362792969, -0.4948213994503021, -0.2517552375793457, -0.47962936758995056]","[0.8135085105895996, 0.0808861255645752]",[],0.1,False,
0,6,4,"[0.037137825042009354, -0.09317877143621445, -0.8825969696044922, 2.826284408569336, -0.8936762809753418, -0.27258962392807007, -0.3627461791038513, -0.5637475252151489]","[0.21774683892726898, -0.1414910852909088]",[],0.1,False,
0,6,5,"[-0.008115390315651894, 0.18509235978126526, 1.210325002670288, 3.6303176879882812, -1.160949945449829, -0.7621418237686157, -0.17611056566238403, 0.5054369568824768]","[-0.7203562259674072, 0.6971049904823303]",[],0.1,False,
0,6,6,"[-0.2558385133743286, -0.15350529551506042, 0.31716346740722656, 3.5559959411621094, 0.2684955596923828, 1.1581867933273315, -0.903760552406311, -0.6075296401977539]","[-0.865203320980072, 0.7198644280433655]",[],0.1,False,
0,6,7,"[0.05278073996305466, -0.14394041895866394, -0.8632456064224243, 2.9243202209472656, -0.4238128662109375, -0.7950908541679382, -0.2542243003845215, -0.5705738663673401]","[0.1722215861082077, -0.19623138010501862]",[],0.1,False,
0,6,8,"[-0.102353036403656, -0.05381891131401062, 1.0870256423950195, 3.002058267593384, 1.449878215789795, 0.739005982875824, -0.14414627850055695, 0.09078612923622131]","[-0.38017281889915466, -0.19945289194583893]",[],0.1,False,
0,6,9,"[-0.043050602078437805, 0.16001003980636597, 0.5521316528320312, 3.3211538791656494, -0.619389533996582, 0.3100984990596771, -0.28279078006744385, 0.7643924355506897]","[-0.8495482206344604, -0.7481087446212769]",[],0.1,False,
0,6,10,"[0.11349231749773026, 0.08532409369945526, -0.8619241714477539, 2.9123125076293945, 0.07631349563598633, -1.0063494443893433, -0.28679507970809937, 0.3036949038505554]","[0.2579914927482605, -0.5049194693565369]",[],0.1,False,
0,6,11,"[0.09442166239023209, 0.15783029794692993, 0.2808971405029297, 3.5918149948120117, -0.29287004470825195, -0.9138728976249695, -1.7375836372375488, 0.9999489188194275]","[-0.12692955136299133, 0.7995830178260803]",[],0.1,False,
0,7,0,"[0.25418153405189514, 0.264464408159256, 1.3325843811035156, 3.6844370365142822, 0.1220388412475586, 0.6922054886817932, -1.5888227224349976, 0.26256898045539856]","[0.4225355088710785, 0.9620155692100525]",[],0.1,False,
0,7,1,"[0.19000394642353058, 0.12299169600009918, -1.1694064140319824, 3.098706007003784, -0.9306035041809082, -1.4271774291992188, -0.8768749237060547, 1.0827120542526245]","[-0.8365456461906433, -0.1781385838985443]",[],0.1,False,
0,7,2,"[0.04303808510303497, -0.11603738367557526, -0.44737815856933594, 2.9348068237304688, -0.5430388450622559, 0.03201325237751007, -2.7895355224609375, -1.462615966796875]","[0.594444990158081, -0.19440703094005585]",[],0.1,False,
0,7,3,"[0.08724813908338547, -0.05280847102403641, -0.18584632873535156, 2.982015609741211, -0.43994665145874023, -0.573308527469635, -0.16172394156455994, -0.5641077756881714]","[0.9033294320106506, 0.32603493332862854]",[],0.1,False,
0,7,4,"[0.056139830499887466, -0.10527779906988144, -0.9127159118652344, 2.7781877517700195, -0.9561939239501953, -0.3284614086151123, -0.5000296831130981, -0.6791629195213318]","[0.5914760231971741, 0.20715631544589996]",[],0.1,False,
0,7,5,"[-0.07149244844913483, 0.24240931868553162, 1.1509382724761963, 3.754000663757324, -1.0496721267700195, -0.7018718719482422, 0.00018528103828430176, 0.7534313201904297]","[0.003776139346882701, 0.2698326110839844]",[],0.1,False,
0,7,6,"[-0.256306529045105, -0.09329122304916382, 0.4329824447631836, 3.4067602157592773, 0.20774173736572266, 1.1581867933273315, -1.8847600221633911, -0.6075296401977539]","[-0.1563349813222885, -0.6878255009651184]",[],0.1,False,
0,7,7,"[0.06732340157032013, -0.1610802859067917, -0.9488987326622009, 2.8976593017578125, -0.49506521224975586, -0.8787698745727539, -0.38098961114883423, -0.7698929309844971]","[-0.28855952620506287, 0.9875511527061462]",[],0.1,False,
0,7,8,"[-0.13518589735031128, -0.07114382088184357, 1.183779239654541, 3.028214931488037, 1.4484691619873047, 0.9135041236877441, -0.2536180019378662, 0.013711776584386826]","[-0.3978734314441681, 0.16959474980831146]",[],0.1,False,
0,7,9,"[-0.11625578254461288, 0.09566383063793182, 0.583141565322876, 3.2340147495269775, -0.5429501533508301, 0.3100984990596771, -1.2637903690338135, 0.7643924355506897]","[0.06970510631799698, 0.209378182888031]",[],0.1,False,
0,7,10,"[0.1365160346031189, 0.04211754351854324, -0.9659919738769531, 2.848200798034668, 0.10799837112426758, -1.1202480792999268, -0.607583224773407, 0.3478926122188568]","[-0.3027922809123993, 0.4333142638206482]",[],0.1,False,
0,7,11,"[0.082783542573452, 0.2258991003036499, 0.17127037048339844, 3.483755588531494, -0.1446371078491211, -1.1175585985183716, -0.9540477991104126, 1.5232529640197754]","[-0.032371554523706436, 0.9474080204963684]",[],0.1,False,
0,8,0,"[0.25418153405189514, 0.264464408159256, 1.4175186157226562, 3.4917306900024414, 0.1487593650817871, 1.1210590600967407, -1.9238553047180176, 0.2626831531524658]","[0.2780505120754242, 0.47043296694755554]",[],0.1,False,
0,8,1,"[0.11830805242061615, 0.10821831226348877, -1.327296257019043, 3.0149505138397217, -0.8103528022766113, -1.6894679069519043, -0.7071545124053955, 1.2918416261672974]","[-0.19203689694404602, -0.4964146018028259]",[],0.1,False,
0,8,2,"[0.09508262574672699, -0.13059143722057343, -0.46894073486328125, 2.871396064758301, -0.7411513328552246, -0.26939696073532104, -0.5952318906784058, -2.0509555339813232]","[0.46908262372016907, -0.8995858430862427]",[],0.1,False,
0,8,3,"[0.164926677942276, -0.02352728322148323, -0.2779808044433594, 3.0520195960998535, -0.5042357444763184, -0.7190423607826233, -0.2734798192977905, -0.5902849435806274]","[0.5732556581497192, -0.5026573538780212]",[],0.1,False,
0,8,4,"[0.1070813462138176, -0.08669568598270416, -0.9520988464355469, 2.7261037826538086, -1.031954288482666, -0.46621501445770264, -0.4218052625656128, -0.8258274793624878]","[-0.8168081641197205, -0.3208826184272766]",[],0.1,False,
0,8,5,"[-0.07151518017053604, 0.25151708722114563, 1.0892242193222046, 3.785310745239258, -0.9674434661865234, -0.625803530216217, -0.034836545586586, 0.8289482593536377]","[-0.6392700672149658, -0.7610383629798889]",[],0.1,False,
0,8,6,"[-0.2558808922767639, -0.15083672106266022, 0.6160268783569336, 3.3129634857177734, 0.11165380477905273, 1.704767107963562, -1.318242073059082, -0.8805307745933533]","[0.5887472629547119, -0.10915166884660721]",[],0.1,False,
0,8,7,"[0.04376336559653282, -0.07526374608278275, -1.0419918298721313, 2.8649497032165527, -0.5818123817443848, -0.9648829698562622, -0.22720904648303986, -0.9375762939453125]","[-0.4205276668071747, 0.47166210412979126]",[],0.1,False,
0,8,8,"[-0.16942927241325378, -0.05658237263560295, 1.2751293182373047, 2.943993330001831, 1.4498400688171387, 0.9135041236877441, -1.2346175909042358, 0.013711776584386826]","[-0.11769047379493713, 0.8448187112808228]",[],0.1,False,
0,8,9,"[-0.11034130305051804, 0.11375129967927933, 0.626226007938385, 3.1198043823242188, -0.4538698196411133, 0.6187888383865356, -0.3982221782207489, 1.0852904319763184]","[0.329984188079834, 0.7373468279838562]",[],0.1,False,
0,8,10,"[0.10971231013536453, 0.07915297150611877, -1.1010808944702148, 2.8409433364868164, 0.1543750762939453, -1.339432716369629, -0.37492385506629944, 0.46054235100746155]","[-0.03618336468935013, -0.516297459602356]",[],0.1,False,
0,8,11,"[0.07949890941381454, 0.2578178346157074, 0.03775787353515625, 3.471069812774658, 0.07955741882324219, -1.2104930877685547, -1.27008855342865, 1.7985053062438965]","[0.5799834728240967, -0.3411702513694763]",[],0.1,False,
0,9,0,"[0.25418153405189514, 0.264464408159256, 1.5494461059570312, 3.269118309020996, 0.17499780654907227, 1.4426183700561523, -2.432448148727417, 0.2622400224208832]","[0.0023206511978060007, -0.924796462059021]",[],0.1,False,
0,9,1,"[0.10149439424276352, 0.06540509313344955, -1.4962420463562012, 2.8853750228881836, -0.6811680793762207, -1.6894679069519043, -1.6881539821624756, 1.2918416261672974]","[0.17678222060203552, -0.6589930057525635]",[],0.1,False,
0,9,2,"[0.13863080739974976, -0.20546318590641022, -0.5122127532958984, 2.8250112533569336, -0.9648313522338867, -0.3524932563304901, -1.0426476001739502, -2.108231544494629]","[-0.02064986526966095, -0.9882071018218994]",[],0.1,False,
0,9,3,"[0.2146455943584442, -0.06571073085069656, -0.38779449462890625, 3.072511672973633, -0.5720734596252441, -0.9151883125305176, -0.5140109062194824, -0.6335470676422119]","[-0.24562154710292816, 0.1784074306488037]",[],0.1,False,
0,9,4,"[0.03666646406054497, -0.11534379422664642, -1.0127487182617188, 2.742001533508301, -1.134467601776123, -0.5828158259391785, -0.27678030729293823, -0.9860237240791321]","[0.9347859621047974, -0.41697412729263306]",[],0.1,False,
0,9,5,"[-0.12242476642131805, 0.1846550554037094, 1.0266441106796265, 3.7229671478271484, -0.8845477104187012, -0.625803530216217, -1.0158361196517944, 0.8289482593536377]","[-0.9583660364151001, 0.38569626212120056]",[],0.1,False,
0,9,6,"[-0.20634552836418152, -0.15898670256137848, 0.7880172729492188, 3.127861976623535, 0.022811412811279297, 1.7801079750061035, -2.0198259353637695, -0.9196153283119202]","[-0.6716620922088623, 0.5049450397491455]",[],0.1,False,
0,9,7,"[0.007795207668095827, -0.033613692969083786, -1.1438978910446167, 2.938467502593994, -0.6889095306396484, -0.9911860227584839, -0.08264055848121643, -1.009556531906128]","[-0.6431627869606018, -0.4960200786590576]",[],0.1,False,
0,9,8,"[-0.1789175122976303, 0.016038263216614723, 1.3664793968200684, 2.761671781539917, 1.4512109756469727, 0.9135041236877441, -2.2156171798706055, 0.013711776584386826]","[0.8426929116249084, 0.9199801087379456]",[],0.1,False,
0,9,9,"[-0.08187512308359146, 0.17710332572460175, 0.7222635746002197, 3.222337484359741, -0.28944826126098633, 0.6967413425445557, -0.5754674673080444, 1.2091392278671265]","[0.172620490193367, 0.42288053035736084]",[],0.1,False,
0,9,10,"[0.10735601931810379, 0.03438999503850937, -1.2431669235229492, 2.792600631713867, 0.20437955856323242, -1.4990859031677246, -0.3991686999797821, 0.5331831574440002]","[-0.05417591705918312, -0.9215713739395142]",[],0.1,False,
0,9,11,"[0.1285405158996582, 0.22969964146614075, -0.08857154846191406, 3.3181233406066895, 0.2701888084411621, -1.3429014682769775, -1.4818511009216309, 2.068420648574829]","[0.6233775615692139, -0.11403702199459076]",[],0.1,False,
0,10,0,"[0.25923264026641846, 0.18883731961250305, 1.7121467590332031, 2.9947781562805176, 0.20120000839233398, 1.7495633363723755, -2.9501335620880127, 0.2618751525878906]","[0.7221842408180237, 0.18605250120162964]",[],0.1,False,
0,10,1,"[0.1162041500210762, 0.008147223852574825, -1.6716833114624023, 2.6954541206359863, -0.5512733459472656, -2.013282299041748, -0.7812167406082153, 1.3274489641189575]","[0.15383878350257874, -0.7638596892356873]",[],0.1,False,
0,10,2,"[0.13888885080814362, -0.25531914830207825, -0.5645828247070312, 2.7252769470214844, -1.2015810012817383, -0.46525639295578003, -1.4739481210708618, -2.2836759090423584]","[-0.21563978493213654, -0.7332891225814819]",[],0.1,False,
0,10,3,"[0.19351136684417725, -0.050752002745866776, -0.48799896240234375, 2.9950408935546875, -0.6384716033935547, -1.1155728101730347, -0.7881932258605957, -0.6943517327308655]","[0.17023544013500214, 0.5290006995201111]",[],0.1,False,
0,10,4,"[0.11772307008504868, -0.15032567083835602, -1.0710325241088867, 2.655463218688965, -1.2330703735351562, -0.5828158259391785, -1.257779836654663, -0.9860237240791321]","[0.03539354354143143, -0.485585480928421]",[],0.1,False,
0,10,5,"[-0.20519691705703735, 0.21195432543754578, 0.964063823223114, 3.56252384185791, -0.8016519546508789, -0.625803530216217, -1.9968355894088745, 0.8289482593536377]","[-0.32254064083099365, -0.5060250759124756]",[],0.1,False,
0,10,6,"[-0.252105712890625, -0.1174999549984932, 1.0021944046020508, 2.96097469329834, -0.09478473663330078, 2.22538161277771, -1.8282047510147095, -1.225105881690979]","[-0.8607081174850464, 0.5520691275596619]",[],0.1,False,
0,10,7,"[-0.04897378385066986, -0.0758475661277771, -1.2342838048934937, 3.0458149909973145, -0.8077654838562012, -0.9446833729743958, -0.06761676073074341, -1.0796409845352173]","[0.37089598178863525, 0.19162093102931976]",[],0.1,False,
0,10,8,"[-0.1044558733701706, 0.09386337548494339, 1.4644131660461426, 2.5277135372161865, 1.4586057662963867, 1.2415119409561157, -0.8729596138000488, 0.3136945962905884]","[-0.12145338207483292, -0.4049247205257416]",[],0.1,False,
0,10,9,"[-0.06679873168468475, 0.21306511759757996, 0.8139063715934753, 3.2624144554138184, -0.1081399917602539, 0.7764608263969421, -0.7702739238739014, 1.4300898313522339]","[-0.07880032807588577, 0.6744944453239441]",[],0.1,False,
0,10,10,"[0.10351238399744034, -0.045613959431648254, -1.410715103149414, 2.7996811866760254, 0.2552618980407715, -1.642323613166809, -0.30092930793762207, 0.5099906325340271]","[-0.17023052275180817, 0.17695151269435883]",[],0.1,False,
0,10,11,"[0.18080370128154755, 0.21993102133274078, -0.25137901306152344, 3.212763786315918, 0.5166110992431641, -1.4740581512451172, -1.7391326427459717, 2.2485058307647705]","[-0.38403749465942383, 0.9814919233322144]",[],0.1,False,
0,11,0,"[0.25835126638412476, 0.20416702330112457, 1.9043254852294922, 2.6707191467285156, 0.22717571258544922, 2.032607316970825, -3.4274308681488037, 0.2576717734336853]","[-0.22004768252372742, -0.39265358448028564]",[],0.1,False,
0,11,1,"[0.12832167744636536, -0.05818675085902214, -1.876448631286621, 2.582463026046753, -0.41953325271606445, -2.148606061935425, -0.9169450998306274, 1.2753548622131348]","[-0.7463113069534302, -0.1901634931564331]",[],0.1,False,
0,11,2,"[0.12087142467498779, -0.2559247612953186, -0.6187114715576172, 2.559260368347168, -1.444214105606079, -0.608152449131012, -1.7205687761306763, -2.5537216663360596]","[0.4637903571128845, -0.04005323722958565]",[],0.1,False,
0,11,3,"[0.20720568299293518, -0.0053108977153897285, -0.6467676162719727, 2.990229606628418, -0.7128396034240723, -1.4431138038635254, -0.6408703327178955, -0.726201057434082]","[-0.3920464515686035, 0.7906925082206726]",[],0.1,False,
0,11,4,"[0.12128132581710815, -0.19171959161758423, -1.132242202758789, 2.491217613220215, -1.3361718654632568, -0.728294849395752, -1.2184284925460815, -1.209682583808899]","[-0.0160602405667305, 0.837672233581543]",[],0.1,False,
0,11,5,"[-0.22878248989582062, 0.1677931845188141, 0.901483416557312, 3.303980827331543, -0.7187561988830566, -0.625803530216217, -2.977835178375244, 0.8289482593536377]","[-0.2212246209383011, -0.395114004611969]",[],0.1,False,
0,11,6,"[-0.2521725594997406, -0.0711069330573082, 1.2340373992919922, 2.747407913208008, -0.2205805778503418, 2.5258195400238037, -1.9611196517944336, -1.3230339288711548]","[-0.5111522078514099, 0.638485848903656]",[],0.1,False,
0,11,7,"[-0.016430005431175232, -0.05972006916999817, -1.3287522792816162, 2.980193614959717, -0.9157285690307617, -0.9446833729743958, -1.0486162900924683, -1.0796409845352173]","[0.39070504903793335, 0.7388378381729126]",[],0.1,False,
0,11,8,"[-0.11589699983596802, 0.05915424972772598, 1.6156983375549316, 2.530573844909668, 1.5118093490600586, 1.474896788597107, -0.4104785621166229, 0.5042009353637695]","[0.23224972188472748, -0.27563345432281494]",[],0.1,False,
0,11,9,"[-0.07287661731243134, 0.25878289341926575, 0.9129113554954529, 3.2953102588653564, 0.11496591567993164, 0.8355175256729126, -1.0957061052322388, 1.6502071619033813]","[-0.9992412328720093, -0.5688404440879822]",[],0.1,False,
0,11,10,"[0.08863317966461182, -0.03035295568406582, -1.587808609008789, 2.785053253173828, 0.30245018005371094, -1.7945078611373901, -0.2951704263687134, 0.46504491567611694]","[-0.1675270050764084, 0.695777952671051]",[],0.1,False,
0,11,11,"[0.14896556735038757, 0.25278958678245544, -0.41587257385253906, 3.036402702331543, 0.7655744552612305, -1.5265145301818848, -2.388080358505249, 2.322751522064209]","[0.8179534077644348, -0.1815325766801834]",[],0.1,False,
0,12,0,"[0.24201610684394836, 0.1706046462059021, 2.146730422973633, 2.332685947418213, 0.2508835792541504, 2.2257468700408936, -4.067289352416992, 0.25322481989860535]","[0.2520882785320282, 0.921211838722229]",[],0.1,False,
0,12,1,"[0.06324071437120438, -0.07306241989135742, -2.1352996826171875, 2.7301628589630127, -0.3336954116821289, -2.3312532901763916, -0.1301099956035614, 1.0495280027389526]","[-0.5560603141784668, 0.8087141513824463]",[],0.1,False,
0,12,2,"[0.1595616489648819, -0.2545104920864105, -0.6946506500244141, 2.3907699584960938, -1.7238287925720215, -0.7731192708015442, -1.9246652126312256, -2.8085155487060547]","[-0.4194175601005554, -0.2780950367450714]",[],0.1,False,
0,12,3,"[0.17156852781772614, 0.06142484396696091, -0.8414382934570312, 3.0174789428710938, -0.774507999420166, -1.7246078252792358, -0.5199172496795654, -0.6620994210243225]","[-0.4307190775871277, 0.1278008222579956]",[],0.1,False,
0,12,4,"[0.11884459108114243, -0.1200922504067421, -1.244938850402832, 2.4891719818115234, -1.5074353218078613, -1.024865984916687, -0.6516205668449402, -1.5922225713729858]","[0.8154772520065308, 0.4136437475681305]",[],0.1,False,
0,12,5,"[-0.24423642456531525, 0.13319553434848785, 0.9192304015159607, 3.1773881912231445, -0.5943713188171387, 0.17693263292312622, -1.6579058170318604, 1.2434675693511963]","[0.8685839176177979, 0.19344691932201385]",[],0.1,False,
0,12,6,"[-0.2515202462673187, -0.01725327968597412, 1.5184135437011719, 2.5780467987060547, -0.3572831153869629, 2.9150519371032715, -1.6646384000778198, -1.3513206243515015]","[0.6228146553039551, 0.8297489881515503]",[],0.1,False,
0,12,7,"[0.018613601103425026, 0.0041854288429021835, -1.4253367185592651, 2.955615520477295, -1.0311784744262695, -0.9713125228881836, -0.027101770043373108, -1.173704981803894]","[-0.3984664976596832, -0.8610239028930664]",[],0.1,False,
0,12,8,"[-0.09634776413440704, 0.03478054702281952, 1.792348861694336, 2.59220552444458, 1.5757246017456055, 1.6147559881210327, -0.35620546340942383, 0.568909764289856]","[0.32811853289604187, -0.39212748408317566]",[],0.1,False,
0,12,9,"[-0.15678095817565918, 0.21097372472286224, 0.9964630603790283, 3.1268796920776367, 0.2799873352050781, 0.8355175256729126, -2.0767056941986084, 1.6502071619033813]","[0.46718186140060425, -0.5671412944793701]",[],0.1,False,
0,12,10,"[0.07347861677408218, 0.03002510778605938, -1.7743701934814453, 2.753732681274414, 0.34964704513549805, -1.9052120447158813, -0.3111608028411865, 0.47928357124328613]","[-0.5761253833770752, 0.8046295642852783]",[],0.1,False,
0,12,11,"[0.21673709154129028, 0.23724259436130524, -0.6054477691650391, 2.8737435340881348, 1.045560359954834, -1.6966791152954102, -2.314189910888672, 2.5490851402282715]","[-0.5191285014152527, -0.35512837767601013]",[],0.1,False,
0,13,0,"[0.2497529536485672, 0.24715110659599304, 2.3784351348876953, 1.8835822343826294, 0.2760639190673828, 2.537766456604004, -4.485023498535156, 0.24577373266220093]","[-0.6425736546516418, -0.623536229133606]",[],0.1,False,
0,13,1,"[0.016791492700576782, -0.0012825261801481247, -2.3866734504699707, 2.909695863723755, -0.24205970764160156, -2.390732765197754, -0.07659007608890533, 1.0119061470031738]","[0.32268181443214417, -0.08640401810407639]",[],0.1,False,
0,13,2,"[0.12458276748657227, -0.2558075487613678, -0.7784461975097656, 2.1844253540039062, -2.01286244392395, -0.9037637114524841, -2.0201475620269775, -2.97444224357605]","[-0.7275317907333374, 0.38355109095573425]",[],0.1,False,
0,13,3,"[0.13409873843193054, 0.07096495479345322, -1.0382556915283203, 2.9929022789001465, -0.8318386077880859, -1.9826334714889526, -0.4489165246486664, -0.5648764371871948]","[0.20957979559898376, 0.22611813247203827]",[],0.1,False,
0,13,4,"[0.18777741491794586, -0.08289932459592819, -1.3686199188232422, 2.440985679626465, -1.679926872253418, -1.2232122421264648, -0.7776886224746704, -1.7071866989135742]","[0.9169623851776123, 0.9919289350509644]",[],0.1,False,
0,13,5,"[-0.17261983454227448, 0.1559472531080246, 0.9904024004936218, 3.0990428924560547, -0.4397130012512207, 0.822120726108551, -0.8280899524688721, 1.6092164516448975]","[0.2665819525718689, 0.562138557434082]",[],0.1,False,
0,13,6,"[-0.19664010405540466, 0.05195755511522293, 1.863572120666504, 2.546327590942383, -0.47296667098999023, 2.997187376022339, -1.1018058061599731, -1.1408201456069946]","[-0.9289534687995911, 0.5132402181625366]",[],0.1,False,
0,13,7,"[-0.017262177541851997, -0.07036219537258148, -1.5222649574279785, 2.9253487586975098, -1.151078224182129, -0.9560960531234741, -0.140854150056839, -1.2470067739486694]","[-0.580478310585022, -0.47924044728279114]",[],0.1,False,
0,13,8,"[-0.06857757270336151, 5.155057442607358e-05, 1.9876933097839355, 2.739244222640991, 1.6392135620117188, 1.7143323421478271, -0.23849104344844818, 0.5859202742576599]","[0.21444743871688843, 0.9122397899627686]",[],0.1,False,
0,13,9,"[-0.11655831336975098, 0.163325235247612, 1.0800150632858276, 2.860349416732788, 0.4450087547302246, 0.8355175256729126, -3.0577051639556885, 1.6502071619033813]","[0.10324007272720337, 0.8655559420585632]",[],0.1,False,
0,13,10,"[0.02229052409529686, 0.09926176816225052, -1.9768075942993164, 2.884550094604492, 0.42599058151245117, -1.903709053993225, -0.19455377757549286, 0.5694406628608704]","[-0.2657962441444397, -0.6414250135421753]",[],0.1,False,
0,13,11,"[0.17306578159332275, 0.20828834176063538, -0.7791118621826172, 2.6018333435058594, 1.3050718307495117, -1.895470142364502, -2.375825881958008, 2.7781214714050293]","[-0.0965123102068901, 0.659947395324707]",[],0.1,False,
0,14,0,"[0.20060046017169952, 0.1916191130876541, 2.6665382385253906, 1.4309462308883667, 0.2973766326904297, 2.565131902694702, -5.418814659118652, 0.24449633061885834]","[-0.3435496389865875, -0.3614973723888397]",[],0.1,False,
0,14,1,"[0.04471905156970024, -0.009585888125002384, -2.6257476806640625, 2.84317684173584, -0.1408700942993164, -2.390732765197754, -1.0575896501541138, 1.0119061470031738]","[0.7744578719139099, -0.4070616662502289]",[],0.1,False,
0,14,2,"[0.06256134063005447, -0.2250056266784668, -0.8877067565917969, 2.081244468688965, -2.3534626960754395, -0.9567616581916809, -1.6174495220184326, -3.0256381034851074]","[-0.41707631945610046, -0.23001737892627716]",[],0.1,False,
0,14,3,"[0.15130829811096191, 0.09116227179765701, -1.2590017318725586, 2.986665725708008, -0.8731846809387207, -2.1375491619110107, -0.568226158618927, -0.45210209488868713]","[-0.5443040728569031, -0.20752166211605072]",[],0.1,False,
0,14,4,"[0.2616710662841797, 0.004450600128620863, -1.6206121444702148, 2.592365264892578, -1.8519859313964844, -1.4212900400161743, -0.7587018609046936, -1.613594651222229]","[0.8034799098968506, 0.3848930895328522]",[],0.1,False,
0,14,5,"[-0.1536027193069458, 0.20509874820709229, 1.12777841091156, 3.122622489929199, -0.22563934326171875, 0.9614554643630981, -1.1043834686279297, 1.7278053760528564]","[-0.419054239988327, -0.42846059799194336]",[],0.1,False,
0,14,6,"[-0.25790777802467346, 0.09760784357786179, 2.1757097244262695, 2.425029754638672, -0.5775723457336426, 3.016228437423706, -1.4826539754867554, -1.016837477684021]","[-0.7900301218032837, -0.7389713525772095]",[],0.1,False,
0,14,7,"[-0.06837184727191925, -0.11110664904117584, -1.5991071462631226, 3.0345382690429688, -1.3041439056396484, -0.862872838973999, -0.17514094710350037, -1.3289188146591187]","[0.8585731387138367, 0.6107966899871826]",[],0.1,False,
0,14,8,"[-0.04804997891187668, 0.07899730652570724, 2.159125804901123, 2.6565351486206055, 1.6978049278259277, 1.7143323421478271, -1.2194905281066895, 0.5859202742576599]","[0.41208019852638245, 0.5979093909263611]",[],0.1,False,
0,14,9,"[-0.10832864791154861, 0.23690174520015717, 1.2189276218414307, 2.7962498664855957, 0.7026429176330566, 1.2336527109146118, -1.503159761428833, 2.2754452228546143]","[0.91368567943573, 0.35634878277778625]",[],0.1,False,
0,14,10,"[0.00022370307124219835, 0.04301689192652702, -2.1736841201782227, 2.9649181365966797, 0.5029582977294922, -1.9554575681686401, -0.05661158263683319, 0.68373703956604]","[-0.7597790360450745, -0.3724581301212311]",[],0.1,False,
0,14,11,"[0.16537883877754211, 0.25250181555747986, -0.9708347320556641, 2.3617544174194336, 1.5841293334960938, -1.9307341575622559, -2.424314260482788, 2.81194806098938]","[-0.44408896565437317, 0.58174067735672]",[],0.1,False,
0,15,0,"[0.17392972111701965, 0.15908968448638916, 2.9295730590820312, 0.8392347097396851, 0.32112693786621094, 2.565131902694702, -6.399814128875732, 0.24449633061885834]","[0.5952336192131042, -0.5162282586097717]",[],0.1,False,
0,15,1,"[0.1110403910279274, -0.04682553932070732, -2.8648219108581543, 2.678558111190796, -0.03968048095703125, -2.390732765197754, -2.0385892391204834, 1.0119061470031738]","[-0.19557292759418488, 0.9475266337394714]",[],0.1,False,
0,15,2,"[0.027466118335723877, -0.24499142169952393, -0.9839153289794922, 1.912693977355957, -2.662865161895752, -0.9493257999420166, -1.74297297000885, -3.1094393730163574]","[-0.49731382727622986, -0.07195992767810822]",[],0.1,False,
0,15,3,"[0.10520513355731964, 0.07120960205793381, -1.4857988357543945, 2.930785655975342, -0.9119420051574707, -2.356938362121582, -0.44190099835395813, -0.32590967416763306]","[-0.22490358352661133, 0.48992615938186646]",[],0.1,False,
0,15,4,"[0.2596401870250702, 0.03680470958352089, -1.863637924194336, 2.6424503326416016, -2.004340171813965, -1.7995926141738892, -0.8372805714607239, -1.616891622543335]","[-0.5330328941345215, -0.4901261329650879]",[],0.1,False,
0,15,5,"[-0.1861271858215332, 0.16641424596309662, 1.223923683166504, 2.953324317932129, -0.05285978317260742, 0.9614554643630981, -2.0853829383850098, 1.7278053760528564]","[-0.9130008220672607, -0.2958717942237854]",[],0.1,False,
0,15,6,"[-0.2600518763065338, 0.035519037395715714, 2.4773330688476562, 2.2179040908813477, -0.679255485534668, 3.016228437423706, -2.463653564453125, -1.016837477684021]","[-0.3763106167316437, 0.09309878200292587]",[],0.1,False,
0,15,7,"[0.006932297721505165, -0.05914231762290001, -1.6853944063186646, 2.9581642150878906, -1.4370360374450684, -0.862872838973999, -1.1561404466629028, -1.3289188146591187]","[-0.21163834631443024, 0.33919423818588257]",[],0.1,False,
0,15,8,"[-0.010804349556565285, 0.1298266500234604, 2.3358073234558105, 2.594830274581909, 1.7780208587646484, 1.7877943515777588, -0.26739704608917236, 0.9083774089813232]","[0.6004539728164673, 0.7231232523918152]",[],0.1,False,
0,15,9,"[-0.031189462170004845, 0.2542686462402344, 1.3644201755523682, 2.7820544242858887, 1.0254640579223633, 1.2919704914093018, -1.5322333574295044, 2.5689752101898193]","[0.5462656617164612, -0.014244681224226952]",[],0.1,False,
0,15,10,"[-0.06530235707759857, 0.00919017568230629, -2.3716983795166016, 3.2228031158447266, 0.5848326683044434, -1.8436307907104492, -0.27594175934791565, 0.6821873188018799]","[0.41775453090667725, -0.2318751960992813]",[],0.1,False,
0,15,11,"[0.1283176988363266, 0.25244396924972534, -1.1652679443359375, 2.15079402923584, 1.8721108436584473, -1.933405876159668, -2.2243247032165527, 2.877332925796509]","[0.5899343490600586, 0.4773559272289276]",[],0.1,False,
0,16,0,"[0.2058119922876358, 0.13497023284435272, 3.043649673461914, 0.5872224569320679, 0.32981395721435547, 2.8081448078155518, -6.458216190338135, 0.22521041333675385]",,,-1.0,True,
1,0,0,"[0.04422084987163544, -0.07511098682880402, 1.2710590362548828, 3.9960761070251465, 0.9111905097961426, 0.0, -0.1961999237537384, 0.0]","[-0.14085155725479126, -0.4496534764766693]",[],0.1,False,
1,0,1,"[0.047610364854335785, 0.0022797496058046818, 1.1417722702026367, 3.9960761070251465, 0.3549680709838867, 0.0, -0.1961999237537384, 0.0]","[-0.8304377794265747, 0.843398928642273]",[],0.1,False,
1,0,2,"[0.04259251430630684, 0.02628014236688614, -0.6708488464355469, 3.9960756301879883, 1.00081205368042, 0.0, -0.1961999237537384, 0.0]","[0.4075140953063965, -0.8228949904441833]",[],0.1,False,
1,0,3,"[-0.008508771657943726, 0.01014167070388794, 0.10732650756835938, 3.9960761070251465, -1.2046113014221191, 0.0, -0.1961999237537384, 0.0]","[-0.10807573050260544, 0.5619269013404846]",[],0.1,False,
1,0,4,"[-0.02060166373848915, -0.03025735914707184, 1.1031494140625, 3.9960756301879883, 1.141749382019043, 0.0, -0.1961999237537384, 0.0]","[-0.9489865899085999, 0.12752799689769745]",[],0.1,False,
1,0,5,"[-0.01282997615635395, 0.02609662152826786, 0.3303356170654297, 3.9960756301879883, 0.7021465301513672, 0.0, -0.1961999237537384, 0.0]","[0.4864669740200043, 0.35286253690719604]",[],0.1,False,
1,0,6,"[-0.04448286071419716, -0.060852278023958206, 1.4562702178955078, 3.9960756301879883, -0.9430956840515137, 0.0, -0.1961999237537384, 0.0]","[-0.2990034222602844, 0.5258548855781555]",[],0.1,False,
1,0,7,"[0.08127095550298691, 0.02870089001953602, 1.135271430015564, 3.9960761070251465, 0.08515644073486328, 0.0, -0.1961999237537384, 0.0]","[0.753029465675354, 0.5585908889770508]",[],0.1,False,
1,0,8,"[0.03803225979208946, -0.011964683420956135, -0.5692367553710938, 3.9960761070251465, 0.6279177665710449, 0.0, -0.1961999237537384, 0.0]","[-0.8841664791107178, 0.6550790667533875]",[],0.1,False,
1,0,9,"[-0.05307958275079727, -0.05122656747698784, -0.9153285026550293, 3.9960761070251465, 0.2929353713989258, 0.0, -0.1961999237537384, 0.0]","[-0.22619284689426422, -0.043988186866045]",[],0.1,False,
1,0,10,"[0.027250749990344048, -0.07822176814079285, 0.2982168197631836, 3.9960761070251465, -1.2893686294555664, 0.0, -0.1961999237537384, 0.0]","[0.513975203037262, 0.7669650912284851]",[],0.1,False,
1,0,11,"[-0.04088848829269409, 0.08196400105953217, -0.7413902282714844, 3.9960761070251465, -0.5952320098876953, 0.0, -0.1961999237537384, 0.0]","[0.34706223011016846, 0.2642180323600769]",[],0.1,False,
1,1,0,"[0.03206578642129898, -0.11417152732610703, 1.2710590362548828, 3.9175961017608643, 0.9111905097961426, 0.0, -1.1771994829177856, 0.0]","[-0.03794358670711517, -0.33247989416122437]",[],0.1,False,
1,1,1,"[-0.02489103190600872, 0.07570715993642807, 1.1417722702026367, 3.9175961017608643, 0.3549680709838867, 0.0, -1.1771994829177856, 0.0]","[-0.19164283573627472, 0.5395205020904541]",[],0.1,False,
1,1,2,"[0.07783155888319016, -0.04546934738755226, -0.6708488464355469, 3.917595863342285, 1.00081205368042, 0.0, -1.1771994829177856, 0.0]","[0.2909630537033081, -0.9727805256843567]",[],0.1,False,
1,1,3,"[-0.017922645434737206, 0.05914155766367912, 0.10732650756835938, 3.9175963401794434, -1.2046113014221191, 0.0, -1.1771994829177856, 0.0]","[0.659864604473114, 0.5628764629364014]",[],0.1,False,
1,1,4,"[-0.1031840518116951, -0.019025634974241257, 1.1031494140625, 3.917595863342285, 1.141749382019043, 0.0, -1.1771994829177856, 0.0]","[0.9037195444107056, 0.44729918241500854]",[],0.1,False,
1,1,5,"[0.029594391584396362, 0.05684896558523178, 0.3303356170654297, 3.917595863342285, 0.7021465301513672, 0.0, -1.1771994829177856, 0.0]","[-0.42865413427352905, -0.25751635432243347]",[],0.1,False,
1,1,6,"[-0.07028084248304367, -0.014966681599617004, 1.4562702178955078, 3.917595863342285, -0.9430956840515137, 0.0, -1.1771994829177856, 0.0]","[0.836958646774292, 0.9920744299888611]",[],0.1,False,
1,1,7,"[0.14647912979125977, 0.07697027176618576, 1.135271430015564, 3.9175963401794434, 0.08515644073486328, 0.0, -1.1771994829177856, 0.0]","[-0.8614428639411926, 0.45469337701797485]",[],0.1,False,
1,1,8,"[-0.03918829187750816, 0.045043688267469406, -0.5692367553710938, 3.9175961017608643, 0.6279177665710449, 0.0, -1.1771994829177856, 0.0]","[0.1703508049249649, -0.3556567430496216]",[],0.1,False,
1,1,9,"[-0.07276367396116257, -0.05499006807804108, -0.9153285026550293, 3.9175961017608643, 0.2929353713989258, 0.0, -1.1771994829177856, 0.0]","[0.1467171460390091, 0.28685349225997925]",[],0.1,False,
1,1,10,"[0.07163485884666443, -0.011272049508988857, 0.2982168197631836, 3.9175963401794434, -1.2893686294555664, 0.0, -1.1771994829177856, 0.0]","[-0.6790028810501099, 0.04543474689126015]",[],0.1,False,
1,1,11,"[-0.010757285170257092, 0.10494612902402878, -0.7413902282714844, 3.9175963401794434, -0.5952320098876953, 0.0, -1.1771994829177856, 0.0]","[0.5729969143867493, 0.9291690587997437]",[],0.1,False,
1,2,0,"[0.02878500148653984, -0.14293159544467926, 1.2710590362548828, 3.741016387939453, 0.9111905097961426, 0.0, -2.1581990718841553, 0.0]","[0.13889504969120026, -0.7281865477561951]",[],0.1,False,
1,2,1,"[-0.04165251553058624, 0.12247961759567261, 1.1417722702026367, 3.741016387939453, 0.3549680709838867, 0.0, -2.1581990718841553, 0.0]","[0.130369633436203, -0.06940460205078125]",[],0.1,False,
1,2,2,"[0.10231248289346695, -0.12983517348766327, -0.6708488464355469, 3.741016387939453, 1.00081205368042, 0.0, -2.1581990718841553, 0.0]","[0.8440096974372864, -0.8659681677818298]",[],0.1,False,
1,2,3,"[0.03960272669792175, 0.10793263465166092, 0.10732650756835938, 3.741016387939453, -1.2046113014221191, 0.0, -2.1581990718841553, 0.0]","[-0.3241194784641266, -0.988207221031189]",[],0.1,False,
1,2,4,"[-0.024346178397536278, 0.019625946879386902, 1.1031494140625, 3.741016387939453, 1.141749382019043, 0.0, -2.1581990718841553, 0.0]","[-0.07473920285701752, 0.6496043801307678]",[],0.1,False,
1,2,5,"[-0.00775976711884141, 0.03439980745315552, 0.3303356170654297, 3.741016387939453, 0.7021465301513672, 0.0, -2.1581990718841553, 0.0]","[0.3919830620288849, -0.5675137639045715]",[],0.1,False,
1,2,6,"[0.0034160998184233904, 0.07088645547628403, 1.4562702178955078, 3.741016387939453, -0.9430956840515137, 0.0, -2.1581990718841553, 0.0]","[0.002068903995677829, -0.030141422525048256]",[],0.1,False,
1,2,7,"[0.07180339843034744, 0.11576171219348907, 1.135271430015564, 3.741016387939453, 0.08515644073486328, 0.0, -2.1581990718841553, 0.0]","[-0.9178305268287659, -0.01187885832041502]",[],0.1,False,
1,2,8,"[-0.02427767403423786, 0.014064649119973183, -0.5692367553710938, 3.741016387939453, 0.6279177665710449, 0.0, -2.1581990718841553, 0.0]","[-0.1700839102268219, 0.7202610969543457]",[],0.1,False,
1,2,9,"[-0.05990278348326683, -0.0300836730748415, -0.9153285026550293, 3.741016387939453, 0.2929353713989258, 0.0, -2.1581990718841553, 0.0]","[-0.9591940641403198, 0.11968501657247543]",[],0.1,False,
1,2,10,"[0.012416593730449677, -0.007760774809867144, 0.2982168197631836, 3.741016387939453, -1.2893686294555664, 0.0, -2.1581990718841553, 0.0]","[-0.2746964991092682, -0.8324820399284363]",[],0.1,False,
1,2,11,"[0.0390702560544014, 0.1849571019411087, -0.7413902282714844, 3.741016387939453, -0.5952320098876953, 0.0, -2.1581990718841553, 0.0]","[-0.006402767263352871, 0.1308697909116745]",[],0.1,False,
1,3,0,"[0.040696170181035995, -0.20545777678489685, 1.3080596923828125, 3.7486472129821777, 0.8247895240783691, 0.7500699758529663, -0.21854212880134583, -0.6440648436546326]","[0.5106430053710938, 0.34921976923942566]",[],0.1,False,
1,3,1,"[-0.030354969203472137, 0.11649086326360703, 1.1417722702026367, 3.466336488723755, 0.3549680709838867, 0.0, -3.1391985416412354, 0.0]","[0.4773094356060028, 0.9622436761856079]",[],0.1,False,
1,3,2,"[0.17350995540618896, -0.20423166453838348, -0.7295665740966797, 3.6230993270874023, 0.908320426940918, -0.8024214506149292, -1.0112502574920654, -1.5136322975158691]","[-0.004677073564380407, 0.7903767228126526]",[],0.1,False,
1,3,3,"[0.011076033115386963, 0.02204124815762043, 0.10732650756835938, 3.466336727142334, -1.2046113014221191, 0.0, -3.1391985416412354, 0.0]","[0.29074132442474365, -0.6441205143928528]",[],0.1,False,
1,3,4,"[-0.03053480014204979, 0.07625480741262436, 1.1031494140625, 3.466336250305176, 1.141749382019043, 0.0, -3.1391985416412354, 0.0]","[0.23780116438865662, 0.39660322666168213]",[],0.1,False,
1,3,5,"[0.026448938995599747, -0.015099209733307362, 0.3303356170654297, 3.466336250305176, 0.7021465301513672, 0.0, -3.1391985416412354, 0.0]","[0.05450941622257233, -0.25739172101020813]",[],0.1,False,
1,3,6,"[0.0035689575597643852, 0.06826066970825195, 1.4562702178955078, 3.466336250305176, -0.9430956840515137, 0.0, -3.1391985416412354, 0.0]","[-0.4649970233440399, -0.13884946703910828]",[],0.1,False,
1,3,7,"[-0.007670368067920208, 0.11337742209434509, 1.135271430015564, 3.466336727142334, 0.08515644073486328, 0.0, -3.1391985416412354, 0.0]","[0.05051089823246002, -0.9765610098838806]",[],0.1,False,
1,3,8,"[-0.03919554501771927, 0.07678339630365372, -0.5692367553710938, 3.466336488723755, 0.6279177665710449, 0.0, -3.1391985416412354, 0.0]","[-0.4131569564342499, -0.6677924394607544]",[],0.1,False,
1,3,9,"[-0.14305445551872253, -0.019199682399630547, -0.9153285026550293, 3.466336488723755, 0.2929353713989258, 0.0, -3.1391985416412354, 0.0]","[-0.7023653984069824, 0.3224422335624695]",[],0.1,False,
1,3,10,"[-0.011029480956494808, -0.08048601448535919, 0.2982168197631836, 3.466336727142334, -1.2893686294555664, 0.0, -3.1391985416412354, 0.0]","[0.5953676104545593, -0.42954444885253906]",[],0.1,False,
1,3,11,"[0.038586098700761795, 0.19616258144378662, -0.7413902282714844, 3.466336727142334, -0.5952320098876953, 0.0, -3.1391985416412354, 0.0]","[0.6057461500167847, 0.14415091276168823]",[],0.1,False,
1,4,0,"[0.08415647596120834, -0.17541982233524323, 1.3771190643310547, 3.763920307159424, 0.7271847724914551, 0.7056863307952881, -0.21265822649002075, -0.9213119745254517]","[0.5020819306373596, 0.0563170462846756]",[],0.1,False,
1,4,1,"[0.011038955301046371, 0.19929033517837524, 1.1417722702026367, 3.0935568809509277, 0.3549680709838867, 0.0, -4.1201982498168945, 0.0]","[0.3715032935142517, 0.2681027948856354]",[],0.1,False,
1,4,2,"[0.17344844341278076, -0.13734695315361023, -0.8098087310791016, 3.4631147384643555, 0.7569580078125, -0.8024214506149292, -1.9922497272491455, -1.5136322975158691]","[0.5351765751838684, 0.5115079283714294]",[],0.1,False,
1,4,3,"[0.03616800904273987, -0.03425675258040428, 0.10732650756835938, 3.0935568809509277, -1.2046113014221191, 0.0, -4.1201982498168945, 0.0]","[0.4074864387512207, 0.8820549249649048]",[],0.1,False,
1,4,4,"[-0.009602038189768791, 0.11054709553718567, 1.1031494140625, 3.0935564041137695, 1.141749382019043, 0.0, -4.1201982498168945, 0.0]","[-0.6332849860191345, 0.6929985880851746]",[],0.1,False,
1,4,5,"[0.031190136447548866, -0.03754511475563049, 0.3303356170654297, 3.0935564041137695, 0.7021465301513672, 0.0, -4.1201982498168945, 0.0]","[0.21153271198272705, -0.6680280566215515]",[],0.1,False,
1,4,6,"[-0.03702325001358986, 0.05653809383511543, 1.4562702178955078, 3.0935564041137695, -0.9430956840515137, 0.0, -4.1201982498168945, 0.0]","[0.3886840045452118, 0.5839331150054932]",[],0.1,False,
1,4,7,"[-0.001448900904506445, 0.028512505814433098, 1.135271430015564, 3.0935568809509277, 0.08515644073486328, 0.0, -4.1201982498168945, 0.0]","[0.6490452885627747, 0.1762688159942627]",[],0.1,False,
1,4,8,"[-0.07491989433765411, 0.018580857664346695, -0.5692367553710938, 3.0935568809509277, 0.6279177665710449, 0.0, -4.1201982498168945, 0.0]","[0.500314474105835, 0.9378165602684021]",[],0.1,False,
1,4,9,"[-0.20310460031032562, 0.009095503948628902, -0.7446202635765076, 3.570850372314453, 0.37014102935791016, 1.1784471273422241, -0.5292282104492188, 0.736225426197052]","[-0.10226066410541534, -0.8932681679725647]",[],0.1,False,
1,4,10,"[0.04101938381791115, -0.11731426417827606, 0.2982168197631836, 3.0935568809509277, -1.2893686294555664, 0.0, -4.1201982498168945, 0.0]","[0.5476213097572327, -0.8342483043670654]",[],0.1,False,
1,4,11,"[0.09039029479026794, 0.20790371298789978, -0.8157367706298828, 3.3704586029052734, -0.4313998222351074, -0.7835596799850464, -0.9490305185317993, 1.761833667755127]","[0.06930189579725266, -0.018901502713561058]",[],0.1,False,
1,5,0,"[0.12698008120059967, -0.17000117897987366, 1.4030513763427734, 3.885438919067383, 0.5724039077758789, 0.5455029606819153, -0.24204875528812408, -1.0956134796142578]","[-0.6099416613578796, -0.38447654247283936]",[],0.1,False,
1,5,1,"[0.04294554889202118, 0.22187215089797974, 1.0472488403320312, 3.165809392929077, 0.5662164688110352, -0.8678696751594543, -0.8305456638336182, 1.5505752563476562]","[-0.16787728667259216, -0.23102231323719025]",[],0.1,False,
1,5,2,"[0.21849215030670166, -0.09358081966638565, -0.8900508880615234, 3.2050294876098633, 0.605595588684082, -0.8024214506149292, -2.9732491970062256, -1.5136322975158691]","[0.5891531109809875, -0.669152557849884]",[],0.1,False,
1,5,3,"[0.0719127282500267, 0.04243461415171623, 0.002117156982421875, 3.133403778076172, -1.2037038803100586, -1.1019401550292969, -0.15445762872695923, -0.0677398145198822]","[0.0850837305188179, -0.8468629717826843]",[],0.1,False,
1,5,4,"[-0.06396347284317017, 0.17069070041179657, 1.1031494140625, 2.6226768493652344, 1.141749382019043, 0.0, -5.101197719573975, 0.0]","[0.5986244082450867, 0.47564515471458435]",[],0.1,False,
1,5,5,"[0.04951774701476097, -0.09567353129386902, 0.3473961055278778, 3.2368955612182617, 0.7150640487670898, 0.2631974220275879, 0.08303707838058472, 0.29039210081100464]","[-0.18745912611484528, 0.28736579418182373]",[],0.1,False,
1,5,6,"[-0.0027296303305774927, 0.10699504613876343, 1.559286117553711, 3.2442140579223633, -0.881403923034668, 1.217510461807251, -0.060501307249069214, 0.2602432668209076]","[-0.6076266765594482, 0.8413311839103699]",[],0.1,False,
1,5,7,"[0.054799266159534454, 0.045043472200632095, 1.0932884216308594, 3.133790969848633, 0.07805109024047852, -0.42376965284347534, -0.027175530791282654, -0.20268258452415466]","[0.5348479747772217, -0.4442920684814453]",[],0.1,False,
1,5,8,"[-0.03162726014852524, 0.10029958188533783, -0.4923543930053711, 2.9938087463378906, 0.6804060935974121, 0.9269343614578247, -0.7613455057144165, 0.6255974769592285]","[-0.17442214488983154, 0.9504556059837341]",[],0.1,False,
1,5,9,"[-0.21224631369113922, -0.06702384352684021, -0.5554006099700928, 3.639230489730835, 0.4325103759765625, 1.4251739978790283, -0.5530566573143005, 0.6904276609420776]","[-0.3598457872867584, 0.3633181154727936]",[],0.1,False,
1,5,10,"[0.08908460289239883, -0.18846449255943298, 0.2537727355957031, 2.80141019821167, -1.3265020847320557, -1.1059534549713135, -0.5893476009368896, -0.928417444229126]","[-0.8270550966262817, -0.8822076320648193]",[],0.1,False,
1,5,11,"[0.09625284373760223, 0.2062024474143982, -0.8999824523925781, 3.259903907775879, -0.2426285743713379, -0.8882952332496643, -1.172501564025879, 1.983380913734436]","[0.8752368092536926, 0.9177805781364441]",[],0.1,False,
1,6,0,"[0.07530099898576736, -0.20342814922332764, 1.457601547241211, 3.8023741245269775, 0.4628434181213379, 0.5455029606819153, -1.2230483293533325, -1.0956134796142578]","[0.09849853813648224, -0.5590063333511353]",[],0.1,False,
1,6,1,"[0.028445199131965637, 0.2023332118988037, 0.9597625732421875, 3.028184413909912, 0.7218017578125, -0.9029175043106079, -1.5968880653381348, 1.5764938592910767]","[0.02188093587756157, -0.3828723728656769]",[],0.1,False,
1,6,2,"[0.25884976983070374, -0.14914603531360626, -1.0842151641845703, 3.124199867248535, 0.399477481842041, -1.5541977882385254, -1.5652763843536377, -1.829641580581665]","[0.15958485007286072, 0.02315918169915676]",[],0.1,False,
1,6,3,"[0.0790317952632904, -0.031258512288331985, -0.10807514190673828, 3.0590977668762207, -1.210477352142334, -1.1019401550292969, -1.135457158088684, -0.0677398145198822]","[0.5359876751899719, 0.9950477480888367]",[],0.1,False,
1,6,4,"[-0.01225601602345705, 0.2109101265668869, 1.0843830108642578, 2.698287010192871, 1.2563085556030273, -0.250939279794693, -0.36167973279953003, 0.808983564376831]","[0.11969053000211716, 0.5888999104499817]",[],0.1,False,
1,6,5,"[0.03329639509320259, -0.070663683116436, 0.373715877532959, 3.1863393783569336, 0.7441034317016602, 0.2631974220275879, -0.8979624509811401, 0.29039210081100464]","[0.520963191986084, -0.9667154550552368]",[],0.1,False,
1,6,6,"[-0.054634664207696915, 0.18003009259700775, 1.6922597885131836, 3.338345527648926, -0.8097524642944336, 1.2505868673324585, -0.30045872926712036, 0.4171947240829468]","[0.5350925922393799, -0.2074301391839981]",[],0.1,False,
1,6,7,"[0.10197477787733078, 0.007271550130099058, 1.0214340686798096, 3.26633358001709, 0.06663799285888672, -0.5264403223991394, -0.10589723289012909, -0.1699516624212265]","[-0.8324078321456909, -0.02911367081105709]",[],0.1,False,
1,6,8,"[-0.046652987599372864, 0.18232111632823944, -0.39282894134521484, 2.967118501663208, 0.7688841819763184, 0.9882898926734924, -0.44037267565727234, 0.8907537460327148]","[0.6078970432281494, 0.879808247089386]",[],0.1,False,
1,6,9,"[-0.24271155893802643, -0.03618529438972473, -0.3616042733192444, 3.6373677253723145, 0.49072837829589844, 1.6721056699752808, -0.847130298614502, 0.6335569024085999]","[-0.3731756806373596, -0.6409738063812256]",[],0.1,False,
1,6,10,"[0.018910298123955727, -0.26357460021972656, 0.1431751251220703, 2.6836156845092773, -1.4193434715270996, -1.1059534549713135, -1.5703470706939697, -0.928417444229126]","[0.6184664964675903, 0.6792100071907043]",[],0.1,False,
1,6,11,"[0.17073944211006165, 0.25092488527297974, -1.0265045166015625, 3.2372403144836426, 0.02175617218017578, -0.959827184677124, -1.6117408275604248, 2.1118900775909424]","[0.2730911374092102, 0.6974291205406189]",[],0.1,False,
1,7,0,"[0.08385803550481796, -0.2507297694683075, 1.4686393737792969, 3.88698410987854, 0.23908710479736328, 0.3406226634979248, -0.7786245942115784, -1.5014917850494385]","[-0.28173157572746277, 0.8433239459991455]",[],0.1,False,
1,7,1,"[0.029993660748004913, 0.1695033460855484, 0.8628787994384766, 2.9220738410949707, 0.9169149398803711, -1.0020149946212769, -0.9183353185653687, 2.105825901031494]","[-0.4684653580188751, 0.10253209620714188]",[],0.1,False,
1,7,2,"[0.2588375508785248, -0.14721713960170746, -1.2627696990966797, 2.953432083129883, 0.2009444236755371, -1.8619673252105713, -1.8650208711624146, -2.029510259628296]","[-0.8241283297538757, -0.9706019163131714]",[],0.1,False,
1,7,3,"[0.12572422623634338, 0.05489283800125122, -0.27286243438720703, 3.1679654121398926, -1.2035744190216064, -1.3196711540222168, -0.3369033932685852, -0.03759028762578964]","[-0.5454004406929016, 0.910676896572113]",[],0.1,False,
1,7,4,"[-0.001419505337253213, 0.25073087215423584, 1.0601577758789062, 2.677891731262207, 1.3681302070617676, -0.2407580018043518, -0.5941368341445923, 1.0670174360275269]","[0.6760324835777283, 0.8319268226623535]",[],0.1,False,
1,7,5,"[0.07823211699724197, -0.1544031798839569, 0.35590243339538574, 3.452469825744629, 0.684351921081543, 0.1266144961118698, 0.02738368511199951, 0.02083073928952217]","[-0.40041613578796387, -0.9805416464805603]",[],0.1,False,
1,7,6,"[-0.00886924285441637, 0.16173110902309418, 1.8255510330200195, 3.381704330444336, -0.7276263236999512, 1.3071470260620117, -0.24325068295001984, 0.6683465242385864]","[0.7720551490783691, 0.3009611964225769]",[],0.1,False,
1,7,7,"[0.02955639734864235, 0.0036083203740417957, 0.9687900543212891, 3.1968836784362793, 0.049643516540527344, -0.5264403223991394, -1.0868967771530151, -0.1699516624212265]","[-0.3587232530117035, -0.7641271352767944]",[],0.1,False,
1,7,8,"[0.005827249493449926, 0.25678494572639465, -0.2930622100830078, 2.939404249191284, 0.8865327835083008, 0.9831513166427612, -0.6221863031387329, 1.1250091791152954]","[-0.5096637010574341, -0.3874013125896454]",[],0.1,False,
1,7,9,"[-0.2552996277809143, -0.09009404480457306, -0.10604402422904968, 3.678838014602661, 0.528437614440918, 1.906579613685608, -0.9836048483848572, 0.5370497703552246]","[0.010921061970293522, 0.6515355706214905]",[],0.1,False,
1,7,10,"[0.07107135653495789, -0.2060009092092514, 0.022385597229003906, 2.619997024536133, -1.567068099975586, -1.2018169164657593, -0.844802975654602, -1.4803262948989868]","[-0.7441394329071045, 0.08962862938642502]",[],0.1,False,
1,7,11,"[0.19338642060756683, 0.25018036365509033, -1.13494873046875, 3.0616159439086914, 0.2490525245666504, -1.1463338136672974, -1.9035171270370483, 2.3482613563537598]","[-0.1435261368751526, -0.4442017674446106]",[],0.1,False,
1,8,0,"[0.05978885293006897, -0.17911610007286072, 1.5027046203613281, 3.7502617835998535, 0.08893823623657227, 0.3406226634979248, -1.7596241235733032, -1.5014917850494385]","[0.21735894680023193, 0.17363235354423523]",[],0.1,False,
1,8,1,"[-0.01020908635109663, 0.1785919964313507, 0.7626762390136719, 2.7713804244995117, 1.1274981498718262, -1.0020149946212769, -1.8993347883224487, 2.105825901031494]","[-0.30311208963394165, 0.530820906162262]",[],0.1,False,
1,8,2,"[0.18908916413784027, -0.22776219248771667, -1.5318870544433594, 2.929605484008789, -0.07898330688476562, -1.9342108964920044, -1.931881308555603, -2.0630900859832764]","[0.6560997366905212, -0.45355933904647827]",[],0.1,False,
1,8,3,"[0.07787371426820755, 0.13323967158794403, -0.4619731903076172, 3.3816070556640625, -1.146970272064209, -1.4496986865997314, -0.25759127736091614, 0.10467199236154556]","[0.49522316455841064, 0.6004504561424255]",[],0.1,False,
1,8,4,"[0.05594663694500923, 0.2632697522640228, 1.0231242179870605, 2.7299232482910156, 1.560462474822998, -0.2721796929836273, -0.8113442659378052, 1.3112914562225342]","[-0.5388547778129578, -0.6072983145713806]",[],0.1,False,
1,8,5,"[0.04319431260228157, -0.2378443032503128, 0.33487510681152344, 3.7022171020507812, 0.5605220794677734, 0.0657222643494606, -0.09974728524684906, -0.20128360390663147]","[0.1631041169166565, -0.4225099980831146]",[],0.1,False,
1,8,6,"[0.057994965463876724, 0.18626834452152252, 1.9216623306274414, 3.689333915710449, -0.5295796394348145, 1.1729216575622559, -0.175481379032135, 0.8450745940208435]","[0.5889056324958801, 0.374708890914917]",[],0.1,False,
1,8,7,"[-0.0007371557876467705, -0.06348685920238495, 0.9161460399627686, 3.02933406829834, 0.03264904022216797, -0.5264403223991394, -2.0678963661193848, -0.1699516624212265]","[0.3765987455844879, 0.7834213972091675]",[],0.1,False,
1,8,8,"[-0.03752896189689636, 0.22434566915035248, -0.19210529327392578, 2.8652803897857666, 1.0172123908996582, 1.0256550312042236, -0.7802175283432007, 1.4311935901641846]","[-0.3072880506515503, 0.1461441069841385]",[],0.1,False,
1,8,9,"[-0.25438904762268066, -0.03523588180541992, 0.0846138596534729, 3.5216176509857178, 0.5821413993835449, 1.906579613685608, -1.964604377746582, 0.5370497703552246]","[0.8571961522102356, 0.026454636827111244]",[],0.1,False,
1,8,10,"[0.0075380331836640835, -0.19852715730667114, -0.10138320922851562, 2.524820327758789, -1.7288389205932617, -1.2592450380325317, -0.7739807367324829, -1.7886031866073608]","[0.5270926356315613, -0.013604668900370598]",[],0.1,False,
1,8,11,"[0.18005283176898956, 0.2136419415473938, -1.2495803833007812, 2.8124046325683594, 0.48387813568115234, -1.1463338136672974, -2.884516716003418, 2.3482613563537598]","[0.605252206325531, 0.9155557155609131]",[],0.1,False,
1,9,0,"[0.07834561169147491, -0.1641382873058319, 1.5367698669433594, 3.515439510345459, -0.06121063232421875, 0.3406226634979248, -2.740623712539673, -1.5014917850494385]","[0.660847008228302, 0.2963663935661316]",[],0.1,False,
1,9,1,"[-0.036099594086408615, 0.22397463023662567, 0.666621208190918, 2.6312601566314697, 1.3617043495178223, -0.9330495595932007, -1.4467450380325317, 2.434826374053955]","[-0.22353342175483704, 0.08564700186252594]",[],0.1,False,
1,9,2,"[0.2427014857530594, -0.25147545337677, -1.7471675872802734, 2.743274688720703, -0.3113675117492676, -1.9591807126998901, -2.659940004348755, -2.0818371772766113]","[0.04261374846100807, -0.596963107585907]",[],0.1,False,
1,9,3,"[0.11966532468795776, 0.1852397471666336, -0.6604204177856445, 3.565232753753662, -1.0483856201171875, -1.5323092937469482, -0.4940863847732544, 0.2627561092376709]","[-0.31914445757865906, 0.730232834815979]",[],0.1,False,
1,9,4,"[0.008996725082397461, 0.21313685178756714, 0.995905876159668, 2.58992862701416, 1.6915926933288574, -0.2721796929836273, -1.7923437356948853, 1.3112914562225342]","[-0.7063041925430298, 0.14787842333316803]",[],0.1,False,
1,9,5,"[0.05676146596670151, -0.2523113489151001, 0.3298366665840149, 3.7690038681030273, 0.47414159774780273, 0.01400853879749775, -0.2794114053249359, -0.49820616841316223]","[-0.8425208926200867, -0.14500074088573456]",[],0.1,False,
1,9,6,"[0.10911046713590622, 0.2166801542043686, 2.0048952102661133, 3.9797706604003906, -0.2928633689880371, 1.1059218645095825, -0.5916638970375061, 0.9749704003334045]","[-0.42317715287208557, 0.7613065242767334]",[],0.1,False,
1,9,7,"[0.031030915677547455, 0.005315843969583511, 0.8575014472007751, 3.056196689605713, -0.0027666091918945312, -0.581602156162262, -0.03194454312324524, -0.35080090165138245]","[0.8441417813301086, -0.4812158942222595]",[],0.1,False,
1,9,8,"[-0.0636075958609581, 0.23672302067279816, -0.08383655548095703, 2.800616502761841, 1.18794584274292, 1.0722798109054565, -1.0185827016830444, 1.6622951030731201]","[0.9189977049827576, 0.5706328749656677]",[],0.1,False,
1,9,9,"[-0.18143577873706818, -0.03342755138874054, 0.2752717435359955, 3.2662973403930664, 0.6358451843261719, 1.906579613685608, -2.945603847503662, 0.5370497703552246]","[0.7856298089027405, -0.6355062127113342]",[],0.1,False,
1,9,10,"[0.0525921955704689, -0.19964857399463654, -0.2292346954345703, 2.4334774017333984, -1.921631097793579, -1.2946220636367798, -1.0086658000946045, -2.016383647918701]","[0.36590954661369324, -0.854590892791748]",[],0.1,False,
1,9,11,"[0.23194298148155212, 0.25712576508522034, -1.4154529571533203, 2.626554012298584, 0.772862434387207, -1.4942574501037598, -2.5491697788238525, 2.7150588035583496]","[0.10458230972290039, 0.255694717168808]",[],0.1,False,
1,10,0,"[0.13462695479393005, -0.13801594078540802, 1.5012760162353516, 3.576200485229492, -0.310333251953125, -0.03797495365142822, -0.6237330436706543, -2.13413143157959]","[-0.6130905747413635, -0.9449988007545471]",[],0.1,False,
1,10,1,"[-0.055101070553064346, 0.23118852078914642, 0.5780420303344727, 2.489492893218994, 1.6258392333984375, -0.8566920757293701, -1.4587324857711792, 2.753011703491211]","[-0.20959219336509705, -0.7556617259979248]",[],0.1,False,
1,10,2,"[0.24618364870548248, -0.2515338659286499, -1.9504642486572266, 2.478114128112793, -0.527184009552002, -2.0762012004852295, -2.6948728561401367, -2.2035977840423584]","[-0.08344478905200958, 0.020510302856564522]",[],0.1,False,
1,10,3,"[0.09134088456630707, 0.24657109379768372, -0.87774658203125, 3.7771058082580566, -0.9120578765869141, -1.7161412239074707, -0.4021889865398407, 0.5000187158584595]","[-0.7728021144866943, 0.8886749744415283]",[],0.1,False,
1,10,4,"[-0.050927504897117615, 0.2266950160264969, 0.9686880111694336, 2.351834297180176, 1.8227229118347168, -0.2721796929836273, -2.773343324661255, 1.3112914562225342]","[0.01619144156575203, -0.8190252184867859]",[],0.1,False,
1,10,5,"[-0.014345238916575909, -0.25078126788139343, 0.3312375247478485, 3.6822023391723633, 0.42432165145874023, 0.01400853879749775, -1.2604109048843384, -0.49820616841316223]","[-0.38735848665237427, 0.003985273651778698]",[],0.1,False,
1,10,6,"[0.07450411468744278, 0.25614145398139954, 2.136031150817871, 3.9743785858154297, -0.1363506317138672, 1.1728730201721191, -1.2223355770111084, 1.1293882131576538]","[0.8217903971672058, 0.6902183890342712]",[],0.1,False,
1,10,7,"[0.10514075309038162, -0.035376958549022675, 0.7672737836837769, 3.226633071899414, -0.04475831985473633, -0.6489143371582031, -0.16417063772678375, -0.35470643639564514]","[0.5056787729263306, -0.13567185401916504]",[],0.1,False,
1,10,8,"[0.014050362631678581, 0.25542590022087097, 0.023782730102539062, 2.676914691925049, 1.3665070533752441, 1.068373203277588, -1.090774416923523, 2.0002779960632324]","[0.4102298319339752, -0.5543290376663208]",[],0.1,False,
1,10,9,"[-0.11368925869464874, -0.08820728957653046, 0.516101598739624, 3.1280548572540283, 0.6712708473205566, 2.6477174758911133, -0.5649121999740601, 0.29039889574050903]","[0.077306367456913, -0.012598952278494835]",[],0.1,False,
1,10,10,"[0.08400649577379227, -0.2573525905609131, -0.35869598388671875, 2.2737507820129395, -2.1232688426971436, -1.2946220636367798, -1.9896652698516846, -2.016383647918701]","[0.6907196044921875, -0.2764894664287567]",[],0.1,False,
1,10,11,"[0.24048689007759094, 0.25673624873161316, -1.5730762481689453, 2.3603110313415527, 1.048008918762207, -1.630301594734192, -2.745342493057251, 2.7760026454925537]","[0.7840211391448975, 0.9369239807128906]",[],0.1,False,
1,11,0,"[0.08300323039293289, -0.21924348175525665, 1.4974803924560547, 3.4549672603607178, -0.5237464904785156, -0.03797495365142822, -1.6047325134277344, -2.13413143157959]","[0.5818655490875244, 0.1809433251619339]",[],0.1,False,
1,11,1,"[-0.07234892249107361, 0.16656868159770966, 0.5118122100830078, 2.4461100101470947, 1.9480948448181152, -0.6986803412437439, -0.9420032501220703, 3.0159151554107666]","[-0.3655047118663788, 0.16996999084949493]",[],0.1,False,
1,11,2,"[0.23938968777656555, -0.24974040687084198, -2.1657629013061523, 2.214719772338867, -0.7558836936950684, -2.187368154525757, -2.724363088607788, -2.325124979019165]","[0.4427362382411957, -0.7584608197212219]",[],0.1,False,
1,11,3,"[0.025895901024341583, 0.2591562867164612, -1.0747575759887695, 3.846607208251953, -0.8688392639160156, -1.8892076015472412, -0.11894601583480835, 0.4702531397342682]","[0.14041662216186523, 0.8633401989936829]",[],0.1,False,
1,11,4,"[-0.05009526386857033, 0.1566469520330429, 0.9683818817138672, 2.3849916458129883, 2.074337959289551, -0.09430215507745743, -0.7094637155532837, 2.1969499588012695]","[-0.3197128176689148, 0.5952250957489014]",[],0.1,False,
1,11,5,"[-0.047023650258779526, -0.24928595125675201, 0.3376030921936035, 3.589797019958496, 0.34367895126342773, 0.10647948086261749, -0.7124480605125427, -1.0390231609344482]","[-0.2174956351518631, -0.9585107564926147]",[],0.1,False,
1,11,6,"[0.14335574209690094, 0.25410574674606323, 2.268040657043457, 3.838564872741699, -0.0028815269470214844, 1.2450031042099, -1.9089205265045166, 1.2494803667068481]","[-0.7082018852233887, -0.4290567934513092]",[],0.1,False,
1,11,7,"[0.14903958141803741, -0.04646233096718788, 0.6553202271461487, 3.3410849571228027, -0.09453058242797852, -0.8069084882736206, -0.2877163290977478, -0.4008057415485382]","[0.9873084425926208, -0.6207614541053772]",[],0.1,False,
1,11,8,"[0.04766153171658516, 0.20760773122310638, 0.1252145767211914, 2.601017475128174, 1.6017537117004395, 1.0095080137252808, -0.9382006525993347, 2.3796823024749756]","[0.6169406771659851, 0.8156076669692993]",[],0.1,False,
1,11,9,"[-0.10700333118438721, -0.08924876898527145, 0.7944002747535706, 3.0754191875457764, 0.6923775672912598, 2.8313372135162354, -0.5882857441902161, 0.17291025817394257]","[0.0858292281627655, 0.5462827086448669]",[],0.1,False,
1,11,10,"[0.14184211194515228, -0.25636306405067444, -0.4973745346069336, 2.0798392295837402, -2.3475115299224854, -1.4309144020080566, -1.8729448318481445, -2.3709473609924316]","[0.7622371912002563, -0.8644908666610718]",[],0.1,False,
1,11,11,"[0.2532590627670288, 0.2561122477054596, -1.7443103790283203, 2.068902015686035, 1.3291807174682617, -1.7851101160049438, -2.9365689754486084, 2.842853546142578]","[-0.5569084286689758, -0.9446715116500854]",[],0.1,False,
1,12,0,"[0.1321723312139511, -0.20354822278022766, 1.4438419342041016, 3.4535140991210938, -0.8205490112304688, -0.2756733298301697, -1.190589427947998, -2.4998676776885986]","[0.4479953944683075, -0.9761715531349182]",[],0.1,False,
1,12,1,"[-0.10386813431978226, 0.1806286871433258, 0.4447641372680664, 2.3215415477752686, 2.2539987564086914, -0.6231820583343506, -1.3333061933517456, 3.082664966583252]","[-0.024756627157330513, -0.5278893113136292]",[],0.1,False,
1,12,2,"[0.2536163032054901, -0.26236334443092346, -2.388019561767578, 1.9080848693847656, -0.9920468330383301, -2.272059440612793, -3.120058059692383, -2.4135477542877197]","[0.5405529141426086, 0.6756889224052429]",[],0.1,False,
1,12,3,"[0.03771233186125755, 0.2596762180328369, -1.268294334411621, 3.8179755210876465, -0.821779727935791, -1.954932451248169, -0.37362372875213623, 0.4732142686843872]","[0.9235640168190002, 0.6796671152114868]",[],0.1,False,
1,12,4,"[-0.07724475860595703, 0.2077324241399765, 0.9589500427246094, 2.255185127258301, 2.2940335273742676, -0.09430215507745743, -1.6904631853103638, 2.1969499588012695]","[-0.3754522502422333, 0.9147801399230957]",[],0.1,False,
1,12,5,"[-0.0659463182091713, -0.26465141773223877, 0.3615644872188568, 3.571291923522949, 0.18671321868896484, 0.19339469075202942, -0.8424522876739502, -1.3608522415161133]","[0.6944823265075684, 0.94157475233078]",[],0.1,False,
1,12,6,"[0.08268006891012192, 0.21994070708751678, 2.392542839050293, 3.588812828063965, 0.12206649780273438, 1.2450031042099, -2.8899199962615967, 1.2494803667068481]","[-0.5093916058540344, -0.027186591178178787]",[],0.1,False,
1,12,7,"[0.23403522372245789, -0.09824638068675995, 0.4327390491962433, 3.6072072982788086, -0.18708467483520508, -0.9099277853965759, -0.5655004978179932, -0.4255926012992859]","[0.5883076190948486, 0.5356577038764954]",[],0.1,False,
1,12,8,"[0.10161077231168747, 0.26103997230529785, 0.214111328125, 2.5157387256622314, 1.8661141395568848, 0.9021848440170288, -1.255699872970581, 2.536231279373169]","[-0.4354242980480194, 0.8609110713005066]",[],0.1,False,
1,12,9,"[-0.09982213377952576, -0.04189491271972656, 1.0775338411331177, 2.957730770111084, 0.7096676826477051, 2.8313372135162354, -1.569285273551941, 0.17291025817394257]","[-0.7655091285705566, -0.5832815766334534]",[],0.1,False,
1,12,10,"[0.20505979657173157, -0.2541905343532562, -0.6667671203613281, 1.9207501411437988, -2.6191823482513428, -1.4989008903503418, -2.2242050170898438, -2.4567458629608154]","[0.538312554359436, 0.14914162456989288]",[],0.1,False,
1,12,11,"[0.2032015472650528, 0.18034912645816803, -1.9809246063232422, 1.9293489456176758, 1.6449289321899414, -2.0230586528778076, -2.0479583740234375, 2.8235480785369873]","[-0.8779699802398682, 0.8881259560585022]",[],0.1,False,
1,13,0,"[0.17039801180362701, -0.2521967887878418, 1.33428955078125, 3.52209210395813, -1.1868741512298584, -0.3859601616859436, -1.6041231155395508, -2.5312929153442383]","[0.910716712474823, 0.3929029703140259]",[],0.1,False,
1,13,1,"[-0.10508064925670624, 0.13536864519119263, 0.42992496490478516, 2.3561010360717773, 2.605313301086426, -0.3482237756252289, -0.7857063412666321, 3.105954885482788]","[0.824682354927063, 0.3694831430912018]",[],0.1,False,
1,13,2,"[0.25411349534988403, -0.2070479393005371, -2.622969627380371, 1.5995111465454102, -1.2388222217559814, -2.440387725830078, -2.7498769760131836, -2.5228114128112793]","[-0.36613693833351135, 0.4969782829284668]",[],0.1,False,
1,13,3,"[0.11520823836326599, 0.2621205151081085, -1.4637880325317383, 3.7217531204223633, -0.7744584083557129, -1.954932451248169, -1.3546231985092163, 0.4732142686843872]","[0.9379993677139282, 0.1740482598543167]",[],0.1,False,
1,13,4,"[-0.10875318199396133, 0.2542392313480377, 0.9495182037353516, 2.0272789001464844, 2.5137290954589844, -0.09430215507745743, -2.6714627742767334, 2.1969499588012695]","[-0.5218337774276733, 0.5694897174835205]",[],0.1,False,
1,13,5,"[-0.004225510638207197, -0.18695299327373505, 0.380903959274292, 3.4281864166259766, 0.050628662109375, 0.19339469075202942, -1.8234517574310303, -1.3608522415161133]","[-0.7431071996688843, 0.6456704139709473]",[],0.1,False,
1,13,6,"[0.03936203196644783, 0.2186013162136078, 2.554414749145508, 3.3425989151000977, 0.27353334426879883, 1.716969609260559, -2.539074420928955, 1.5817348957061768]","[-0.3216088116168976, -0.215892031788826]",[],0.1,False,
1,13,7,"[0.2530633807182312, -0.05291784182190895, 0.2840626537799835, 3.5991506576538086, -0.24868488311767578, -1.172922134399414, -0.9462339282035828, -0.5116780400276184]","[0.12797588109970093, 0.6712232232093811]",[],0.1,False,
1,13,8,"[0.06509538739919662, 0.26222577691078186, 0.30432891845703125, 2.3313088417053223, 2.119736671447754, 0.9021848440170288, -2.236699342727661, 2.536231279373169]","[-0.5241804122924805, 0.5977587699890137]",[],0.1,False,
1,13,9,"[-0.16567659378051758, -0.0924183577299118, 1.3888181447982788, 2.8835983276367188, 0.7094054222106934, 3.0269386768341064, -1.056699275970459, 0.004311446100473404]","[-0.3595532178878784, -0.08698862791061401]",[],0.1,False,
1,13,10,"[0.24859093129634857, -0.23969723284244537, -0.8647489547729492, 1.7657818794250488, -2.9053306579589844, -1.6134754419326782, -2.429692268371582, -2.505051851272583]","[-0.007249877788126469, 0.3171660006046295]",[],0.1,False,
1,13,11,"[0.13255789875984192, 0.258025199174881, -2.1927499771118164, 1.7622795104980469, 1.9395718574523926, -2.034688949584961, -2.313098907470703, 2.8358404636383057]","[-0.27787038683891296, -0.3459548056125641]",[],0.1,False,
1,14,10,"[0.24727489054203033, -0.22412799298763275, -0.9493312835693359, 1.701927661895752, -3.0197575092315674, -1.6885396242141724, -2.389172315597534, -2.5214931964874268]",,,-1.0,True,
2,0,0,"[0.04953581839799881, 0.056931909173727036, -1.4143142700195312, 3.9960761070251465, 0.1972341537475586, 0.0, -0.1961999237537384, 0.0]","[0.546229898929596, -0.1561819165945053]",[],0.1,False,
2,0,1,"[0.07883814722299576, -0.06668204069137573, -1.4344263076782227, 3.9960761070251465, 0.941288948059082, 0.0, -0.1961999237537384, 0.0]","[0.7695181369781494, -0.9173301458358765]",[],0.1,False,
2,0,2,"[0.0005746749811805785, 0.0259279552847147, 0.6253738403320312, 3.9960756301879883, -0.5704145431518555, 0.0, -0.1961999237537384, 0.0]","[-0.6434507369995117, 0.2096530944108963]",[],0.1,False,
2,0,3,"[-0.031507398933172226, -0.035620033740997314, -0.15752124786376953, 3.9960761070251465, 0.6086764335632324, 0.0, -0.1961999237537384, 0.0]","[0.616820216178894, 0.7715393304824829]",[],0.1,False,
2,0,4,"[-0.06811980903148651, 0.015344475395977497, -0.41878509521484375, 3.9960756301879883, -0.8864555358886719, 0.0, -0.1961999237537384, 0.0]","[0.13218456506729126, -0.3527703881263733]",[],0.1,False,
2,0,5,"[-0.0020550836343318224, -0.004652942530810833, 0.5532016158103943, 3.9960756301879883, 0.8568410873413086, 0.0, -0.1961999237537384, 0.0]","[0.6807465553283691, 0.6307013630867004]",[],0.1,False,
2,0,6,"[0.009172242134809494, 0.015384056605398655, -1.3638296127319336, 3.9960756301879883, -1.2134637832641602, 0.0, -0.1961999237537384, 0.0]","[-0.8896864056587219, 0.8651182055473328]",[],0.1,False,
2,0,7,"[-0.007839507423341274, 0.010556552559137344, 1.1423753499984741, 3.9960761070251465, 0.40343761444091797, 0.0, -0.1961999237537384, 0.0]","[0.9642151594161987, 0.47755342721939087]",[],0.1,False,
2,0,8,"[0.036271560937166214, -0.0460975281894207, 0.568939208984375, 3.9960761070251465, 0.3260631561279297, 0.0, -0.1961999237537384, 0.0]","[-0.5146306157112122, -0.7821449637413025]",[],0.1,False,
2,0,9,"[-0.08244037628173828, 0.05416848510503769, 0.20919036865234375, 3.9960761070251465, -0.32091569900512695, 0.0, -0.1961999237537384, 0.0]","[-0.8641772270202637, 0.3602149486541748]",[],0.1,False,
2,0,10,"[0.03986462205648422, -0.07645373791456223, 0.6866855621337891, 3.9960761070251465, -0.8382730484008789, 0.0, -0.1961999237537384, 0.0]","[-0.3541460335254669, -0.3274744749069214]",[],0.1,False,
2,0,11,"[0.010741359554231167, 0.013521320186555386, -0.5994834899902344, 3.9960761070251465, -0.23435544967651367, 0.0, -0.1961999237537384, 0.0]","[0.25023114681243896, -0.273759126663208]",[],0.1,False,
2,1,0,"[0.09694104641675949, 0.043149277567863464, -1.4143142700195312, 3.9175961017608643, 0.1972341537475586, 0.0, -1.1771994829177856, 0.0]","[-0.10599003732204437, -0.941980242729187]",[],0.1,False,
2,1,1,"[0.14556831121444702, -0.14535318315029144, -1.4344263076782227, 3.9175961017608643, 0.941288948059082, 0.0, -1.1771994829177856, 0.0]","[0.6700620651245117, -0.012975640594959259]",[],0.1,False,
2,1,2,"[-0.055531326681375504, 0.04416176676750183, 0.6253738403320312, 3.917595863342285, -0.5704145431518555, 0.0, -1.1771994829177856, 0.0]","[0.29433247447013855, 0.0688202828168869]",[],0.1,False,
2,1,3,"[0.022356510162353516, 0.031641896814107895, -0.15752124786376953, 3.9175963401794434, 0.6086764335632324, 0.0, -1.1771994829177856, 0.0]","[-0.28314852714538574, -0.6385864019393921]",[],0.1,False,
2,1,4,"[-0.05654691159725189, -0.015360766090452671, -0.41878509521484375, 3.917595863342285, -0.8864555358886719, 0.0, -1.1771994829177856, 0.0]","[0.330903023481369, 0.03446131944656372]",[],0.1,False,
2,1,5,"[0.057287249714136124, 0.05033860355615616, 0.5532016158103943, 3.917595863342285, 0.8568410873413086, 0.0, -1.1771994829177856, 0.0]","[0.9191489219665527, 0.4464973509311676]",[],0.1,False,
2,1,6,"[-0.06835886090993881, 0.0906459242105484, -1.3638296127319336, 3.917595863342285, -1.2134637832641602, 0.0, -1.1771994829177856, 0.0]","[0.4826734662055969, -0.13212266564369202]",[],0.1,False,
2,1,7,"[0.07620995491743088, 0.05212796479463577, 1.1423753499984741, 3.9175963401794434, 0.40343761444091797, 0.0, -1.1771994829177856, 0.0]","[0.9213801026344299, 0.5183795094490051]",[],0.1,False,
2,1,8,"[-0.008543395437300205, -0.11410070955753326, 0.568939208984375, 3.9175961017608643, 0.3260631561279297, 0.0, -1.1771994829177856, 0.0]","[-0.2535924017429352, 0.07866557687520981]",[],0.1,False,
2,1,9,"[-0.1572924256324768, 0.08485464006662369, 0.20919036865234375, 3.9175961017608643, -0.32091569900512695, 0.0, -1.1771994829177856, 0.0]","[0.03317438066005707, -0.5401764512062073]",[],0.1,False,
2,1,10,"[0.009122626855969429, -0.10494992136955261, 0.6866855621337891, 3.9175963401794434, -0.8382730484008789, 0.0, -1.1771994829177856, 0.0]","[0.9624392986297607, 0.537338137626648]",[],0.1,False,
2,1,11,"[0.03256019204854965, -0.010369732044637203, -0.5994834899902344, 3.9175963401794434, -0.23435544967651367, 0.0, -1.1771994829177856, 0.0]","[-0.29887568950653076, -0.1261441856622696]",[],0.1,False,
2,2,0,"[0.08690973371267319, -0.038598719984292984, -1.4143142700195312, 3.741016387939453, 0.1972341537475586, 0.0, -2.1581990718841553, 0.0]","[-0.6437342166900635, 0.5131152868270874]",[],0.1,False,
2,2,1,"[0.20251470804214478, -0.1460723876953125, -1.4344263076782227, 3.741016387939453, 0.941288948059082, 0.0, -2.1581990718841553, 0.0]","[-0.07426750659942627, 0.5883595943450928]",[],0.1,False,
2,2,2,"[-0.0299003254622221, 0.050169914960861206, 0.6253738403320312, 3.741016387939453, -0.5704145431518555, 0.0, -2.1581990718841553, 0.0]","[0.39715147018432617, 0.6729024052619934]",[],0.1,False,
2,2,3,"[-0.002384366001933813, -0.024058545008301735, -0.15752124786376953, 3.741016387939453, 0.6086764335632324, 0.0, -2.1581990718841553, 0.0]","[0.43683528900146484, -0.6538354158401489]",[],0.1,False,
2,2,4,"[-0.027709025889635086, -0.012268039397895336, -0.41878509521484375, 3.741016387939453, -0.8864555358886719, 0.0, -2.1581990718841553, 0.0]","[0.5509845614433289, -0.9550299048423767]",[],0.1,False,
2,2,5,"[0.1369294822216034, 0.08896336704492569, 0.5532016158103943, 3.741016387939453, 0.8568410873413086, 0.0, -2.1581990718841553, 0.0]","[0.8353037238121033, 0.7060427069664001]",[],0.1,False,
2,2,6,"[-0.026460332795977592, 0.07912577688694, -1.3638296127319336, 3.741016387939453, -1.2134637832641602, 0.0, -2.1581990718841553, 0.0]","[0.915130078792572, -0.326969176530838]",[],0.1,False,
2,2,7,"[0.15588970482349396, 0.0967925488948822, 1.1423753499984741, 3.741016387939453, 0.40343761444091797, 0.0, -2.1581990718841553, 0.0]","[0.5513378977775574, -0.22164438664913177]",[],0.1,False,
2,2,8,"[-0.030504830181598663, -0.10720139741897583, 0.568939208984375, 3.741016387939453, 0.3260631561279297, 0.0, -2.1581990718841553, 0.0]","[-0.6172075867652893, -0.6210319995880127]",[],0.1,False,
2,2,9,"[-0.15401335060596466, 0.03840935230255127, 0.20919036865234375, 3.741016387939453, -0.32091569900512695, 0.0, -2.1581990718841553, 0.0]","[0.014713427051901817, -0.6451732516288757]",[],0.1,False,
2,2,10,"[0.09240075200796127, -0.057940054684877396, 0.6866855621337891, 3.741016387939453, -0.8382730484008789, 0.0, -2.1581990718841553, 0.0]","[-0.7782955169677734, 0.7887567281723022]",[],0.1,False,
2,2,11,"[0.006474896799772978, -0.021346714347600937, -0.5994834899902344, 3.741016387939453, -0.23435544967651367, 0.0, -2.1581990718841553, 0.0]","[-0.7766885161399841, -0.15262867510318756]",[],0.1,False,
2,3,0,"[0.03145218268036842, 0.00684572197496891, -1.4143142700195312, 3.466336488723755, 0.1972341537475586, 0.0, -3.1391985416412354, 0.0]","[0.7103707194328308, 0.3575196862220764]",[],0.1,False,
2,3,1,"[0.19543339312076569, -0.09624016284942627, -1.4344263076782227, 3.466336488723755, 0.941288948059082, 0.0, -3.1391985416412354, 0.0]","[0.9406919479370117, 0.3476669490337372]",[],0.1,False,
2,3,2,"[0.004771077074110508, 0.10863400250673294, 0.6253738403320312, 3.466336250305176, -0.5704145431518555, 0.0, -3.1391985416412354, 0.0]","[-0.262829065322876, 0.4334871172904968]",[],0.1,False,
2,3,3,"[0.035665158182382584, -0.08102843910455704, -0.15752124786376953, 3.466336727142334, 0.6086764335632324, 0.0, -3.1391985416412354, 0.0]","[-0.11048651486635208, -0.9239717721939087]",[],0.1,False,
2,3,4,"[0.020675640553236008, -0.09525268524885178, -0.41878509521484375, 3.466336250305176, -0.8864555358886719, 0.0, -3.1391985416412354, 0.0]","[0.7552610039710999, 0.29268530011177063]",[],0.1,False,
2,3,5,"[0.20821218192577362, 0.14909856021404266, 0.5532016158103943, 3.466336250305176, 0.8568410873413086, 0.0, -3.1391985416412354, 0.0]","[0.002853247569873929, 0.3016802966594696]",[],0.1,False,
2,3,6,"[0.053011417388916016, 0.05022857338190079, -1.3638296127319336, 3.466336250305176, -1.2134637832641602, 0.0, -3.1391985416412354, 0.0]","[0.9853084087371826, -0.41508981585502625]",[],0.1,False,
2,3,7,"[0.20292851328849792, 0.0776650607585907, 1.04165780544281, 3.6883296966552734, 0.42491960525512695, -1.165378212928772, -0.5380237698554993, 0.16227762401103973]","[0.8861377239227295, -0.8323536515235901]",[],0.1,False,
2,3,8,"[-0.08421342074871063, -0.16041122376918793, 0.568939208984375, 3.466336488723755, 0.3260631561279297, 0.0, -3.1391985416412354, 0.0]","[-0.9623258113861084, 0.1440947949886322]",[],0.1,False,
2,3,9,"[-0.1517922282218933, -0.017191821709275246, 0.20919036865234375, 3.466336488723755, -0.32091569900512695, 0.0, -3.1391985416412354, 0.0]","[0.283521831035614, 0.878851056098938]",[],0.1,False,
2,3,10,"[0.023952268064022064, 0.010063624009490013, 0.6866855621337891, 3.466336727142334, -0.8382730484008789, 0.0, -3.1391985416412354, 0.0]","[0.7935189008712769, 0.714945375919342]",[],0.1,False,
2,3,11,"[-0.06127044931054115, -0.03450864553451538, -0.5994834899902344, 3.466336727142334, -0.23435544967651367, 0.0, -3.1391985416412354, 0.0]","[-0.02671542391180992, 0.16433870792388916]",[],0.1,False,
2,4,0,"[0.09367217868566513, 0.0371984988451004, -1.4143142700195312, 3.0935568809509277, 0.1972341537475586, 0.0, -4.1201982498168945, 0.0]","[0.13628274202346802, 0.4674575924873352]",[],0.1,False,
2,4,1,"[0.2582637071609497, -0.06526072323322296, -1.4344263076782227, 3.0935568809509277, 0.941288948059082, 0.0, -4.1201982498168945, 0.0]","[0.21287938952445984, -0.846620500087738]",[],0.1,False,
2,4,2,"[-0.017920713871717453, 0.14619560539722443, 0.6015205383300781, 3.279080390930176, -0.5600662231445312, -0.6145285367965698, -0.0046825110912323, 0.09032820165157318]","[0.9146196842193604, -0.1933009773492813]",[],0.1,False,
2,4,3,"[0.02592906355857849, -0.16099223494529724, -0.18961811065673828, 3.3325982093811035, 0.5569033622741699, -0.6826226711273193, -0.24121302366256714, -0.6111583709716797]","[-0.9760422706604004, -0.2130202054977417]",[],0.1,False,
2,4,4,"[0.08599669486284256, -0.06927825510501862, -0.41878509521484375, 3.0935564041137695, -0.8864555358886719, 0.0, -4.1201982498168945, 0.0]","[0.17432737350463867, -0.9942470788955688]",[],0.1,False,
2,4,5,"[0.20831620693206787, 0.1744927018880844, 0.4712259769439697, 3.3844690322875977, 0.8914084434509277, -0.9381797909736633, -0.5842351317405701, 0.36676621437072754]","[-0.004827158525586128, 0.97406405210495]",[],0.1,False,
2,4,6,"[0.13806608319282532, 0.013239308260381222, -1.3638296127319336, 3.0935564041137695, -1.2134637832641602, 0.0, -4.1201982498168945, 0.0]","[0.03282313793897629, -0.053960490971803665]",[],0.1,False,
2,4,7,"[0.26155251264572144, 0.006394978612661362, 0.868819534778595, 3.907242774963379, 0.4645705223083496, -1.3666621446609497, 0.05314035713672638, 0.1908545345067978]","[-0.7072499394416809, -0.016994599252939224]",[],0.1,False,
2,4,8,"[-0.1662575602531433, -0.1467968374490738, 0.6007299423217773, 3.197361946105957, 0.3209843635559082, 1.071558952331543, -0.33435916900634766, 0.1907765418291092]","[0.61202472448349, 0.8054279088973999]",[],0.1,False,
2,4,9,"[-0.12851372361183167, 0.05913980305194855, 0.20919036865234375, 3.0935568809509277, -0.32091569900512695, 0.0, -4.1201982498168945, 0.0]","[-0.6206514239311218, 0.23595355451107025]",[],0.1,False,
2,4,10,"[0.09227616339921951, 0.07304432988166809, 0.6329450607299805, 3.317666530609131, -0.8457355499267578, -1.0279537439346313, -0.12800471484661102, -0.42053383588790894]","[0.14249786734580994, 0.7744934558868408]",[],0.1,False,
2,4,11,"[-0.06355016678571701, -0.02019384130835533, -0.5994834899902344, 3.0935568809509277, -0.23435544967651367, 0.0, -4.1201982498168945, 0.0]","[-0.7456744909286499, -0.1673782765865326]",[],0.1,False,
2,5,0,"[0.10588803142309189, 0.07758957892656326, -1.4355010986328125, 2.754254102706909, 0.19335365295410156, -0.7144564986228943, -0.0853266716003418, -0.450217068195343]","[0.9534963965415955, 0.5180950164794922]",[],0.1,False,
2,5,1,"[0.2599952518939972, -0.13618843257427216, -1.5732836723327637, 2.943901538848877, 0.9350485801696777, -1.5494098663330078, -0.8650645613670349, 0.23675471544265747]","[0.8216448426246643, 0.3324504792690277]",[],0.1,False,
2,5,2,"[0.06094353273510933, 0.128977969288826, 0.5336971282958984, 3.330057144165039, -0.5234346389770508, -0.6536754369735718, -0.1549464911222458, 0.26675206422805786]","[0.7443224191665649, 0.5545196533203125]",[],0.1,False,
2,5,3,"[-0.05821646749973297, -0.17839279770851135, -0.25086307525634766, 3.4178924560546875, 0.44272613525390625, -0.649730920791626, -0.2268160581588745, -0.8301865458488464]","[-0.35386741161346436, 0.17358694970607758]",[],0.1,False,
2,5,4,"[0.10185262560844421, -0.15491409599781036, -0.45157432556152344, 2.8301477432250977, -0.8985176086425781, -0.7493162155151367, -0.22747161984443665, -0.1995581090450287]","[0.33636826276779175, 0.20542606711387634]",[],0.1,False,
2,5,5,"[0.20648695528507233, 0.2555641829967499, 0.33996614813804626, 3.370563507080078, 0.9731416702270508, -1.072229027748108, -0.8685762882232666, 0.5617451667785645]","[0.3752678334712982, 0.6877345442771912]",[],0.1,False,
2,5,6,"[0.14082804322242737, 0.008532601408660412, -1.3725314140319824, 2.7371349334716797, -1.1998908519744873, -0.22312134504318237, -0.07353878021240234, 0.6745643019676208]","[-0.9909203052520752, -0.6364763379096985]",[],0.1,False,
2,5,7,"[0.2015068382024765, 0.006769299041479826, 0.7321532368659973, 3.853696823120117, 0.4836559295654297, -1.3666621446609497, -0.9278591871261597, 0.1908545345067978]","[-0.4661867618560791, 0.5207545161247253]",[],0.1,False,
2,5,8,"[-0.11210627108812332, -0.07890617102384567, 0.7078847885131836, 3.1050660610198975, 0.34006261825561523, 1.071558952331543, -1.3153586387634277, 0.1907765418291092]","[0.16009268164634705, 0.7650662064552307]",[],0.1,False,
2,5,9,"[-0.18210765719413757, 0.07882419973611832, 0.42586398124694824, 3.129051923751831, -0.27038002014160156, 1.8776353597640991, -0.7927942872047424, 0.378315269947052]","[0.2822183668613434, -0.7503475546836853]",[],0.1,False,
2,5,10,"[0.10354374349117279, 0.14007450640201569, 0.47777652740478516, 3.5272746086120605, -0.8260507583618164, -1.1377472877502441, -0.15917669236660004, -0.27408069372177124]","[0.5265334248542786, 0.8536607027053833]",[],0.1,False,
2,5,11,"[-0.12834540009498596, -0.0344596765935421, -0.5772762298583984, 3.2408580780029297, -0.17791128158569336, -0.023312758654356003, 0.04957123100757599, 0.6222149729728699]","[0.8332386016845703, -0.689979612827301]",[],0.1,False,
2,6,0,"[0.1881939321756363, 0.12124492973089218, -1.5069503784179688, 2.686861515045166, 0.14833307266235352, -0.7144564986228943, -1.0663262605667114, -0.450217068195343]","[-0.14174290001392365, 0.460212379693985]",[],0.1,False,
2,6,1,"[0.25948408246040344, -0.10840398818254471, -1.728224754333496, 2.798535108566284, 0.9587235450744629, -1.5494098663330078, -1.8460640907287598, 0.23675471544265747]","[-0.6947878003120422, -0.5339360237121582]",[],0.1,False,
2,6,2,"[0.12563660740852356, 0.17555010318756104, 0.41051292419433594, 3.5561399459838867, -0.40418386459350586, -0.7053011059761047, -0.3521173596382141, 0.4196511209011078]","[-0.9422650933265686, 0.46618449687957764]",[],0.1,False,
2,6,3,"[-0.08822149783372879, -0.16287818551063538, -0.31061744689941406, 3.397428512573242, 0.3428006172180176, -0.5579181909561157, -0.25476956367492676, -1.0714473724365234]","[-0.35086971521377563, 0.9652437567710876]",[],0.1,False,
2,6,4,"[0.13051295280456543, -0.13705457746982574, -0.5384187698364258, 2.8126277923583984, -0.9331283569335938, -0.8957359790802002, -0.35789865255355835, -0.37490203976631165]","[0.5914098024368286, 0.5429509878158569]",[],0.1,False,
2,6,5,"[0.23728962242603302, 0.2562662959098816, 0.1750495433807373, 3.3511829376220703, 1.0992021560668945, -1.2437809705734253, -1.2223325967788696, 0.7824512124061584]","[0.6008065938949585, -0.44411709904670715]",[],0.1,False,
2,6,6,"[0.053759098052978516, -0.045139458030462265, -1.4079337120056152, 2.7700796127319336, -1.1344988346099854, -0.34300923347473145, 0.025720924139022827, 0.666196346282959]","[-0.48810508847236633, 0.17984503507614136]",[],0.1,False,
2,6,7,"[0.16266337037086487, 0.052490849047899246, 0.5954869389533997, 3.7020511627197266, 0.5027413368225098, -1.3666621446609497, -1.9088586568832397, 0.1908545345067978]","[0.9074877500534058, -0.21080802381038666]",[],0.1,False,
2,6,8,"[-0.09629647433757782, -0.013006174936890602, 0.8150396347045898, 2.91467022895813, 0.35914087295532227, 1.071558952331543, -2.296358108520508, 0.1907765418291092]","[0.43524086475372314, 0.7705548405647278]",[],0.1,False,
2,6,9,"[-0.15687629580497742, 0.01471281610429287, 0.6136274933815002, 2.990912437438965, -0.23254776000976562, 1.8776353597640991, -1.7737938165664673, 0.378315269947052]","[0.7474765181541443, 0.762729823589325]",[],0.1,False,
2,6,10,"[0.14706194400787354, 0.2135542929172516, 0.2636747360229492, 3.8605117797851562, -0.694913387298584, -1.1742310523986816, -0.3353586792945862, -0.07916578650474548]","[0.40377077460289, -0.754387378692627]",[],0.1,False,
2,6,11,"[-0.056018758565187454, -0.09428472071886063, -0.5796031951904297, 3.186955451965332, -0.11568880081176758, -0.023312758654356003, -0.9314283132553101, 0.6222149729728699]","[0.7259456515312195, 0.0838255062699318]",[],0.1,False,
2,7,0,"[0.17632190883159637, 0.1603953242301941, -1.627676010131836, 2.69960618019104, 0.1477217674255371, -1.0930310487747192, -0.39140355587005615, -0.08791185170412064]","[-0.02667192928493023, 0.474483847618103]",[],0.1,False,
2,7,1,"[0.20154795050621033, -0.15418648719787598, -2.0058631896972656, 2.8413472175598145, 0.9159717559814453, -2.1528818607330322, -0.9783720374107361, -0.03644515201449394]","[-0.5534572005271912, -0.004506770055741072]",[],0.1,False,
2,7,2,"[0.045525241643190384, 0.21596190333366394, 0.33028411865234375, 3.5157947540283203, -0.3448925018310547, -0.8256214261054993, -0.40553581714630127, 0.696062445640564]","[-0.20893661677837372, 0.9241543412208557]",[],0.1,False,
2,7,3,"[-0.11580297350883484, -0.07889746874570847, -0.3664073944091797, 3.31309175491333, 0.2356553077697754, -0.5579181909561157, -1.2357691526412964, -1.0714473724365234]","[-0.9295607805252075, 0.5740925073623657]",[],0.1,False,
2,7,4,"[0.1801813840866089, -0.08967392146587372, -0.6583242416381836, 2.8245925903320312, -0.9905285835266113, -1.0746543407440186, -0.5075061321258545, -0.49427804350852966]","[-0.9183526039123535, 0.7229580879211426]",[],0.1,False,
2,7,5,"[0.2571972608566284, 0.22023916244506836, 0.01086699590086937, 3.2453956604003906, 1.21632719039917, -1.423990249633789, -1.7485051155090332, 0.9414922595024109]","[0.28570032119750977, -0.15609049797058105]",[],0.1,False,
2,7,6,"[0.011591605842113495, -0.028498608618974686, -1.4521126747131348, 2.9044761657714844, -1.0800139904022217, -0.38285037875175476, 0.02764749526977539, 0.6253876090049744]","[-0.7128400206565857, 0.3675100803375244]",[],0.1,False,
2,7,7,"[0.23966234922409058, 0.032656893134117126, 0.4142078459262848, 3.571399688720703, 0.5295939445495605, -1.875063180923462, -1.0093026161193848, 0.32132577896118164]","[0.8292359113693237, -0.4388887584209442]",[],0.1,False,
2,7,8,"[-0.05610790103673935, 0.052681148052215576, 0.9672613143920898, 2.8856728076934814, 0.38918542861938477, 1.577197551727295, -0.2083587348461151, 0.3279014825820923]","[-0.813512921333313, -0.5636270642280579]",[],0.1,False,
2,7,9,"[-0.0932251363992691, 0.08172138780355453, 0.8431109189987183, 2.956709146499634, -0.1767745018005371, 2.2968826293945312, -0.5329608917236328, 0.548875093460083]","[0.5323188304901123, 0.6173814535140991]",[],0.1,False,
2,7,10,"[0.18186727166175842, 0.15022914111614227, 0.1462535858154297, 3.768115997314453, -0.7028288841247559, -1.1742310523986816, -1.316358208656311, -0.07916578650474548]","[0.9140331149101257, 0.1523945927619934]",[],0.1,False,
2,7,11,"[0.006971072871237993, -0.08647453039884567, -0.5819301605224609, 3.0349526405334473, -0.0534663200378418, -0.023312758654356003, -1.9124277830123901, 0.6222149729728699]","[-0.8780023455619812, -0.9508049488067627]",[],0.1,False,
2,8,0,"[0.17390476167201996, 0.20046205818653107, -1.7735061645507812, 2.719660520553589, 0.17961645126342773, -1.2594163417816162, -0.5438249707221985, 0.12539875507354736]","[-0.7352840304374695, 0.9921187162399292]",[],0.1,False,
2,8,1,"[0.15461471676826477, -0.15454304218292236, -2.2808990478515625, 2.8432793617248535, 0.8674507141113281, -2.489574670791626, -0.9071139097213745, -0.23933659493923187]","[-0.782694935798645, 0.3469620645046234]",[],0.1,False,
2,8,2,"[0.0276468638330698, 0.2628084123134613, 0.23792266845703125, 3.608553886413574, -0.18258953094482422, -0.8341503739356995, -0.6539135575294495, 0.9298384189605713]","[-0.056001849472522736, -0.6794431805610657]",[],0.1,False,
2,8,3,"[-0.1935119330883026, -0.026161454617977142, -0.3525581359863281, 3.386603832244873, 0.11529397964477539, -0.09844446182250977, 0.0009744167327880859, -1.1443809270858765]","[-0.05170528218150139, -0.579287052154541]",[],0.1,False,
2,8,4,"[0.09937403351068497, -0.029428614303469658, -0.7958059310913086, 2.8413124084472656, -1.0509364604949951, -1.314893364906311, -0.29917994141578674, -0.5817623138427734]","[0.4988800883293152, 0.7928056716918945]",[],0.1,False,
2,8,5,"[0.25720152258872986, 0.2074025422334671, -0.15796156227588654, 3.0736074447631836, 1.3326869010925293, -1.8198976516723633, -1.7868664264678955, 1.269967794418335]","[0.7050231099128723, -0.38083139061927795]",[],0.1,False,
2,8,6,"[-0.049788396805524826, 0.005042726639658213, -1.4752578735351562, 3.1608991622924805, -1.022144079208374, -0.35075637698173523, 0.027170807123184204, 0.6168765425682068]","[0.8359808325767517, -0.48361772298812866]",[],0.1,False,
2,8,7,"[0.2524101734161377, -0.004773041233420372, 0.16011852025985718, 3.544018268585205, 0.5645318031311035, -2.194856643676758, -1.216217041015625, 0.3289269804954529]","[-0.9394773840904236, -0.9343460202217102]",[],0.1,False,
2,8,8,"[-0.1283508539199829, 0.006249604746699333, 1.1249799728393555, 2.8059768676757812, 0.42197513580322266, 1.577197551727295, -1.1893582344055176, 0.3279014825820923]","[-0.1312040388584137, 0.5180738568305969]",[],0.1,False,
2,8,9,"[-0.047415558248758316, 0.13542088866233826, 1.095089077949524, 3.0358521938323975, -0.08217620849609375, 2.3735477924346924, -0.4333336353302002, 0.7162538170814514]","[-0.7269629836082458, -0.8885822892189026]",[],0.1,False,
2,8,10,"[0.25870078802108765, 0.16280291974544525, -0.09770965576171875, 3.846599578857422, -0.6272058486938477, -1.5384339094161987, -1.0033233165740967, 0.17787523567676544]","[-0.3948678970336914, -0.6886802315711975]",[],0.1,False,
2,8,11,"[-0.06841877847909927, -0.16925710439682007, -0.5636959075927734, 3.2471580505371094, -0.08857870101928711, 0.017201976850628853, 0.058277323842048645, 0.1699330359697342]","[-0.3696686029434204, -0.8154284358024597]",[],0.1,False,
2,9,0,"[0.11085005849599838, 0.2657712996006012, -1.9737663269042969, 2.909449577331543, 0.34621620178222656, -1.3445202112197876, -0.5576359629631042, 0.393698513507843]","[-0.17794035375118256, -0.646438479423523]",[],0.1,False,
2,9,1,"[0.08778990805149078, -0.12423828989267349, -2.572469711303711, 2.883399486541748, 0.7986512184143066, -2.722813129425049, -0.6017381548881531, -0.438772976398468]","[0.5056113600730896, -0.595689594745636]",[],0.1,False,
2,9,2,"[0.02338222600519657, 0.20515337586402893, 0.15450477600097656, 3.484302520751953, -0.08960628509521484, -0.8341503739356995, -1.6349130868911743, 0.9298384189605713]","[0.9862615466117859, -0.9384888410568237]",[],0.1,False,
2,9,3,"[-0.20018891990184784, -0.07538959383964539, -0.32166099548339844, 3.4373836517333984, -0.010004520416259766, 0.12443486601114273, -0.2291058748960495, -1.2099717855453491]","[-0.6878248453140259, 0.9785771369934082]",[],0.1,False,
2,9,4,"[0.14025932550430298, 0.040571972727775574, -0.971644401550293, 2.9504709243774414, -1.1023528575897217, -1.446064829826355, -0.3619399666786194, -0.5520553588867188]","[0.6315028667449951, -0.02163725718855858]",[],0.1,False,
2,9,5,"[0.25701141357421875, 0.17592653632164001, -0.3653772473335266, 2.894211769104004, 1.4779934883117676, -2.157705307006836, -1.9334019422531128, 1.5092178583145142]","[0.7617159485816956, -0.5836674571037292]",[],0.1,False,
2,9,6,"[0.02208118699491024, -0.03891400247812271, -1.5103340148925781, 3.1047563552856445, -0.9604558944702148, -0.35075637698173523, -0.9538288116455078, 0.6168765425682068]","[-0.8254662752151489, -0.9350486993789673]",[],0.1,False,
2,9,7,"[0.16855473816394806, -0.08063534647226334, -0.05936705321073532, 3.363536834716797, 0.5974240303039551, -2.194856643676758, -2.197216510772705, 0.3289269804954529]","[-0.9569565653800964, 0.2221468836069107]",[],0.1,False,
2,9,8,"[-0.13818833231925964, 0.051374539732933044, 1.296811580657959, 2.7192137241363525, 0.45419740676879883, 1.822973370552063, -0.7872605323791504, 0.35020092129707336]","[-0.8353726863861084, -0.055725786834955215]",[],0.1,False,
2,9,9,"[-0.10961668938398361, 0.05809687077999115, 1.3324437141418457, 2.9336588382720947, -0.010550498962402344, 2.3735477924346924, -1.4143331050872803, 0.7162538170814514]","[0.5210264921188354, -0.29822492599487305]",[],0.1,False,
2,9,10,"[0.22495180368423462, 0.10536926239728928, -0.25155162811279297, 3.6874074935913086, -0.6094174385070801, -1.5384339094161987, -1.9843227863311768, 0.17787523567676544]","[-0.8483774065971375, 0.0978301465511322]",[],0.1,False,
2,9,11,"[-0.09960491210222244, -0.2387656420469284, -0.5165081024169922, 3.4624643325805664, -0.18584632873535156, 0.09885638952255249, -0.06196390092372894, -0.07546006143093109]","[0.04274247959256172, 0.43265703320503235]",[],0.1,False,
2,10,0,"[0.09768962860107422, 0.21083121001720428, -2.108220100402832, 2.794826030731201, 0.3855862617492676, -1.3445202112197876, -1.538635492324829, 0.393698513507843]","[-0.9046086072921753, 0.6051764488220215]",[],0.1,False,
2,10,1,"[0.13066579401493073, -0.17571000754833221, -2.8520703315734863, 2.8082001209259033, 0.7424964904785156, -2.7657506465911865, -0.995229184627533, -0.5915538668632507]","[-0.3282601535320282, -0.8992683291435242]",[],0.1,False,
2,10,2,"[0.10756882280111313, 0.12447308003902435, 0.07108688354492188, 3.261951446533203, 0.0033769607543945312, -0.8341503739356995, -2.615912675857544, 0.9298384189605713]","[-0.08006777614355087, 0.48080766201019287]",[],0.1,False,
2,10,3,"[-0.2540994882583618, 0.010398667305707932, -0.2167510986328125, 3.562533378601074, -0.13096332550048828, 0.4210033714771271, -0.16729111969470978, -1.1665245294570923]","[0.744473397731781, 0.16084104776382446]",[],0.1,False,
2,10,4,"[0.19456779956817627, 0.04071589186787605, -1.1328372955322266, 2.90872859954834, -1.1548218727111816, -1.645053744316101, -0.6236435174942017, -0.5133880972862244]","[0.9489952325820923, -0.9154754877090454]",[],0.1,False,
2,10,5,"[0.25616925954818726, 0.1273207813501358, -0.6307385563850403, 2.748218536376953, 1.6556720733642578, -2.470743417739868, -1.930205225944519, 1.6680645942687988]","[-0.31335774064064026, 0.11424383521080017]",[],0.1,False,
2,10,6,"[-0.051829367876052856, -0.11832448095083237, -1.5369672775268555, 3.0485658645629883, -0.9151296615600586, -0.18731701374053955, 0.09670823812484741, 0.3151063919067383]","[0.8187673687934875, 0.15969519317150116]",[],0.1,False,
2,10,7,"[0.08727012574672699, -0.0565243661403656, -0.278852641582489, 3.0849552154541016, 0.6303162574768066, -2.194856643676758, -3.178215980529785, 0.3289269804954529]","[-0.22355815768241882, -0.5077330470085144]",[],0.1,False,
2,10,8,"[-0.20998267829418182, 0.0490732416510582, 1.4796900749206543, 2.5881147384643555, 0.48873138427734375, 1.851277232170105, -1.443508505821228, 0.3254910111427307]","[-0.7211019396781921, 0.8878869414329529]",[],0.1,False,
2,10,9,"[-0.06401150673627853, 0.0328424908220768, 1.5809166431427002, 2.817981004714966, 0.0662679672241211, 2.6138784885406494, -0.39322009682655334, 0.8315662145614624]","[-0.17285266518592834, 0.73123699426651]",[],0.1,False,
2,10,10,"[0.15281663835048676, 0.1145806610584259, -0.4053936004638672, 3.430115222930908, -0.5916290283203125, -1.5384339094161987, -2.965322256088257, 0.17787523567676544]","[-0.8442665338516235, 0.7370122671127319]",[],0.1,False,
2,10,11,"[-0.0961259976029396, -0.20211070775985718, -0.5066184997558594, 3.3974080085754395, -0.19339227676391602, 0.09885638952255249, -1.0429635047912598, -0.07546006143093109]","[0.14600728452205658, 0.3013085424900055]",[],0.1,False,
2,11,1,"[0.10733781009912491, -0.23634174466133118, -3.0558929443359375, 2.963305950164795, 0.6091914176940918, -2.6098220348358154, -0.9644410014152527, -0.6812134981155396]",,,-1.0,True,
3,0,0,"[0.05785304680466652, 0.03209834545850754, 0.07408714294433594, 3.9960761070251465, -0.17185211181640625, 0.0, -0.1961999237537384, 0.0]","[-0.3409498929977417, 0.008781595155596733]",[],0.1,False,
3,0,1,"[0.07668270915746689, -0.009788913652300835, -1.145226001739502, 3.9960761070251465, 0.9172368049621582, 0.0, -0.1961999237537384, 0.0]","[-0.4203232526779175, 0.6364650130271912]",[],0.1,False,
3,0,2,"[0.07802990823984146, 0.007599679287523031, -0.3093242645263672, 3.9960756301879883, 0.6532278060913086, 0.0, -0.1961999237537384, 0.0]","[-0.8438625931739807, 0.565966784954071]",[],0.1,False,
3,0,3,"[0.059601541608572006, 0.03090653568506241, -0.04239654541015625, 3.9960761070251465, 0.29773807525634766, 0.0, -0.1961999237537384, 0.0]","[-0.47771334648132324, 0.42358583211898804]",[],0.1,False,
3,0,4,"[-0.030432911589741707, 0.06616123765707016, -1.1037235260009766, 3.9960756301879883, -0.2240128517150879, 0.0, -0.1961999237537384, 0.0]","[-0.11384015530347824, -0.6920437216758728]",[],0.1,False,
3,0,5,"[-0.041950467973947525, -0.07235939800739288, -0.07888007164001465, 3.9960756301879883, -0.2914562225341797, 0.0, -0.1961999237537384, 0.0]","[0.483242005109787, 0.513706386089325]",[],0.1,False,
3,0,6,"[0.02695951610803604, -0.014991960488259792, -0.021742820739746094, 3.9960756301879883, -1.45051908493042, 0.0, -0.1961999237537384, 0.0]","[0.9271601438522339, -0.37388938665390015]",[],0.1,False,
3,0,7,"[-0.0769076719880104, -0.01796644926071167, 0.6148495078086853, 3.9960761070251465, -0.3776817321777344, 0.0, -0.1961999237537384, 0.0]","[-0.25127196311950684, 0.5707980990409851]",[],0.1,False,
3,0,8,"[0.053148053586483, 0.02040017582476139, -0.9382743835449219, 3.9960761070251465, 0.820401668548584, 0.0, -0.1961999237537384, 0.0]","[0.8850523233413696, -0.9085058569908142]",[],0.1,False,
3,0,9,"[-0.0029447346460074186, -0.03831029310822487, -0.9901552796363831, 3.9960761070251465, -0.8563098907470703, 0.0, -0.1961999237537384, 0.0]","[0.27490004897117615, 0.34968921542167664]",[],0.1,False,
3,0,10,"[-0.04688883200287819, -0.031176570802927017, 1.1515154838562012, 3.9960761070251465, -0.0723261833190918, 0.0, -0.1961999237537384, 0.0]","[-0.8935348391532898, 0.1471586674451828]",[],0.1,False,
3,0,11,"[0.04822685942053795, -0.08451666682958603, 0.43665504455566406, 3.9960761070251465, 1.4115371704101562, 0.0, -0.1961999237537384, 0.0]","[0.8379358053207397, -0.7818474173545837]",[],0.1,False,
3,1,0,"[0.02814469300210476, 0.032904308289289474, 0.07408714294433594, 3.9175961017608643, -0.17185211181640625, 0.0, -1.1771994829177856, 0.0]","[0.626961886882782, -0.09682364016771317]",[],0.1,False,
3,1,1,"[0.039933230727910995, 0.0455704890191555, -1.145226001739502, 3.9175961017608643, 0.9172368049621582, 0.0, -1.1771994829177856, 0.0]","[0.9817297458648682, 0.34723329544067383]",[],0.1,False,
3,1,2,"[0.004431681241840124, 0.05684017017483711, -0.3093242645263672, 3.917595863342285, 0.6532278060913086, 0.0, -1.1771994829177856, 0.0]","[-0.7786083817481995, 0.5853460431098938]",[],0.1,False,
3,1,3,"[0.017995914444327354, 0.06781524419784546, -0.04239654541015625, 3.9175963401794434, 0.29773807525634766, 0.0, -1.1771994829177856, 0.0]","[0.3686250150203705, -0.6295949220657349]",[],0.1,False,
3,1,4,"[-0.04014735668897629, 0.005827048793435097, -1.1037235260009766, 3.917595863342285, -0.2240128517150879, 0.0, -1.1771994829177856, 0.0]","[0.7506270408630371, 0.736350417137146]",[],0.1,False,
3,1,5,"[0.00023337281891144812, -0.027692053467035294, -0.07888007164001465, 3.917595863342285, -0.2914562225341797, 0.0, -1.1771994829177856, 0.0]","[-0.041579749435186386, -0.9795199036598206]",[],0.1,False,
3,1,6,"[0.10764575004577637, -0.04745631292462349, -0.021742820739746094, 3.917595863342285, -1.45051908493042, 0.0, -1.1771994829177856, 0.0]","[-0.07844509929418564, 0.7842357158660889]",[],0.1,False,
3,1,7,"[-0.09856823086738586, 0.031704578548669815, 0.6148495078086853, 3.9175963401794434, -0.3776817321777344, 0.0, -1.1771994829177856, 0.0]","[-0.9863576889038086, -0.3432930111885071]",[],0.1,False,
3,1,8,"[0.12965837121009827, -0.05872918665409088, -0.9382743835449219, 3.9175961017608643, 0.820401668548584, 0.0, -1.1771994829177856, 0.0]","[0.6656385064125061, 0.35711637139320374]",[],0.1,False,
3,1,9,"[0.021020807325839996, -0.007797904312610626, -0.9901552796363831, 3.9175961017608643, -0.8563098907470703, 0.0, -1.1771994829177856, 0.0]","[-0.03860540688037872, 0.7232821583747864]",[],0.1,False,
3,1,10,"[-0.12448818236589432, -0.01816752552986145, 1.1515154838562012, 3.9175963401794434, -0.0723261833190918, 0.0, -1.1771994829177856, 0.0]","[0.12521623075008392, 0.8189653158187866]",[],0.1,False,
3,1,11,"[0.12099950760602951, -0.1515340507030487, 0.43665504455566406, 3.9175963401794434, 1.4115371704101562, 0.0, -1.1771994829177856, 0.0]","[0.7980046272277832, -0.025280527770519257]",[],0.1,False,
3,2,0,"[0.08272458612918854, 0.024372387677431107, 0.07408714294433594, 3.741016387939453, -0.17185211181640625, 0.0, -2.1581990718841553, 0.0]","[0.9970084428787231, 0.3834575414657593]",[],0.1,False,
3,2,1,"[0.125059112906456, 0.07592605799436569, -1.145226001739502, 3.741016387939453, 0.9172368049621582, 0.0, -2.1581990718841553, 0.0]","[-0.8990480899810791, -0.9121778607368469]",[],0.1,False,
3,2,2,"[-0.06353288143873215, 0.10736129432916641, -0.3093242645263672, 3.741016387939453, 0.6532278060913086, 0.0, -2.1581990718841553, 0.0]","[0.11727907508611679, -0.2126837819814682]",[],0.1,False,
3,2,3,"[0.05007548630237579, 0.012957937084138393, -0.04239654541015625, 3.741016387939453, 0.29773807525634766, 0.0, -2.1581990718841553, 0.0]","[-0.7975839376449585, 0.8466278910636902]",[],0.1,False,
3,2,4,"[0.0250839963555336, 0.07025054842233658, -1.1037235260009766, 3.741016387939453, -0.2240128517150879, 0.0, -2.1581990718841553, 0.0]","[-0.2600947320461273, -0.14106851816177368]",[],0.1,False,
3,2,5,"[-0.0035190654452890158, -0.11292760819196701, -0.07888007164001465, 3.741016387939453, -0.2914562225341797, 0.0, -2.1581990718841553, 0.0]","[-0.6207550764083862, 0.7825755476951599]",[],0.1,False,
3,2,6,"[0.10058923810720444, 0.020573114976286888, -0.021742820739746094, 3.741016387939453, -1.45051908493042, 0.0, -2.1581990718841553, 0.0]","[-0.3127589523792267, 0.5568605661392212]",[],0.1,False,
3,2,7,"[-0.18380920588970184, 0.002372350078076124, 0.6148495078086853, 3.741016387939453, -0.3776817321777344, 0.0, -2.1581990718841553, 0.0]","[-0.399292528629303, 0.468951553106308]",[],0.1,False,
3,2,8,"[0.18705926835536957, -0.028295272961258888, -0.9382743835449219, 3.741016387939453, 0.820401668548584, 0.0, -2.1581990718841553, 0.0]","[0.3793085515499115, 0.3421860635280609]",[],0.1,False,
3,2,9,"[0.0175588671118021, 0.05527622252702713, -0.9901552796363831, 3.741016387939453, -0.8563098907470703, 0.0, -2.1581990718841553, 0.0]","[-0.11586807668209076, -0.8697215914726257]",[],0.1,False,
3,2,10,"[-0.11300092190504074, 0.05268578603863716, 1.1515154838562012, 3.741016387939453, -0.0723261833190918, 0.0, -2.1581990718841553, 0.0]","[-0.4923325479030609, -0.28280118107795715]",[],0.1,False,
3,2,11,"[0.1889844387769699, -0.15290996432304382, 0.3716259002685547, 3.9865574836730957, 1.3392033576965332, -0.307233601808548, -0.2833055853843689, -0.4670601785182953]","[0.6312254667282104, 0.19186577200889587]",[],0.1,False,
3,3,0,"[0.16903375089168549, 0.057245075702667236, 0.07408714294433594, 3.466336488723755, -0.17185211181640625, 0.0, -3.1391985416412354, 0.0]","[0.12130958586931229, 0.5573516488075256]",[],0.1,False,
3,3,1,"[0.04709198325872421, -0.0034395898692309856, -1.145226001739502, 3.466336488723755, 0.9172368049621582, 0.0, -3.1391985416412354, 0.0]","[-0.07756265252828598, -0.22765059769153595]",[],0.1,False,
3,3,2,"[-0.05324922502040863, 0.08898764103651047, -0.3093242645263672, 3.466336250305176, 0.6532278060913086, 0.0, -3.1391985416412354, 0.0]","[0.1028272807598114, 0.9870022535324097]",[],0.1,False,
3,3,3,"[-0.01941891573369503, 0.0867462158203125, -0.04239654541015625, 3.466336727142334, 0.29773807525634766, 0.0, -3.1391985416412354, 0.0]","[0.7213180065155029, -0.6290032267570496]",[],0.1,False,
3,3,4,"[0.002478626323863864, 0.05789446830749512, -1.1037235260009766, 3.466336250305176, -0.2240128517150879, 0.0, -3.1391985416412354, 0.0]","[-0.6468509435653687, 0.8634167909622192]",[],0.1,False,
3,3,5,"[-0.057069383561611176, -0.044650930911302567, -0.07888007164001465, 3.466336250305176, -0.2914562225341797, 0.0, -3.1391985416412354, 0.0]","[0.11153430491685867, -0.4264160692691803]",[],0.1,False,
3,3,6,"[0.0729469284415245, 0.06868426501750946, -0.021742820739746094, 3.466336250305176, -1.45051908493042, 0.0, -3.1391985416412354, 0.0]","[0.9842438697814941, 0.2102765142917633]",[],0.1,False,
3,3,7,"[-0.21779413521289825, 0.04250948131084442, 0.6148495078086853, 3.466336727142334, -0.3776817321777344, 0.0, -3.1391985416412354, 0.0]","[-0.24501241743564606, -0.14267747104167938]",[],0.1,False,
3,3,8,"[0.21936731040477753, 0.0009993683779612184, -0.9382743835449219, 3.466336488723755, 0.820401668548584, 0.0, -3.1391985416412354, 0.0]","[-0.9228425621986389, -0.5801180601119995]",[],0.1,False,
3,3,9,"[0.0075929369777441025, -0.020605359226465225, -0.9901552796363831, 3.466336488723755, -0.8563098907470703, 0.0, -3.1391985416412354, 0.0]","[-0.45317015051841736, 0.9188756942749023]",[],0.1,False,
3,3,10,"[-0.15578414499759674, 0.02873881533741951, 1.1515154838562012, 3.466336727142334, -0.0723261833190918, 0.0, -3.1391985416412354, 0.0]","[-0.40599459409713745, -0.1305547058582306]",[],0.1,False,
3,3,11,"[0.24176722764968872, -0.1355704516172409, 0.27277183532714844, 4.053873538970947, 1.250753402709961, -0.5448129177093506, -0.47941821813583374, -0.6019185185432434]","[-0.17055292427539825, -0.07108673453330994]",[],0.1,False,
3,4,0,"[0.17932739853858948, 0.1049756407737732, -0.014207839965820312, 3.2980287075042725, -0.12008333206176758, -1.5383970737457275, -0.7980514764785767, 0.9221897125244141]","[-0.46270832419395447, -0.7172879576683044]",[],0.1,False,
3,4,1,"[0.04030661657452583, -0.023277804255485535, -1.145226001739502, 3.0935568809509277, 0.9172368049621582, 0.0, -4.1201982498168945, 0.0]","[-0.9136336445808411, 0.155518040060997]",[],0.1,False,
3,4,2,"[-0.0446835495531559, 0.17427977919578552, -0.3093242645263672, 3.0935564041137695, 0.6532278060913086, 0.0, -4.1201982498168945, 0.0]","[-0.5742918848991394, 0.07795598357915878]",[],0.1,False,
3,4,3,"[0.04328741505742073, 0.03191094473004341, -0.04239654541015625, 3.0935568809509277, 0.29773807525634766, 0.0, -4.1201982498168945, 0.0]","[-0.8138181567192078, 0.03450678661465645]",[],0.1,False,
3,4,4,"[-0.05413558706641197, 0.1325303614139557, -1.1083450317382812, 3.293668746948242, -0.19222068786621094, -0.22817300260066986, -0.1102648675441742, 0.4991132915019989]","[-0.367984801530838, -0.5645922422409058]",[],0.1,False,
3,4,5,"[-0.047639887779951096, -0.08180952072143555, -0.07888007164001465, 3.0935564041137695, -0.2914562225341797, 0.0, -4.1201982498168945, 0.0]","[0.20660902559757233, -0.4056052565574646]",[],0.1,False,
3,4,6,"[0.15780387818813324, 0.08768461644649506, -0.09951496124267578, 3.426881790161133, -1.403104305267334, -0.7535193562507629, -0.33437380194664, 0.4556061029434204]","[-0.24003376066684723, -0.8866292238235474]",[],0.1,False,
3,4,7,"[-0.23866212368011475, 0.030525922775268555, 0.6148495078086853, 3.0935568809509277, -0.3776817321777344, 0.0, -4.1201982498168945, 0.0]","[0.4669036865234375, 0.8821876645088196]",[],0.1,False,
3,4,8,"[0.14025437831878662, -0.049015190452337265, -0.9382743835449219, 3.0935568809509277, 0.820401668548584, 0.0, -4.1201982498168945, 0.0]","[0.5780670642852783, 0.36711540818214417]",[],0.1,False,
3,4,9,"[-0.03202471137046814, 0.05948208272457123, -0.9697516560554504, 3.187481641769409, -0.8422989845275879, 0.979923665523529, -0.1370699405670166, 0.6162801384925842]","[-0.9141673445701599, 0.9300329089164734]",[],0.1,False,
3,4,10,"[-0.19073748588562012, 0.017766645178198814, 1.1515154838562012, 3.0935568809509277, -0.0723261833190918, 0.0, -4.1201982498168945, 0.0]","[0.31015345454216003, 0.8178087472915649]",[],0.1,False,
3,4,11,"[0.22761306166648865, -0.14193086326122284, 0.20813941955566406, 3.976736068725586, 1.183969497680664, -0.7228079438209534, -0.8934701085090637, -0.7130411267280579]","[-0.49018552899360657, -0.8680028319358826]",[],0.1,False,
3,5,0,"[0.13979774713516235, 0.04318375512957573, -0.1680450439453125, 3.1593635082244873, -0.02786540985107422, -1.5383970737457275, -1.7790509462356567, 0.9221897125244141]","[0.5898351669311523, 0.8734591007232666]",[],0.1,False,
3,5,1,"[-0.03935397043824196, -0.009520657360553741, -1.2195286750793457, 3.1134610176086426, 0.8915190696716309, -0.968999445438385, 0.07121212780475616, -0.28148725628852844]","[0.738321840763092, -0.7101070880889893]",[],0.1,False,
3,5,2,"[-0.09392452239990234, 0.18067945539951324, -0.2971172332763672, 3.021829605102539, 0.7955913543701172, 0.054617851972579956, -0.6046915054321289, 1.546491026878357]","[-0.7135179042816162, 0.15855343639850616]",[],0.1,False,
3,5,3,"[-0.02766837552189827, 0.03509816899895668, -0.031876564025878906, 2.992180347442627, 0.28509950637817383, 0.17444202303886414, 0.010710090398788452, -0.28909575939178467]","[-0.9257728457450867, -0.3632946014404297]",[],0.1,False,
3,5,4,"[-0.08544588088989258, 0.0833795815706253, -1.1229934692382812, 3.306454658508301, -0.12633943557739258, -0.13679812848567963, -0.08701641857624054, 0.6620177626609802]","[-0.8719891905784607, -0.6598488092422485]",[],0.1,False,
3,5,5,"[-0.02986506186425686, -0.11708816885948181, -0.12425123900175095, 3.0239200592041016, -0.3058743476867676, -0.5704538822174072, -0.008057460188865662, -0.18107494711875916]","[-0.21904145181179047, -0.626714289188385]",[],0.1,False,
3,5,6,"[0.13736805319786072, 0.011166433803737164, -0.1748647689819336, 3.3345842361450195, -1.357543706893921, -0.7535193562507629, -1.3153733015060425, 0.4556061029434204]","[-0.3891587555408478, -0.24722589552402496]",[],0.1,False,
3,5,7,"[-0.19796250760555267, 0.10503823310136795, 0.7012906074523926, 3.115091323852539, -0.34690332412719727, 0.7244679927825928, -0.36758869886398315, 0.2557883560657501]","[0.06214147433638573, 0.8639443516731262]",[],0.1,False,
3,5,8,"[0.18996477127075195, -0.017502671107649803, -0.9578733444213867, 2.882150650024414, 0.830540657043457, -0.355246365070343, -0.6317827701568604, 0.16851738095283508]","[-0.47858232259750366, -0.08744391798973083]",[],0.1,False,
3,5,9,"[-0.11136197298765182, 0.1397983580827713, -0.8060140013694763, 3.5692520141601562, -0.6875486373901367, 0.9439046382904053, -0.40671634674072266, 0.6314069628715515]","[0.9008503556251526, 0.28169509768486023]",[],0.1,False,
3,5,10,"[-0.1632777750492096, 0.08762791752815247, 1.1729445457458496, 2.824899673461914, -0.038834571838378906, 0.43535465002059937, -0.2978995442390442, 0.7806071043014526]","[-0.8613952398300171, 0.17651811242103577]",[],0.1,False,
3,5,11,"[0.1873680055141449, -0.2154393047094345, 0.03292083740234375, 4.080794811248779, 1.042783260345459, -1.1042327880859375, -0.5558202266693115, -0.9752784967422485]","[-0.14202642440795898, -0.43875905871391296]",[],0.1,False,
3,6,0,"[0.190124973654747, 0.11815851181745529, -0.3861846923828125, 3.1406850814819336, 0.09825468063354492, -1.8885729312896729, -1.0583767890930176, 1.097115397453308]","[-0.562625527381897, -0.17578166723251343]",[],0.1,False,
3,6,1,"[0.024903276935219765, -0.07154954224824905, -1.318253993988037, 3.092787504196167, 0.859036922454834, -0.9845817685127258, -0.10491254925727844, -0.38490867614746094]","[-0.42029404640197754, -0.7927215099334717]",[],0.1,False,
3,6,2,"[-0.15481452643871307, 0.19323332607746124, -0.24714279174804688, 3.073927879333496, 1.0077695846557617, 0.20304498076438904, -0.7756276726722717, 1.6780037879943848]","[0.1279517412185669, -0.9338549971580505]",[],0.1,False,
3,6,3,"[-0.1081942468881607, 0.0034579364582896233, 0.0033292770385742188, 3.0639920234680176, 0.2610287666320801, 0.27351412177085876, -0.058676108717918396, -0.2467697411775589]","[-0.4863929748535156, -0.42960020899772644]",[],0.1,False,
3,6,4,"[-0.1596265435218811, 0.024964464828372, -1.0686769485473633, 3.509317398071289, -0.040354251861572266, 0.038130808621644974, -0.042270153760910034, 0.6821419596672058]","[0.0695299506187439, 0.5290578603744507]",[],0.1,False,
3,6,5,"[-0.04897186532616615, -0.17108580470085144, -0.17123110592365265, 3.0879459381103516, -0.3563556671142578, -0.5033327341079712, -0.07895836234092712, -0.3658768832683563]","[0.3808048665523529, -0.044916752725839615]",[],0.1,False,
3,6,6,"[0.10358776152133942, -0.010156034491956234, -0.2502145767211914, 3.1441869735717773, -1.3119831085205078, -0.7535193562507629, -2.296372890472412, 0.4556061029434204]","[-0.7837252020835876, 0.21448475122451782]",[],0.1,False,
3,6,7,"[-0.19040632247924805, 0.17801795899868011, 0.848917543888092, 3.2199912071228027, -0.25940847396850586, 0.9226182699203491, -0.5495456457138062, 0.4146248996257782]","[-0.5097213387489319, 0.6708352565765381]",[],0.1,False,
3,6,8,"[0.14883476495742798, -0.025133803486824036, -1.0268363952636719, 2.8689076900482178, 0.8426880836486816, -0.750411868095398, -0.22587695717811584, 0.10720425099134445]","[-0.19295543432235718, -0.6201748847961426]",[],0.1,False,
3,6,9,"[-0.033706992864608765, 0.16364224255084991, -0.71162348985672, 3.4697203636169434, -0.6244082450866699, 0.9439046382904053, -1.3877158164978027, 0.6314069628715515]","[0.229127898812294, 0.6417489647865295]",[],0.1,False,
3,6,10,"[-0.2363121509552002, 0.10385836660861969, 1.237940788269043, 2.7997937202453613, 0.0479283332824707, 0.6463841795921326, -0.5413397550582886, 0.8479015827178955]","[0.9061450362205505, 0.5969854593276978]",[],0.1,False,
3,6,11,"[0.17538520693778992, -0.2519886791706085, -0.11746406555175781, 4.095851421356201, 0.9439482688903809, -1.398596167564392, -0.324996680021286, -0.9679903984069824]","[0.7933617234230042, 0.2791534662246704]",[],0.1,False,
3,7,0,"[0.14219479262828827, 0.10260583460330963, -0.5776500701904297, 2.983933687210083, 0.20912790298461914, -2.019177198410034, -1.6420589685440063, 1.1550160646438599]","[0.5973122119903564, -0.6698138117790222]",[],0.1,False,
3,7,1,"[-0.011803949251770973, -0.1402173638343811, -1.4108390808105469, 3.359811305999756, 0.7504758834838867, -0.8923036456108093, -0.11615996062755585, -0.4813944697380066]","[0.20626702904701233, -0.7157083749771118]",[],0.1,False,
3,7,2,"[-0.1419459581375122, 0.1139163002371788, -0.2146148681640625, 3.0012311935424805, 1.1947078704833984, 0.42818528413772583, -0.5879300832748413, 1.9794217348098755]","[0.6607527136802673, 0.7287785410881042]",[],0.1,False,
3,7,3,"[-0.15008382499217987, -0.03388445824384689, 0.06483840942382812, 3.1404247283935547, 0.23212099075317383, 0.4426805377006531, -0.1564960479736328, -0.26039886474609375]","[0.8098741173744202, -0.6642863154411316]",[],0.1,False,
3,7,4,"[-0.154654398560524, 0.07063288241624832, -1.0454778671264648, 3.5190725326538086, 0.03575849533081055, 0.2348894625902176, -0.1856459379196167, 0.7691551446914673]","[-0.1404564082622528, 0.17587672173976898]",[],0.1,False,
3,7,5,"[-0.01625899039208889, -0.17496350407600403, -0.2207564264535904, 3.0582637786865234, -0.40148401260375977, -0.4856903851032257, -0.36162325739860535, -0.5307129621505737]","[0.36712056398391724, -0.3708213269710541]",[],0.1,False,
3,7,6,"[0.035450197756290436, 0.00880035012960434, -0.33658313751220703, 3.003085136413574, -1.2630529403686523, -0.9843648672103882, -0.07930177450180054, 0.5353926420211792]","[-0.44821953773498535, 0.7192303538322449]",[],0.1,False,
3,7,7,"[-0.23063431680202484, 0.23554660379886627, 1.0397355556488037, 3.3318004608154297, -0.11218690872192383, 1.0634312629699707, -0.8955079317092896, 0.5588773488998413]","[0.5515144467353821, -0.10723620653152466]",[],0.1,False,
3,7,8,"[0.13202999532222748, -0.07861536741256714, -1.1474065780639648, 2.9656293392181396, 0.8339285850524902, -0.9356140494346619, -0.25130224227905273, 0.023320969194173813]","[0.6613801121711731, 0.19848649203777313]",[],0.1,False,
3,7,9,"[-0.013247495517134666, 0.21830318868160248, -0.6014133095741272, 3.5400149822235107, -0.46718502044677734, 1.0537503957748413, -0.5546788573265076, 1.1305431127548218]","[0.5778716206550598, -0.037840552628040314]",[],0.1,False,
3,7,10,"[-0.15812522172927856, 0.1526610106229782, 1.3467202186584473, 2.812746524810791, 0.16732025146484375, 0.889061450958252, -0.649579644203186, 1.0437015295028687]","[0.37604525685310364, 0.12630760669708252]",[],0.1,False,
3,7,11,"[0.24085259437561035, -0.22876669466495514, -0.30417823791503906, 4.114513874053955, 0.8436293601989746, -1.468658447265625, -1.0406746864318848, -0.9146252274513245]","[0.4645542502403259, -0.5723156332969666]",[],0.1,False,
3,8,0,"[0.19363757967948914, 0.045504309237003326, -0.8146476745605469, 2.886970043182373, 0.34340810775756836, -2.410134792327881, -1.1243244409561157, 1.361425757408142]","[0.7631881833076477, 0.943187415599823]",[],0.1,False,
3,8,1,"[0.0057642487809062, -0.2018006294965744, -1.4993176460266113, 3.508197069168091, 0.6263513565063477, -0.8743999004364014, -0.30409204959869385, -0.6830786466598511]","[0.7385846972465515, 0.015503378584980965]",[],0.1,False,
3,8,2,"[-0.08661871403455734, 0.17773215472698212, -0.17179489135742188, 2.883578300476074, 1.3926501274108887, 0.42818528413772583, -1.5689295530319214, 1.9794217348098755]","[0.05218560993671417, 0.26203617453575134]",[],0.1,False,
3,8,3,"[-0.07926978915929794, -0.09053729474544525, 0.11567974090576172, 3.107962131500244, 0.20040130615234375, 0.5912214517593384, -0.16763776540756226, -0.3924638628959656]","[0.4610048234462738, -0.14296557009220123]",[],0.1,False,
3,8,4,"[-0.16698239743709564, 0.08551158756017685, -0.9896278381347656, 3.5535688400268555, 0.12702369689941406, 0.4325469136238098, -0.3027545213699341, 0.8518353700637817]","[-0.6930544972419739, -0.8147611021995544]",[],0.1,False,
3,8,5,"[0.015397980809211731, -0.20655490458011627, -0.2686775326728821, 3.0555334091186523, -0.4845867156982422, -0.4778265655040741, -0.37322333455085754, -0.8051087260246277]","[-0.513096272945404, 0.8693630695343018]",[],0.1,False,
3,8,6,"[-0.0034837552811950445, 0.07159323245286942, -0.4393339157104492, 3.1938724517822266, -1.187776803970337, -0.9864202737808228, -0.07833123207092285, 0.5894242525100708]","[-0.8263784050941467, -0.49752673506736755]",[],0.1,False,
3,8,7,"[-0.18539127707481384, 0.22441956400871277, 1.1473701000213623, 3.1883726119995117, -0.0553593635559082, 1.1278581619262695, -1.6270103454589844, 0.6053470969200134]","[0.040663886815309525, 0.6853231191635132]",[],0.1,False,
3,8,8,"[0.18888889253139496, -0.061793506145477295, -1.240966796875, 2.881639242172241, 0.8362603187561035, -0.9356140494346619, -1.2323018312454224, 0.023320969194173813]","[0.08616556972265244, 0.8359618782997131]",[],0.1,False,
3,8,9,"[0.03588658571243286, 0.21395903825759888, -0.49536651372909546, 3.4324913024902344, -0.3527402877807617, 1.087831735610962, -1.1951637268066406, 1.1995526552200317]","[-0.12245216965675354, 0.124310202896595]",[],0.1,False,
3,8,10,"[-0.1256522685289383, 0.1621934026479721, 1.461937427520752, 2.792830467224121, 0.30410242080688477, 1.0759565830230713, -0.7314842343330383, 1.2818193435668945]","[-0.8842125535011292, -0.543928325176239]",[],0.1,False,
3,8,11,"[0.256494402885437, -0.2565843462944031, -0.5349159240722656, 4.138857364654541, 0.7455501556396484, -1.817660927772522, -1.018352746963501, -0.9427882432937622]","[0.504320502281189, 0.43711337447166443]",[],0.1,False,
3,9,0,"[0.2579590678215027, 0.1253727525472641, -1.0873775482177734, 2.7994353771209717, 0.4945554733276367, -2.3910088539123535, -1.813535213470459, 1.3831369876861572]","[0.730485737323761, 0.4665040373802185]",[],0.1,False,
3,9,1,"[0.06883369386196136, -0.20016634464263916, -1.5867576599121094, 3.4189279079437256, 0.55804443359375, -0.8743999004364014, -1.285091519355774, -0.6830786466598511]","[-0.5967715978622437, -0.4376465082168579]",[],0.1,False,
3,9,2,"[-0.08246255666017532, 0.20016321539878845, -0.12897491455078125, 2.667825698852539, 1.590592384338379, 0.42818528413772583, -2.549929141998291, 1.9794217348098755]","[0.8149988651275635, -0.031853027641773224]",[],0.1,False,
3,9,3,"[-0.03905029967427254, -0.10213477164506912, 0.17989730834960938, 3.091501235961914, 0.15220880508422852, 0.6684156656265259, -0.16356161236763, -0.5412068963050842]","[-0.04226698726415634, 0.8578421473503113]",[],0.1,False,
3,9,4,"[-0.22430777549743652, 0.014553283341228962, -0.8426914215087891, 3.7291221618652344, 0.22756719589233398, 0.6519721150398254, -0.3297739624977112, 0.8510408401489258]","[0.09972120821475983, -0.9387876987457275]",[],0.1,False,
3,9,5,"[-0.028893103823065758, -0.13199378550052643, -0.3159412741661072, 2.978764533996582, -0.5689587593078613, -0.4521276354789734, -0.38341981172561646, -0.9976122975349426]","[0.019068218767642975, 0.529044508934021]",[],0.1,False,
3,9,6,"[-0.07532951980829239, 0.02819002792239189, -0.5374021530151367, 3.183699607849121, -1.1220946311950684, -0.915059506893158, 0.10039475560188293, 0.6945191621780396]","[0.5877937078475952, -0.3724272847175598]",[],0.1,False,
3,9,7,"[-0.1800655722618103, 0.25836241245269775, 1.3245325088500977, 3.1608991622924805, 0.1050710678100586, 1.4971734285354614, -1.3229308128356934, 1.1651748418807983]","[0.9597844481468201, 0.33212584257125854]",[],0.1,False,
3,9,8,"[0.19572775065898895, 0.009785052388906479, -1.3345270156860352, 2.6995491981506348, 0.8385920524597168, -0.9356140494346619, -2.213301420211792, 0.023320969194173813]","[-0.24293987452983856, -0.5619000792503357]",[],0.1,False,
3,9,9,"[0.02575129084289074, 0.22481630742549896, -0.3987576365470886, 3.3981313705444336, -0.17580175399780273, 0.975328266620636, -0.761444091796875, 1.7028862237930298]","[-0.7133454084396362, -0.05606472119688988]",[],0.1,False,
3,9,10,"[-0.20231665670871735, 0.11844133585691452, 1.569533348083496, 2.6608219146728516, 0.4322834014892578, 1.0759565830230713, -1.7124837636947632, 1.2818193435668945]","[0.36623021960258484, 0.33958837389945984]",[],0.1,False,
3,9,11,"[0.25592079758644104, -0.2208620011806488, -0.7166862487792969, 3.9781622886657715, 0.6512722969055176, -1.817660927772522, -1.999352216720581, -0.9427882432937622]","[0.8056067228317261, 0.9840328693389893]",[],0.1,False,
3,10,0,"[0.2572828531265259, 0.16425533592700958, -1.3505535125732422, 2.6261954307556152, 0.6476335525512695, -2.517367124557495, -2.0789825916290283, 1.4704995155334473]","[0.7404125332832336, -0.49230778217315674]",[],0.1,False,
3,10,1,"[0.018185043707489967, -0.23766297101974487, -1.6890997886657715, 3.498568058013916, 0.3786754608154297, -0.9212603569030762, -0.6271887421607971, -1.1349328756332397]","[-0.5939391851425171, -0.6710410118103027]",[],0.1,False,
3,10,2,"[-0.012856942601501942, 0.19778363406658173, -0.07329750061035156, 2.489339828491211, 1.829399585723877, 0.6064433455467224, -1.4228533506393433, 2.634675979614258]","[0.8214907050132751, 0.9077035188674927]",[],0.1,False,
3,10,3,"[-0.044254474341869354, -0.02760818600654602, 0.24674034118652344, 3.0162854194641113, 0.09808778762817383, 0.6684156656265259, -1.1445611715316772, -0.5412068963050842]","[-0.652077317237854, -0.7695613503456116]",[],0.1,False,
3,10,4,"[-0.21226680278778076, -0.06491682678461075, -0.7480545043945312, 3.714360237121582, 0.31169700622558594, 0.9815351366996765, -0.30684471130371094, 0.8235135078430176]","[0.42468881607055664, 0.25679638981819153]",[],0.1,False,
3,10,5,"[-0.027194015681743622, -0.08612514287233353, -0.3584359884262085, 2.950655937194824, -0.6803288459777832, -0.40501388907432556, -0.18432730436325073, -1.186091423034668]","[0.8492093682289124, 0.13874955475330353]",[],0.1,False,
3,10,6,"[-0.02395627275109291, -0.004027257673442364, -0.6289072036743164, 3.1348791122436523, -1.0526432991027832, -0.915059506893158, -0.8806048631668091, 0.6945191621780396]","[0.9636438488960266, -0.12641718983650208]",[],0.1,False,
3,10,7,"[-0.1001814752817154, 0.252584844827652, 1.4974708557128906, 3.0834507942199707, 0.27788352966308594, 1.6705409288406372, -1.234290361404419, 1.5949912071228027]","[-0.7488788366317749, 0.5328904390335083]",[],0.1,False,
3,10,8,"[0.17538271844387054, -0.03863188624382019, -1.512190818786621, 2.7085962295532227, 0.8382329940795898, -1.613057017326355, -0.5944035053253174, 0.016042746603488922]","[-0.5448336005210876, 0.6645504832267761]",[],0.1,False,
3,10,9,"[-0.03498458489775658, 0.22117578983306885, -0.300408273935318, 3.340803861618042, 0.024893760681152344, 0.9818417429924011, -0.9984880685806274, 1.9363046884536743]","[-0.963606595993042, 0.12624666094779968]",[],0.1,False,
3,10,10,"[-0.17040543258190155, 0.14646278321743011, 1.7035155296325684, 2.530651569366455, 0.5815186500549316, 1.4774171113967896, -1.0557613372802734, 1.5958551168441772]","[0.16780410706996918, -0.09771337360143661]",[],0.1,False,
3,10,11,"[0.25326910614967346, -0.1393478959798813, -0.8984565734863281, 3.719367027282715, 0.5569944381713867, -1.817660927772522, -2.980351686477661, -0.9427882432937622]","[0.21054188907146454, 0.581778347492218]",[],0.1,False,
3,11,0,"[0.2579841613769531, 0.12321549654006958, -1.610687255859375, 2.408661365509033, 0.7987279891967773, -2.7073874473571777, -2.0421369075775146, 1.5596553087234497]","[0.23707860708236694, -0.8090805411338806]",[],0.1,False,
3,11,1,"[-0.032063744962215424, -0.2599407136440277, -1.7737007141113281, 3.6723968982696533, 0.11044168472290039, -0.9017202854156494, -0.7491554617881775, -1.4158885478973389]","[-0.5316576957702637, 0.5248813629150391]",[],0.1,False,
3,11,2,"[0.057477917522192, 0.2587590217590332, -0.012653350830078125, 2.2881946563720703, 2.0928664207458496, 0.6064433455467224, -2.403852939605713, 2.634675979614258]","[0.7320162057876587, -0.4981129467487335]",[],0.1,False,
3,11,3,"[-0.0995868667960167, -0.0954974889755249, 0.3353767395019531, 3.0509023666381836, 0.024837970733642578, 0.8199652433395386, -0.29737430810928345, -0.660179615020752]","[-0.24813127517700195, -0.14946594834327698]",[],0.1,False,
3,11,4,"[-0.17717984318733215, -0.04106707125902176, -0.64990234375, 3.6248159408569336, 0.39404916763305664, 0.9815351366996765, -1.287844181060791, 0.8235135078430176]","[-0.159439355134964, -0.2686639428138733]",[],0.1,False,
3,11,5,"[0.046621233224868774, -0.07394757121801376, -0.39975371956825256, 2.8903675079345703, -0.8004937171936035, -0.44472455978393555, -0.47072142362594604, -1.2581961154937744]","[0.11631380021572113, 0.261243611574173]",[],0.1,False,
3,11,6,"[0.06015485152602196, -0.014593841508030891, -0.7204122543334961, 2.9879589080810547, -0.983191967010498, -0.915059506893158, -1.8616043329238892, 0.6945191621780396]","[-0.372388631105423, 0.9785881042480469]",[],0.1,False,
3,11,7,"[-0.1626002937555313, 0.25724688172340393, 1.664524793624878, 2.9011616706848145, 0.43738317489624023, 1.6705409288406372, -2.215289831161499, 1.5949912071228027]","[0.9633483290672302, 0.3143173158168793]",[],0.1,False,
3,11,8,"[0.12788066267967224, 0.018317732959985733, -1.6821155548095703, 2.628849744796753, 0.839449405670166, -1.8450595140457153, -0.5189355611801147, 0.015564702451229095]","[-0.3637189269065857, -0.15716220438480377]",[],0.1,False,
3,11,9,"[-0.1166289895772934, 0.2320297807455063, -0.17541879415512085, 3.3532726764678955, 0.2916092872619629, 1.0184566974639893, -1.3307641744613647, 2.057258129119873]","[-0.020029976963996887, 0.5618387460708618]",[],0.1,False,
3,11,10,"[-0.1563909947872162, 0.13767383992671967, 1.8722128868103027, 2.442368507385254, 0.7611837387084961, 1.7009834051132202, -1.1074832677841187, 1.8133294582366943]","[-0.350431889295578, 0.5465418100357056]",[],0.1,False,
3,11,11,"[0.2508215606212616, -0.09063345193862915, -1.0802268981933594, 3.3624720573425293, 0.46271657943725586, -1.817660927772522, -3.961351156234741, -0.9427882432937622]","[-0.9933464527130127, -0.15577185153961182]",[],0.1,False,
3,12,0,"[0.2581021785736084, 0.05531027540564537, -1.9110565185546875, 2.2590386867523193, 0.9593734741210938, -2.792126178741455, -1.7978880405426025, 1.506083369255066]","[-0.09725632518529892, -0.7403752207756042]",[],0.1,False,
3,12,1,"[-0.07595746219158173, -0.21455949544906616, -1.8570127487182617, 3.639697313308716, -0.07609701156616211, -0.8544686436653137, -0.6770651936531067, -1.7991535663604736]","[0.7759538292884827, -0.3146931529045105]",[],0.1,False,
3,12,2,"[0.11794006824493408, 0.2150597870349884, 0.001422882080078125, 2.26015567779541, 2.457219123840332, 0.3232113718986511, -1.341767430305481, 3.086221218109131]","[0.9314861297607422, 0.3229634463787079]",[],0.1,False,
3,12,3,"[-0.12072794139385223, -0.10882660746574402, 0.43335914611816406, 3.045771598815918, -0.056097984313964844, 0.962812602519989, -0.4207417368888855, -0.7896671891212463]","[0.43723130226135254, -0.5028594136238098]",[],0.1,False,
3,12,4,"[-0.18960261344909668, -0.06475988775491714, -0.5214347839355469, 3.537853240966797, 0.4647483825683594, 1.4443413019180298, -0.4681292772293091, 0.6470211148262024]","[-0.49168458580970764, -0.19086378812789917]",[],0.1,False,
3,12,5,"[0.056607119739055634, -0.05117170512676239, -0.45267394185066223, 2.8861188888549805, -0.9364643096923828, -0.541846752166748, -0.20271803438663483, -1.3704285621643066]","[-0.5272592306137085, -0.8424720764160156]",[],0.1,False,
3,12,6,"[0.027047762647271156, 0.07043135911226273, -0.8336782455444336, 3.104898452758789, -0.8954081535339355, -1.0449063777923584, -0.16015376150608063, 0.7334156036376953]","[-0.15905553102493286, -0.5711599588394165]",[],0.1,False,
3,12,7,"[-0.08221496641635895, 0.25105002522468567, 1.863211750984192, 2.8254027366638184, 0.6921248435974121, 1.8660145998001099, -1.5071840286254883, 2.178353786468506]","[-0.6820301413536072, -0.9483137130737305]",[],0.1,False,
3,12,8,"[0.09651907533407211, 0.004286396317183971, -1.8946475982666016, 2.6717982292175293, 0.8435044288635254, -1.9988843202590942, -0.3913765549659729, 0.022470412775874138]","[0.606498122215271, 0.33865270018577576]",[],0.1,False,
3,12,9,"[-0.11842715740203857, 0.25091150403022766, -0.05152999237179756, 3.251131057739258, 0.5428857803344727, 1.1586034297943115, -1.6491177082061768, 2.346827745437622]","[0.9309643507003784, -0.9620341062545776]",[],0.1,False,
3,12,10,"[-0.18452730774879456, 0.18498550355434418, 2.0423102378845215, 2.2727603912353516, 0.9425177574157715, 1.7009834051132202, -2.0884828567504883, 1.8133294582366943]","[-0.9364997744560242, 0.37645238637924194]",[],0.1,False,
3,12,11,"[0.167271688580513, -0.10813269764184952, -1.2619972229003906, 2.907477378845215, 0.368438720703125, -1.817660927772522, -4.9423508644104, -0.9427882432937622]","[-0.23758038878440857, 0.9205434322357178]",[],0.1,False,
3,13,0,"[0.24890026450157166, -0.007044711150228977, -2.2545061111450195, 2.2079665660858154, 1.1030607223510742, -2.8166327476501465, -1.5099847316741943, 1.336485505104065]","[0.2113693505525589, -0.7927311062812805]",[],0.1,False,
3,13,1,"[-0.01060565561056137, -0.24264425039291382, -1.9424595832824707, 3.5131306648254395, -0.2560124397277832, -0.8544686436653137, -1.6580647230148315, -1.7991535663604736]","[0.3300880789756775, -0.3244097828865051]",[],0.1,False,
3,13,2,"[0.19728459417819977, 0.23850080370903015, -0.009336471557617188, 2.193800926208496, 2.8094005584716797, 0.1585656702518463, -1.5816307067871094, 3.0979244709014893]","[0.9048206210136414, -0.6141558885574341]",[],0.1,False,
3,13,3,"[-0.08198670297861099, -0.1511809229850769, 0.5462532043457031, 3.0455145835876465, -0.15878820419311523, 1.0853347778320312, -0.4873761534690857, -0.9681901931762695]","[0.3212956488132477, 0.7012154459953308]",[],0.1,False,
3,13,4,"[-0.23047438263893127, -0.083259716629982, -0.2915763854980469, 3.646841049194336, 0.49022722244262695, 1.603698492050171, -0.6839284896850586, 0.5332002639770508]","[0.9258497953414917, 0.6154194474220276]",[],0.1,False,
3,13,5,"[0.011022084392607212, -0.12452657520771027, -0.5069090127944946, 2.813687324523926, -1.0741536617279053, -0.5443291068077087, -0.8485594391822815, -1.4023497104644775]","[-0.22596384584903717, 0.18261051177978516]",[],0.1,False,
3,13,6,"[0.013670753687620163, 0.020522506907582283, -0.9381675720214844, 3.0300235748291016, -0.8220658302307129, -1.0449063777923584, -1.141153335571289, 0.7334156036376953]","[-0.4661969542503357, 0.3527073860168457]",[],0.1,False,
3,13,7,"[-0.14559006690979004, 0.175470769405365, 2.0498132705688477, 2.6158242225646973, 0.9099607467651367, 1.8660145998001099, -2.4881834983825684, 2.178353786468506]","[0.8142256736755371, 0.391439825296402]",[],0.1,False,
3,13,8,"[0.14863324165344238, 0.03427278250455856, -2.0945377349853516, 2.573800802230835, 0.8457503318786621, -1.9988843202590942, -1.3723760843276978, 0.022470412775874138]","[0.9766821265220642, -0.7866381406784058]",[],0.1,False,
3,13,9,"[-0.039669908583164215, 0.16898593306541443, 0.06433030962944031, 3.0273594856262207, 0.7775683403015137, 1.1586034297943115, -2.630117177963257, 2.346827745437622]","[-0.773937463760376, -0.9996300339698792]",[],0.1,False,
3,13,10,"[-0.26147374510765076, 0.21871763467788696, 2.2124075889587402, 2.0050525665283203, 1.1238517761230469, 1.7009834051132202, -3.0694823265075684, 1.8133294582366943]","[-0.6259241104125977, 0.7990651726722717]",[],0.1,False,
3,13,11,"[0.14298060536384583, -0.03004772588610649, -1.5261650085449219, 2.6928114891052246, 0.23655080795288086, -2.837416887283325, -1.6472606658935547, -1.4258451461791992]","[-0.35365360975265503, -0.26942306756973267]",[],0.1,False,
3,14,2,"[0.25431928038597107, 0.1940990388393402, -0.11163330078125, 2.290543556213379, 3.069422721862793, -0.07681781053543091, -1.3822791576385498, 3.0051045417785645]",,,-1.0,True,
4,0,0,"[0.03748004138469696, 0.03692848980426788, 0.6709518432617188, 3.9960761070251465, -0.7127542495727539, 0.0, -0.1961999237537384, 0.0]","[-0.7167489528656006, 0.011767111718654633]",[],0.1,False,
4,0,1,"[0.017482569441199303, -0.08603712916374207, -1.4626097679138184, 3.9960761070251465, -1.4738798141479492, 0.0, -0.1961999237537384, 0.0]","[-0.00465487502515316, 0.4144287109375]",[],0.1,False,
4,0,2,"[0.02777271345257759, -0.00846910197287798, -0.05438232421875, 3.9960756301879883, 1.0933723449707031, 0.0, -0.1961999237537384, 0.0]","[0.5185030698776245, -0.940855860710144]",[],0.1,False,
4,0,3,"[-0.07394895702600479, 0.03401569277048111, 0.6762552261352539, 3.9960761070251465, -0.037787437438964844, 0.0, -0.1961999237537384, 0.0]","[0.36395299434661865, 0.7409130334854126]",[],0.1,False,
4,0,4,"[0.00278572179377079, -0.0667378157377243, 0.04210948944091797, 3.9960756301879883, 0.08277702331542969, 0.0, -0.1961999237537384, 0.0]","[-0.5210341215133667, 0.3370898365974426]",[],0.1,False,
4,0,5,"[-0.05261088162660599, -0.07805776596069336, -0.42186903953552246, 3.9960756301879883, -0.3364076614379883, 0.0, -0.1961999237537384, 0.0]","[0.26408371329307556, 0.4114384651184082]",[],0.1,False,
4,0,6,"[-0.006773679982870817, -0.07967527955770493, -0.8168087005615234, 3.9960756301879883, 0.9429683685302734, 0.0, -0.1961999237537384, 0.0]","[-0.22750845551490784, 0.5444931983947754]",[],0.1,False,
4,0,7,"[-0.06444860249757767, 0.07230708748102188, 1.3527798652648926, 3.9960761070251465, 0.24576759338378906, 0.0, -0.1961999237537384, 0.0]","[-0.9562804102897644, -0.07447557151317596]",[],0.1,False,
4,0,8,"[-0.04633743688464165, -0.0006077331490814686, 1.4032783508300781, 3.9960761070251465, 0.9720935821533203, 0.0, -0.1961999237537384, 0.0]","[0.9666714072227478, -0.6481907963752747]",[],0.1,False,
4,0,9,"[-0.06539023667573929, 0.024626433849334717, 0.36098790168762207, 3.9960761070251465, -1.467024564743042, 0.0, -0.1961999237537384, 0.0]","[-0.5767160654067993, -0.641228199005127]",[],0.1,False,
4,0,10,"[0.0053874291479587555, 0.006354218814522028, -1.3728666305541992, 3.9960761070251465, 0.802220344543457, 0.0, -0.1961999237537384, 0.0]","[-0.6791166067123413, -0.19344058632850647]",[],0.1,False,
4,0,11,"[0.07455024868249893, -0.0006066003697924316, -1.2597885131835938, 3.9960761070251465, -0.1371912956237793, 0.0, -0.1961999237537384, 0.0]","[-0.7004105448722839, 0.9478703737258911]",[],0.1,False,
4,1,0,"[-0.025013186037540436, 0.03796831890940666, 0.6709518432617188, 3.9175961017608643, -0.7127542495727539, 0.0, -1.1771994829177856, 0.0]","[0.7410739064216614, -0.3367502689361572]",[],0.1,False,
4,1,1,"[0.01701212115585804, -0.04996330663561821, -1.4626097679138184, 3.9175961017608643, -1.4738798141479492, 0.0, -1.1771994829177856, 0.0]","[-0.14484618604183197, -0.6720033288002014]",[],0.1,False,
4,1,2,"[0.07283492386341095, -0.09034870564937592, -0.05438232421875, 3.917595863342285, 1.0933723449707031, 0.0, -1.1771994829177856, 0.0]","[-0.902692973613739, -0.4449825882911682]",[],0.1,False,
4,1,3,"[-0.04227990657091141, 0.09842334687709808, 0.6762552261352539, 3.9175963401794434, -0.037787437438964844, 0.0, -1.1771994829177856, 0.0]","[-0.40232715010643005, 0.03283613547682762]",[],0.1,False,
4,1,4,"[-0.04255065321922302, -0.03731195628643036, 0.04210948944091797, 3.917595863342285, 0.08277702331542969, 0.0, -1.1771994829177856, 0.0]","[-0.3960707187652588, 0.3153921365737915]",[],0.1,False,
4,1,5,"[-0.029491981491446495, -0.042338959872722626, -0.42186903953552246, 3.917595863342285, -0.3364076614379883, 0.0, -1.1771994829177856, 0.0]","[0.9455319046974182, -0.3313746154308319]",[],0.1,False,
4,1,6,"[-0.026505060493946075, -0.03221748396754265, -0.8168087005615234, 3.917595863342285, 0.9429683685302734, 0.0, -1.1771994829177856, 0.0]","[0.5724055767059326, 0.302450031042099]",[],0.1,False,
4,1,7,"[-0.1471458375453949, 0.06521032750606537, 1.3527798652648926, 3.9175963401794434, 0.24576759338378906, 0.0, -1.1771994829177856, 0.0]","[-0.6817471385002136, -0.3815259337425232]",[],0.1,False,
4,1,8,"[0.038019511848688126, -0.05705343559384346, 1.4032783508300781, 3.9175961017608643, 0.9720935821533203, 0.0, -1.1771994829177856, 0.0]","[0.7727348208427429, -0.6996315121650696]",[],0.1,False,
4,1,9,"[-0.11525660008192062, -0.03125414252281189, 0.36098790168762207, 3.9175961017608643, -1.467024564743042, 0.0, -1.1771994829177856, 0.0]","[-0.14283302426338196, 0.8062247037887573]",[],0.1,False,
4,1,10,"[-0.053846292197704315, -0.01052574161440134, -1.3728666305541992, 3.9175963401794434, 0.802220344543457, 0.0, -1.1771994829177856, 0.0]","[-0.28578805923461914, 0.7254899740219116]",[],0.1,False,
4,1,11,"[0.01331387460231781, 0.08180680125951767, -1.2597885131835938, 3.9175963401794434, -0.1371912956237793, 0.0, -1.1771994829177856, 0.0]","[0.7642443180084229, -0.23122061789035797]",[],0.1,False,
4,2,0,"[0.03961222618818283, 0.008594127371907234, 0.6709518432617188, 3.741016387939453, -0.7127542495727539, 0.0, -2.1581990718841553, 0.0]","[-0.7568871378898621, -0.5697522759437561]",[],0.1,False,
4,2,1,"[0.0044830976985394955, -0.10842852294445038, -1.4626097679138184, 3.741016387939453, -1.4738798141479492, 0.0, -2.1581990718841553, 0.0]","[-0.8949611186981201, -0.22754617035388947]",[],0.1,False,
4,2,2,"[-0.005734271369874477, -0.1283729523420334, -0.05438232421875, 3.741016387939453, 1.0933723449707031, 0.0, -2.1581990718841553, 0.0]","[-0.42067477107048035, -0.31509143114089966]",[],0.1,False,
4,2,3,"[-0.07714743167161942, 0.10131260007619858, 0.6762552261352539, 3.741016387939453, -0.037787437438964844, 0.0, -2.1581990718841553, 0.0]","[0.0941058024764061, 0.811966061592102]",[],0.1,False,
4,2,4,"[-0.07691521942615509, -0.009709508158266544, 0.04210948944091797, 3.741016387939453, 0.08277702331542969, 0.0, -2.1581990718841553, 0.0]","[0.8627277612686157, 0.35377761721611023]",[],0.1,False,
4,2,5,"[0.05282079055905342, -0.0713646411895752, -0.42186903953552246, 3.741016387939453, -0.3364076614379883, 0.0, -2.1581990718841553, 0.0]","[0.6857904195785522, 0.8743123412132263]",[],0.1,False,
4,2,6,"[0.02347923256456852, -0.005934602580964565, -0.8168087005615234, 3.741016387939453, 0.9429683685302734, 0.0, -2.1581990718841553, 0.0]","[-0.822006344795227, -0.20579585433006287]",[],0.1,False,
4,2,7,"[-0.20507293939590454, 0.03161873668432236, 1.3527798652648926, 3.741016387939453, 0.24576759338378906, 0.0, -2.1581990718841553, 0.0]","[-0.10438872873783112, -0.5213486552238464]",[],0.1,False,
4,2,8,"[0.10519100725650787, -0.11749570071697235, 1.4032783508300781, 3.741016387939453, 0.9720935821533203, 0.0, -2.1581990718841553, 0.0]","[-0.8565285205841064, 0.7216235995292664]",[],0.1,False,
4,2,9,"[-0.12781739234924316, 0.038508910685777664, 0.36098790168762207, 3.741016387939453, -1.467024564743042, 0.0, -2.1581990718841553, 0.0]","[0.29840242862701416, -0.9753106832504272]",[],0.1,False,
4,2,10,"[-0.07862860709428787, 0.05263660475611687, -1.3728666305541992, 3.741016387939453, 0.802220344543457, 0.0, -2.1581990718841553, 0.0]","[-0.05405374988913536, -0.7145242094993591]",[],0.1,False,
4,2,11,"[0.07977171987295151, 0.0618646964430809, -1.2597885131835938, 3.741016387939453, -0.1371912956237793, 0.0, -2.1581990718841553, 0.0]","[-0.7113392949104309, -0.12445921450853348]",[],0.1,False,
4,3,0,"[-0.026493754237890244, -0.04100547358393669, 0.6709518432617188, 3.466336488723755, -0.7127542495727539, 0.0, -3.1391985416412354, 0.0]","[0.24124492704868317, -0.7963064908981323]",[],0.1,False,
4,3,1,"[-0.07310724258422852, -0.12784337997436523, -1.4626097679138184, 3.466336488723755, -1.4738798141479492, 0.0, -3.1391985416412354, 0.0]","[-0.7117658853530884, 0.4994734823703766]",[],0.1,False,
4,3,2,"[-0.04246680065989494, -0.155063658952713, -0.05503273010253906, 3.523922920227051, 1.099879264831543, -0.034667979925870895, -0.2567408084869385, 0.33442938327789307]","[-0.5134119987487793, 0.8102781772613525]",[],0.1,False,
4,3,3,"[-0.06882856786251068, 0.17128777503967285, 0.6762552261352539, 3.466336727142334, -0.037787437438964844, 0.0, -3.1391985416412354, 0.0]","[0.010182660073041916, 0.566150963306427]",[],0.1,False,
4,3,4,"[-0.001514531672000885, 0.020674539729952812, 0.04210948944091797, 3.466336250305176, 0.08277702331542969, 0.0, -3.1391985416412354, 0.0]","[-0.7186179757118225, 0.32649317383766174]",[],0.1,False,
4,3,5,"[0.11203259974718094, 0.004786819219589233, -0.42186903953552246, 3.466336250305176, -0.3364076614379883, 0.0, -3.1391985416412354, 0.0]","[0.18982146680355072, -0.009071651846170425]",[],0.1,False,
4,3,6,"[-0.048259370028972626, -0.023756317794322968, -0.8168087005615234, 3.466336250305176, 0.9429683685302734, 0.0, -3.1391985416412354, 0.0]","[0.7676544189453125, -0.06048582121729851]",[],0.1,False,
4,3,7,"[-0.21282954514026642, -0.013063875958323479, 1.3527798652648926, 3.466336727142334, 0.24576759338378906, 0.0, -3.1391985416412354, 0.0]","[0.49312758445739746, 0.15309159457683563]",[],0.1,False,
4,3,8,"[0.03096047043800354, -0.05493247136473656, 1.4032783508300781, 3.466336488723755, 0.9720935821533203, 0.0, -3.1391985416412354, 0.0]","[0.2973913550376892, -0.3913033604621887]",[],0.1,False,
4,3,9,"[-0.10169528424739838, -0.04598009213805199, 0.36098790168762207, 3.466336488723755, -1.467024564743042, 0.0, -3.1391985416412354, 0.0]","[-0.8114810585975647, 0.8957720398902893]",[],0.1,False,
4,3,10,"[-0.08338447660207748, -0.009478387422859669, -1.3728666305541992, 3.466336727142334, 0.802220344543457, 0.0, -3.1391985416412354, 0.0]","[0.4399779736995697, 0.680793046951294]",[],0.1,False,
4,3,11,"[0.01789473369717598, 0.05098549649119377, -1.2597885131835938, 3.466336727142334, -0.1371912956237793, 0.0, -3.1391985416412354, 0.0]","[-0.4491102397441864, 0.07129865884780884]",[],0.1,False,
4,4,0,"[-0.005535759497433901, -0.11029131710529327, 0.6709518432617188, 3.0935568809509277, -0.7127542495727539, 0.0, -4.1201982498168945, 0.0]","[-0.9822759628295898, -0.29622185230255127]",[],0.1,False,
4,4,1,"[-0.13386958837509155, -0.0839746817946434, -1.435246467590332, 3.2897794246673584, -1.5215809345245361, 0.3581481873989105, -0.26593077182769775, -0.9761621952056885]","[0.7872995734214783, -0.22857263684272766]",[],0.1,False,
4,4,2,"[-0.08524619787931442, -0.0841311514377594, -0.05850410461425781, 3.439389228820801, 1.1333222389221191, -0.034667979925870895, -1.237740397453308, 0.33442938327789307]","[0.6991482973098755, 0.4869600832462311]",[],0.1,False,
4,4,3,"[-0.0675840899348259, 0.21961034834384918, 0.7010107040405273, 3.2487564086914062, -0.0006351470947265625, 0.5737375020980835, -0.46180543303489685, 0.7928897142410278]","[0.9243758916854858, 0.22475069761276245]",[],0.1,False,
4,4,4,"[-0.0639696791768074, 0.049514710903167725, 0.04210948944091797, 3.0935564041137695, 0.08277702331542969, 0.0, -4.1201982498168945, 0.0]","[0.521530270576477, -0.9702396988868713]",[],0.1,False,
4,4,5,"[0.1284833699464798, 0.004149480722844601, -0.42186903953552246, 3.0935564041137695, -0.3364076614379883, 0.0, -4.1201982498168945, 0.0]","[-0.42592641711235046, 0.39069968461990356]",[],0.1,False,
4,4,6,"[0.018683401867747307, -0.02910894714295864, -0.8168087005615234, 3.0935564041137695, 0.9429683685302734, 0.0, -4.1201982498168945, 0.0]","[-0.4675438106060028, -0.9172254800796509]",[],0.1,False,
4,4,7,"[-0.1710062325000763, 0.001307120081037283, 1.3527798652648926, 3.0935568809509277, 0.24576759338378906, 0.0, -4.1201982498168945, 0.0]","[0.32566168904304504, 0.5806220173835754]",[],0.1,False,
4,4,8,"[0.056809909641742706, -0.08896373957395554, 1.3442211151123047, 3.3836700916290283, 0.9358930587768555, -0.8701640367507935, -0.17829909920692444, -0.4298916459083557]","[-0.5065225958824158, -0.7344985604286194]",[],0.1,False,
4,4,9,"[-0.17192314565181732, 0.031141851097345352, 0.38539645075798035, 3.155733346939087, -1.4479830265045166, 1.2210164070129395, -1.01198410987854, 0.9580355882644653]","[0.35116878151893616, -0.05473148822784424]",[],0.1,False,
4,4,10,"[-0.04505376145243645, 0.049797967076301575, -1.3728666305541992, 3.0935568809509277, 0.802220344543457, 0.0, -4.1201982498168945, 0.0]","[-0.6059011816978455, 0.19975994527339935]",[],0.1,False,
4,4,11,"[-0.02126043103635311, 0.0570686049759388, -1.2597885131835938, 3.0935568809509277, -0.1371912956237793, 0.0, -4.1201982498168945, 0.0]","[-0.9749951362609863, 0.6254333853721619]",[],0.1,False,
4,5,0,"[-0.09063004702329636, -0.13554736971855164, 0.6552162170410156, 2.8353564739227295, -0.7406363487243652, -0.4562896192073822, -0.12516631186008453, -0.5980663299560547]","[-0.8619265556335449, 0.20498935878276825]",[],0.1,False,
4,5,1,"[-0.06611752510070801, -0.10479245334863663, -1.3994312286376953, 3.2043263912200928, -1.6191966533660889, 0.3581481873989105, -1.2469303607940674, -0.9761621952056885]","[0.8042048811912537, 0.8734937310218811]",[],0.1,False,
4,5,2,"[-0.023432236164808273, -0.04334045574069023, -0.06197547912597656, 3.2567548751831055, 1.1667652130126953, -0.034667979925870895, -2.2187399864196777, 0.33442938327789307]","[-0.29743051528930664, 0.6483506560325623]",[],0.1,False,
4,5,3,"[0.011315280571579933, 0.23718786239624023, 0.7626180648803711, 3.321582794189453, 0.15505313873291016, 0.5780808329582214, -0.5140378475189209, 1.0358082056045532]","[0.307277649641037, -0.23847034573554993]",[],0.1,False,
4,5,4,"[-0.018925653770565987, -0.0352906733751297, 0.11340713500976562, 3.011110305786133, 0.10646629333496094, 0.8940401673316956, -0.013572901487350464, 0.2913075387477875]","[0.748810887336731, -0.8831220269203186]",[],0.1,False,
4,5,5,"[0.09117421507835388, 0.03764357045292854, -0.49482864141464233, 2.995692253112793, -0.3635978698730469, -0.9486315250396729, -0.14853635430335999, -0.33036497235298157]","[0.9062068462371826, 0.9437549710273743]",[],0.1,False,
4,5,6,"[-0.02214975468814373, -0.1088787391781807, -0.844451904296875, 3.2974233627319336, 0.8986878395080566, -0.3020665943622589, -0.011060431599617004, -0.11204452067613602]","[-0.5119801759719849, -0.29297006130218506]",[],0.1,False,
4,5,7,"[-0.14415377378463745, 0.05201859399676323, 1.3816481828689575, 2.706601619720459, 0.26670408248901367, 1.4446090459823608, -0.9058561325073242, 1.0517363548278809]","[-0.8549575209617615, 0.7169075608253479]",[],0.1,False,
4,5,8,"[0.012645435519516468, -0.1523762196302414, 1.2479019165039062, 3.443596363067627, 0.8611006736755371, -0.9268607497215271, -0.21434438228607178, -0.6082015633583069]","[-0.4698930084705353, -0.33755090832710266]",[],0.1,False,
4,5,9,"[-0.1416940689086914, 0.026281505823135376, 0.5217152237892151, 3.0546765327453613, -1.348477840423584, 1.478791356086731, -0.9166818261146545, 1.0228453874588013]","[0.5974436402320862, -0.6669275760650635]",[],0.1,False,
4,5,10,"[-0.09767814725637436, 0.06722565740346909, -1.2523860931396484, 3.2000317573547363, 0.9270753860473633, 1.0128837823867798, -0.35230547189712524, 1.0925610065460205]","[0.7341004014015198, 0.3223879635334015]",[],0.1,False,
4,5,11,"[-0.10621793568134308, 0.11076988279819489, -1.2704296112060547, 3.4278931617736816, -0.08202600479125977, -0.5492755770683289, 0.12526513636112213, -0.01473730243742466]","[-0.5105009078979492, 0.027172164991497993]",[],0.1,False,
4,6,0,"[-0.16430778801441193, -0.11691053956747055, 0.6271629333496094, 2.8427412509918213, -0.8154640197753906, -0.2500365674495697, -0.09667213261127472, -0.7669133543968201]","[-0.39988085627555847, -0.22576770186424255]",[],0.1,False,
4,6,1,"[0.004470417276024818, -0.02943888120353222, -1.3636159896850586, 3.0207736492156982, -1.7168123722076416, 0.3581481873989105, -2.2279298305511475, -0.9761621952056885]","[-0.5905213356018066, 0.9466216564178467]",[],0.1,False,
4,6,2,"[-0.04788918420672417, 0.013827711343765259, -0.06544685363769531, 2.9760208129882812, 1.2002081871032715, -0.034667979925870895, -3.199739456176758, 0.33442938327789307]","[-0.929750919342041, -0.7930196523666382]",[],0.1,False,
4,6,3,"[0.0367317833006382, 0.2160988450050354, 0.8201675415039062, 3.2675232887268066, 0.28035926818847656, 0.5594133138656616, -0.5764936208724976, 1.3597379922866821]","[0.5303758978843689, -0.5196855664253235]",[],0.1,False,
4,6,4,"[0.046113271266222, -0.1122279167175293, 0.1942005157470703, 3.125947952270508, 0.10939407348632812, 0.8313706517219543, 0.11621025204658508, 0.16520486772060394]","[-0.19263069331645966, 0.36767247319221497]",[],0.1,False,
4,6,5,"[0.16806164383888245, 0.1200806275010109, -0.6419187784194946, 3.133808135986328, -0.3572831153869629, -1.0286582708358765, -0.3101584315299988, -0.20675384998321533]","[-0.3707219660282135, 0.09953294694423676]",[],0.1,False,
4,6,6,"[-0.06658568978309631, -0.1340237259864807, -0.8527345657348633, 3.4794960021972656, 0.831843376159668, -0.2362280637025833, -0.038356319069862366, -0.25794899463653564]","[-0.650117814540863, -0.7078595757484436]",[],0.1,False,
4,6,7,"[-0.21832285821437836, 0.11190377920866013, 1.532110571861267, 2.5797815322875977, 0.3720126152038574, 1.634389877319336, -1.2384090423583984, 1.083093285560608]","[-0.09915325045585632, 0.7089394330978394]",[],0.1,False,
4,6,8,"[-0.028133558109402657, -0.1809735745191574, 1.1551852226257324, 3.436361312866211, 0.7797775268554688, -0.9195117354393005, -0.26248252391815186, -0.8460452556610107]","[-0.700150191783905, -0.7439155578613281]",[],0.1,False,
4,6,9,"[-0.09001198410987854, -0.03165942057967186, 0.6695943474769592, 2.9041483402252197, -1.2461938858032227, 1.478791356086731, -1.8976813554763794, 1.0228453874588013]","[-0.12087458372116089, -0.5341832637786865]",[],0.1,False,
4,6,10,"[-0.03383506461977959, 0.09495644271373749, -1.1510963439941406, 3.1059412956237793, 1.0363306999206543, 1.0128837823867798, -1.33330500125885, 1.0925610065460205]","[-0.18985441327095032, -0.5469328761100769]",[],0.1,False,
4,6,11,"[-0.15013737976551056, 0.11268496513366699, -1.2645626068115234, 3.6289520263671875, -0.032061100006103516, -0.39660903811454773, 0.10114161670207977, 0.11018094420433044]","[-0.24986422061920166, 0.7588402032852173]",[],0.1,False,
4,7,0,"[-0.1987558752298355, -0.13537055253982544, 0.6265983581542969, 2.851804256439209, -0.9079875946044922, -0.026428911834955215, -0.24890939891338348, -0.9060760140419006]","[-0.5750290155410767, 0.6575540900230408]",[],0.1,False,
4,7,1,"[-0.04632020741701126, 0.05353190749883652, -1.3069672584533691, 3.3212006092071533, -1.7950239181518555, 0.3299081027507782, 0.07395048439502716, -0.959867000579834]","[0.6863608360290527, 0.4847775101661682]",[],0.1,False,
4,7,2,"[-0.1303243488073349, -0.05295325815677643, 0.025136947631835938, 3.2256479263305664, 1.2123570442199707, 0.41110461950302124, -0.08861136436462402, 0.22061757743358612]","[-0.011058780364692211, -0.47686511278152466]",[],0.1,False,
4,7,3,"[0.08008868247270584, 0.16986826062202454, 0.8683958053588867, 3.232715606689453, 0.4396800994873047, 0.4720373749732971, -0.482755184173584, 1.6277211904525757]","[-0.05655091628432274, 0.13607513904571533]",[],0.1,False,
4,7,4,"[0.029436646029353142, -0.08029566705226898, 0.2779712677001953, 3.0846920013427734, 0.12587833404541016, 0.8634538054466248, -0.565555214881897, 0.1637764275074005]","[-0.7210244536399841, 0.8245373368263245]",[],0.1,False,
4,7,5,"[0.13615453243255615, 0.127907857298851, -0.7648118138313293, 3.1111459732055664, -0.36554765701293945, -1.2722587585449219, -0.34544074535369873, -0.04290200397372246]","[0.20035091042518616, -0.5129654407501221]",[],0.1,False,
4,7,6,"[-0.12286242842674255, -0.19414746761322021, -0.7898082733154297, 3.8254919052124023, 0.6687917709350586, -0.0933486595749855, -0.14217612147331238, -0.3988284766674042]","[-0.9030624628067017, -0.35322797298431396]",[],0.1,False,
4,7,7,"[-0.22710873186588287, 0.17147913575172424, 1.7295258045196533, 2.481689929962158, 0.5001635551452637, 1.882045865058899, -1.4538744688034058, 1.2130622863769531]","[-0.015056506730616093, -0.08568581193685532]",[],0.1,False,
4,7,8,"[-0.08904270082712173, -0.24311202764511108, 1.0931062698364258, 3.5507423877716064, 0.6119461059570312, -0.8092237710952759, -0.3972490429878235, -1.056626558303833]","[0.4827561378479004, 0.19338978826999664]",[],0.1,False,
4,7,9,"[-0.10033329576253891, -0.07801719009876251, 0.8310433626174927, 2.7548303604125977, -1.1530296802520752, 1.8076496124267578, -0.444654256105423, 0.8022386431694031]","[0.6603135466575623, -0.6856812834739685]",[],0.1,False,
4,7,10,"[-0.050609041005373, 0.04750029370188713, -1.0411396026611328, 3.0185513496398926, 1.1559362411499023, 1.163449764251709, -0.2416405826807022, 1.2847421169281006]","[-0.6364409923553467, 0.16571398079395294]",[],0.1,False,
4,7,11,"[-0.17197751998901367, 0.17709898948669434, -1.2157478332519531, 3.8428397178649902, 0.05722475051879883, -0.17984066903591156, -0.03463132679462433, 0.26501160860061646]","[0.5739538669586182, 0.12892869114875793]",[],0.1,False,
4,8,0,"[-0.2455400675535202, -0.07840573787689209, 0.6883773803710938, 2.9148879051208496, -1.0233469009399414, 0.2692883312702179, -0.3022423982620239, -1.0066238641738892]","[-0.7267656922340393, 0.02900741808116436]",[],0.1,False,
4,8,1,"[0.013924251310527325, 0.09499559551477432, -1.269920825958252, 3.3777291774749756, -1.8888335227966309, 0.3456672430038452, 0.19562800228595734, -0.9618854522705078]","[-0.8965614438056946, 0.3890567123889923]",[],0.1,False,
4,8,2,"[-0.13205991685390472, -0.09406455606222153, 0.11583518981933594, 3.357485771179199, 1.2073869705200195, 0.570733904838562, -0.13408233225345612, 0.12912175059318542]","[-0.6793530583381653, -0.45982611179351807]",[],0.1,False,
4,8,3,"[0.07579287886619568, 0.18173545598983765, 0.9083194732666016, 3.180565357208252, 0.6175417900085449, 0.3655700981616974, -0.6326597929000854, 1.8438992500305176]","[-0.7779860496520996, -0.82350754737854]",[],0.1,False,
4,8,4,"[-0.0331263393163681, -0.008245999924838543, 0.36497020721435547, 2.9878463745117188, 0.14142847061157227, 0.8958658576011658, -0.6180657744407654, 0.12220962345600128]","[0.8249626755714417, 0.25406521558761597]",[],0.1,False,
4,8,5,"[0.15422123670578003, 0.08425691723823547, -0.8920376300811768, 3.017742156982422, -0.36983680725097656, -1.2722587585449219, -1.3264402151107788, -0.04290200397372246]","[0.96836256980896, -0.17119844257831573]",[],0.1,False,
4,8,6,"[-0.1994009166955948, -0.22263534367084503, -0.6484479904174805, 4.160762786865234, 0.4497532844543457, 0.07896217703819275, -0.3174562156200409, -0.551800012588501]","[0.5430014133453369, 0.8762754201889038]",[],0.1,False,
4,8,7,"[-0.22835731506347656, 0.1643056720495224, 1.933026671409607, 2.3199777603149414, 0.6327018737792969, 2.1322481632232666, -1.7091318368911743, 1.396304965019226]","[0.5417206883430481, 0.8715384602546692]",[],0.1,False,
4,8,8,"[-0.04794294759631157, -0.22749660909175873, 1.013575553894043, 3.4931488037109375, 0.48902320861816406, -0.7744165658950806, -0.6690027117729187, -1.3250340223312378]","[-0.9146538972854614, -0.9048972129821777]",[],0.1,False,
4,8,9,"[-0.04251445084810257, -0.13677667081356049, 1.016790509223938, 2.7335968017578125, -1.0856449604034424, 1.8837593793869019, 0.005634024739265442, 0.5734968185424805]","[0.5592103004455566, 0.6172763109207153]",[],0.1,False,
4,8,10,"[-0.10584858804941177, 0.06206056475639343, -0.8981876373291016, 3.1140952110290527, 1.3012323379516602, 1.240285873413086, -0.43612539768218994, 1.3160715103149414]","[0.3636524975299835, -0.9253025650978088]",[],0.1,False,
4,8,11,"[-0.12326007336378098, 0.18797941505908966, -1.233734130859375, 3.7805166244506836, 0.0837249755859375, -0.17984066903591156, -1.015630841255188, 0.26501160860061646]","[-0.7326838374137878, 0.5284215807914734]",[],0.1,False,
4,9,0,"[-0.2576615512371063, -0.07545948028564453, 0.74993896484375, 2.9009323120117188, -1.1338977813720703, 0.5728248953819275, -0.49513840675354004, -1.0982598066329956]","[0.12392102926969528, 0.9442442059516907]",[],0.1,False,
4,9,1,"[-0.06346996128559113, 0.1295149028301239, -1.2081365585327148, 3.670917272567749, -2.0007739067077637, 0.42300736904144287, -0.46780529618263245, -0.8714460134506226]","[0.4300380349159241, -0.3149670660495758]",[],0.1,False,
4,9,2,"[-0.19085198640823364, -0.1323648989200592, 0.2633819580078125, 3.562162399291992, 1.1550073623657227, 0.7026413083076477, -0.3031504154205322, -0.026517406105995178]","[-0.3160500228404999, -0.18584753572940826]",[],0.1,False,
4,9,3,"[0.005997816100716591, 0.11355327069759369, 0.9448785781860352, 3.058439254760742, 0.8019323348999023, 0.3655700981616974, -1.6136592626571655, 1.8438992500305176]","[0.3672120273113251, -0.23729947209358215]",[],0.1,False,
4,9,4,"[0.038957491517066956, 0.013558506034314632, 0.4537696838378906, 3.037445068359375, 0.15424299240112305, 0.8884583711624146, 0.06609681248664856, 0.12767332792282104]","[-0.10985516756772995, 0.689463198184967]",[],0.1,False,
4,9,5,"[0.2369433045387268, 0.07061847299337387, -1.0484157800674438, 2.9257736206054688, -0.36194276809692383, -1.6599843502044678, -0.8875845670700073, 0.13066348433494568]","[0.9738626480102539, -0.5300201177597046]",[],0.1,False,
4,9,6,"[-0.15207383036613464, -0.14968518912792206, -0.6405515670776367, 4.070157051086426, 0.3945736885070801, 0.07896217703819275, -1.2984557151794434, -0.551800012588501]","[-0.5199652910232544, -0.948463499546051]",[],0.1,False,
4,9,7,"[-0.18221324682235718, 0.2368137389421463, 2.2100677490234375, 2.261963367462158, 0.8422365188598633, 2.289350748062134, -1.8258899450302124, 1.582326889038086]","[-0.22618445754051208, -0.29008185863494873]",[],0.1,False,
4,9,8,"[-0.1254701167345047, -0.2563350200653076, 0.9531898498535156, 3.4739019870758057, 0.3090505599975586, -0.7254986763000488, -1.2184500694274902, -1.4444515705108643]","[-0.5805627107620239, -0.5970820188522339]",[],0.1,False,
4,9,9,"[0.004946577362716198, -0.0823875144124031, 1.2089287042617798, 2.8720195293426514, -1.0649545192718506, 1.9007972478866577, 0.0973069816827774, 0.432467520236969]","[-0.7165074944496155, 0.7772676944732666]",[],0.1,False,
4,9,10,"[-0.07422102242708206, -0.018338223919272423, -0.7461519241333008, 3.193514823913574, 1.4388175010681152, 1.37917959690094, -0.15557479858398438, 1.3520127534866333]","[0.5287733674049377, 0.5423916578292847]",[],0.1,False,
4,9,11,"[-0.18491069972515106, 0.23263874650001526, -1.1380348205566406, 3.964909553527832, 0.2581186294555664, 0.1474529653787613, -0.41399669647216797, 0.6497019529342651]","[-0.47911325097084045, -0.25865164399147034]",[],0.1,False,
4,10,0,"[-0.24298395216464996, 0.003610542044043541, 0.891082763671875, 2.9689900875091553, -1.2463963031768799, 0.9168749451637268, -0.44278305768966675, -1.097373604774475]","[0.8542799949645996, -0.0232100710272789]",[],0.1,False,
4,10,1,"[-0.026493461802601814, 0.10191960632801056, -1.1658363342285156, 3.565276622772217, -2.087918281555176, 0.42300736904144287, -1.4488048553466797, -0.8714460134506226]","[0.4278606176376343, -0.4243628680706024]",[],0.1,False,
4,10,2,"[-0.2178410142660141, -0.14761310815811157, 0.4009666442871094, 3.634066581726074, 1.1075801849365234, 0.927696704864502, -0.5183013677597046, -0.18791547417640686]","[-0.9100655317306519, -0.3232603073120117]",[],0.1,False,
4,10,3,"[0.03702286258339882, 0.09173603355884552, 0.9765911102294922, 2.952476978302002, 1.0044174194335938, 0.29662129282951355, -0.3717982769012451, 2.165933132171631]","[0.899543821811676, -0.2980741560459137]",[],0.1,False,
4,10,4,"[0.02960546687245369, 0.07366231828927994, 0.5408763885498047, 3.0447158813476562, 0.17097997665405273, 0.8554920554161072, 0.022468864917755127, 0.19512073695659637]","[0.8106713891029358, -0.001201803213916719]",[],0.1,False,
4,10,5,"[0.25332406163215637, 0.026025528088212013, -1.2194483280181885, 2.790739059448242, -0.347409725189209, -1.6974741220474243, -1.765386700630188, 0.142157644033432]","[0.5005069375038147, 0.8090369701385498]",[],0.1,False,
4,10,6,"[-0.19774341583251953, -0.22853153944015503, -0.5673685073852539, 4.050292015075684, 0.26699113845825195, 0.4678312838077545, -0.7365900874137878, -0.9842438101768494]","[-0.13294754922389984, -0.6504932045936584]",[],0.1,False,
4,10,7,"[-0.20147892832756042, 0.21299542486667633, 2.4390032291412354, 2.020514488220215, 1.0004701614379883, 2.289350748062134, -2.806889533996582, 1.582326889038086]","[0.5609102249145508, -0.4055652320384979]",[],0.1,False,
4,10,8,"[-0.17381973564624786, -0.2544400095939636, 0.9025306701660156, 3.3844385147094727, 0.12946510314941406, -0.4117952287197113, -0.9319563508033752, -1.9220764636993408]","[-0.3490768373012543, 0.7606081962585449]",[],0.1,False,
4,10,9,"[-0.05858246609568596, -0.015810200944542885, 1.4007915258407593, 2.8261525630950928, -1.0219035148620605, 1.990503191947937, -0.7206346392631531, 0.4226480722427368]","[-0.966874361038208, 0.35295775532722473]",[],0.1,False,
4,10,10,"[-0.028268082067370415, 0.029062658548355103, -0.6082363128662109, 3.1190977096557617, 1.5740199089050293, 1.37917959690094, -1.136574387550354, 1.3520127534866333]","[0.8178911209106445, 0.16470536589622498]",[],0.1,False,
4,10,11,"[-0.22458681464195251, 0.21090945601463318, -1.0935688018798828, 4.020340442657471, 0.40126657485961914, 0.24401411414146423, -0.47520899772644043, 1.0930097103118896]","[-0.8241394758224487, 0.780867874622345]",[],0.1,False,
4,11,0,"[-0.1703301966190338, -0.0029442652594298124, 0.9827690124511719, 2.865851879119873, -1.356133222579956, 0.9168749451637268, -1.4237825870513916, -1.097373604774475]","[-0.09802856296300888, -0.059902168810367584]",[],0.1,False,
4,11,1,"[0.010251922532916069, 0.06458748131990433, -1.1235361099243164, 3.3615362644195557, -2.175062656402588, 0.42300736904144287, -2.4298043251037598, -0.8714460134506226]","[-0.883358359336853, 0.7179992198944092]",[],0.1,False,
4,11,2,"[-0.2640243470668793, -0.17362351715564728, 0.6162528991699219, 3.754899024963379, 1.0098819732666016, 1.110366702079773, -0.8415672779083252, -0.3459835350513458]","[-0.706925630569458, 0.4752933084964752]",[],0.1,False,
4,11,3,"[0.1137607991695404, 0.06241365894675255, 0.9544572830200195, 3.1718854904174805, 1.2534618377685547, 0.17165833711624146, -0.2081516832113266, 2.1422834396362305]","[-0.7178531289100647, -0.140102356672287]",[],0.1,False,
4,11,4,"[0.09999308735132217, 0.07319576293230057, 0.5995750427246094, 3.178224563598633, 0.21561527252197266, 0.7256470918655396, 0.10465742647647858, 0.3018066883087158]","[-0.6290886998176575, -0.5950461030006409]",[],0.1,False,
4,11,5,"[0.25318774580955505, 0.09417615085840225, -1.4677982330322266, 2.7400760650634766, -0.31383848190307617, -2.1693191528320312, -1.2874947786331177, 0.24859865009784698]","[-0.823060929775238, -0.8730674386024475]",[],0.1,False,
4,11,6,"[-0.20924346148967743, -0.26065248250961304, -0.4282846450805664, 4.117839813232422, 0.05893135070800781, 0.6717082858085632, -1.112404227256775, -1.2235665321350098]","[0.8064739108085632, -0.8883136510848999]",[],0.1,False,
4,11,7,"[-0.15486441552639008, 0.17811159789562225, 2.7366130352020264, 1.9644699096679688, 1.2442870140075684, 2.485780715942383, -1.5934370756149292, 1.9428142309188843]","[0.24074752628803253, -0.7573108673095703]",[],0.1,False,
4,11,8,"[-0.199266716837883, -0.18947505950927734, 0.8613510131835938, 3.2323830127716064, -0.0627431869506836, -0.4117952287197113, -1.9129558801651, -1.9220764636993408]","[0.8004804849624634, 0.5826596617698669]",[],0.1,False,
4,11,9,"[-0.1428801566362381, 0.013700808398425579, 1.599841833114624, 2.6952290534973145, -0.9796390533447266, 1.990503191947937, -1.701634168624878, 0.4226480722427368]","[-0.31828582286834717, -0.3252202868461609]",[],0.1,False,
4,11,10,"[0.04304434731602669, 0.04344313591718674, -0.4703207015991211, 2.946580410003662, 1.7092223167419434, 1.37917959690094, -2.1175739765167236, 1.3520127534866333]","[0.7454540133476257, -0.38818103075027466]",[],0.1,False,
4,11,11,"[-0.2524576485157013, 0.2616852819919586, -1.128347396850586, 4.041271686553955, 0.5595788955688477, -0.06339436769485474, -0.6552660465240479, 1.3312891721725464]","[-0.9468427896499634, 0.7832474708557129]",[],0.1,False,
4,12,0,"[-0.17905442416667938, -0.007561082020401955, 1.1110115051269531, 2.7985780239105225, -1.469940423965454, 1.3927593231201172, -0.6517813205718994, -1.1329131126403809]","[-0.2192608267068863, -0.14845995604991913]",[],0.1,False,
4,12,1,"[-0.06582200527191162, 0.12770316004753113, -1.0664196014404297, 3.3803675174713135, -2.325366258621216, 0.4904578924179077, -0.9376108646392822, -1.1465189456939697]","[-0.7296428084373474, -0.8893246054649353]",[],0.1,False,
4,12,2,"[-0.26311808824539185, -0.1341395080089569, 0.7272891998291016, 3.611882209777832, 0.9752826690673828, 1.110366702079773, -1.8225667476654053, -0.3459835350513458]","[0.9220311045646667, 0.7335670590400696]",[],0.1,False,
4,12,3,"[0.050941795110702515, 0.053246498107910156, 0.971623420715332, 3.092210292816162, 1.4676904678344727, 0.17165833711624146, -1.1891511678695679, 2.1422834396362305]","[-0.7626228928565979, 0.9640890955924988]",[],0.1,False,
4,12,4,"[0.0449288971722126, 0.021878577768802643, 0.6721401214599609, 3.1298303604125977, 0.24579668045043945, 0.7256470918655396, -0.8763421773910522, 0.3018066883087158]","[-0.3672720193862915, -0.14110922813415527]",[],0.1,False,
4,12,5,"[0.18371161818504333, 0.01939072646200657, -1.6931456327438354, 2.5757055282592773, -0.2882823944091797, -2.5898847579956055, -1.106469988822937, 0.28332245349884033]","[-0.2062869369983673, -0.4392949640750885]",[],0.1,False,
4,12,6,"[-0.14245644211769104, -0.2609492242336273, -0.3611125946044922, 3.947739601135254, -0.06342506408691406, 0.6717082858085632, -2.0934038162231445, -1.2235665321350098]","[-0.8108155727386475, 0.43563783168792725]",[],0.1,False,
4,12,7,"[-0.1352117508649826, 0.1131417453289032, 3.027897596359253, 1.9791712760925293, 1.4859495162963867, 2.449423313140869, -1.1660847663879395, 1.9836056232452393]","[-0.037622712552547455, 0.023731382563710213]",[],0.1,False,
4,12,8,"[-0.12850771844387054, -0.14433397352695465, 0.8201713562011719, 2.9822275638580322, -0.25495147705078125, -0.4117952287197113, -2.8939554691314697, -1.9220764636993408]","[0.8137350082397461, 0.4787917733192444]",[],0.1,False,
4,12,9,"[-0.16993901133537292, -0.014663702808320522, 1.8097385168075562, 2.5196757316589355, -0.9402575492858887, 2.2609901428222656, -1.345655083656311, 0.3504103124141693]","[-0.3045121431350708, 0.393982470035553]",[],0.1,False,
4,12,10,"[0.10775407403707504, 0.009512650780379772, -0.3702688217163086, 2.9494361877441406, 1.854743480682373, 1.0003286600112915, 0.1926998347043991, 1.4799737930297852]","[0.01516998466104269, 0.3830496370792389]",[],0.1,False,
4,12,11,"[-0.2524576485157013, 0.2616852819919586, -1.1533851623535156, 3.9566659927368164, 0.7035965919494629, -0.36664414405822754, -0.9817026853561401, 1.5052576065063477]","[0.04623725265264511, 0.15923038125038147]",[],0.1,False,
4,13,7,"[-0.13585393130779266, 0.11355585604906082, 3.027897596359253, 1.9791712760925293, 1.4859495162963867, 2.449423313140869, -1.1660847663879395, 1.9836056232452393]",,,-1.0,True,
5,0,0,"[0.08480508625507355, 0.08163142949342728, -0.3564605712890625, 3.9960761070251465, -1.0314483642578125, 0.0, -0.1961999237537384, 0.0]","[0.49578073620796204, 0.5407497882843018]",[],0.1,False,
5,0,1,"[-0.06956800818443298, 0.04376200586557388, 0.35918140411376953, 3.9960761070251465, 0.9830570220947266, 0.0, -0.1961999237537384, 0.0]","[0.29516130685806274, 0.6765621304512024]",[],0.1,False,
5,0,2,"[0.018308721482753754, -0.0684489756822586, 1.133544921875, 3.9960756301879883, -1.124114990234375, 0.0, -0.1961999237537384, 0.0]","[-0.5627239942550659, -0.2679927349090576]",[],0.1,False,
5,0,3,"[-0.025990383699536324, 0.019729316234588623, -0.22896862030029297, 3.9960761070251465, 1.0361509323120117, 0.0, -0.1961999237537384, 0.0]","[0.030864911153912544, -0.8408516645431519]",[],0.1,False,
5,0,4,"[-0.038547880947589874, 0.017095889896154404, -0.38498973846435547, 3.9960756301879883, 0.6155533790588379, 0.0, -0.1961999237537384, 0.0]","[0.3887205719947815, -0.316467821598053]",[],0.1,False,
5,0,5,"[-0.035296738147735596, 0.051124148070812225, 0.06175112724304199, 3.9960756301879883, 0.10401058197021484, 0.0, -0.1961999237537384, 0.0]","[-0.5825053453445435, -0.6055609583854675]",[],0.1,False,
5,0,6,"[-0.05385858193039894, 0.019580954685807228, 0.5729684829711914, 3.9960756301879883, 1.4257164001464844, 0.0, -0.1961999237537384, 0.0]","[0.8311437368392944, -0.8513479828834534]",[],0.1,False,
5,0,7,"[-0.01147343497723341, -0.033761121332645416, -0.3895266056060791, 3.9960761070251465, 0.7516956329345703, 0.0, -0.1961999237537384, 0.0]","[-0.6607196927070618, 0.23317848145961761]",[],0.1,False,
5,0,8,"[0.017197957262396812, 0.014215298928320408, 0.9716081619262695, 3.9960761070251465, 1.1637649536132812, 0.0, -0.1961999237537384, 0.0]","[-0.5684820413589478, -0.3677908778190613]",[],0.1,False,
5,0,9,"[0.02882438898086548, -0.0030968172941356897, 1.3470557928085327, 3.9960761070251465, 1.320218563079834, 0.0, -0.1961999237537384, 0.0]","[0.6405571103096008, -0.24369996786117554]",[],0.1,False,
5,0,10,"[0.059068452566862106, 0.022078881040215492, -0.9492111206054688, 3.9960761070251465, 0.03288841247558594, 0.0, -0.1961999237537384, 0.0]","[-0.7704232931137085, 0.611717700958252]",[],0.1,False,
5,0,11,"[0.06882826238870621, 0.043226953595876694, 0.4611988067626953, 3.9960761070251465, -0.5867805480957031, 0.0, -0.1961999237537384, 0.0]","[-0.3538239002227783, 0.3755207657814026]",[],0.1,False,
5,1,0,"[0.12792587280273438, 0.1279551088809967, -0.3564605712890625, 3.9175961017608643, -1.0314483642578125, 0.0, -1.1771994829177856, 0.0]","[0.8452036380767822, -0.3806280195713043]",[],0.1,False,
5,1,1,"[-0.04393920674920082, 0.1025708019733429, 0.35918140411376953, 3.9175961017608643, 0.9830570220947266, 0.0, -1.1771994829177856, 0.0]","[-0.9452569484710693, -0.5320782661437988]",[],0.1,False,
5,1,2,"[-0.030663499608635902, -0.09172913432121277, 1.133544921875, 3.917595863342285, -1.124114990234375, 0.0, -1.1771994829177856, 0.0]","[-0.1290176808834076, -0.12722744047641754]",[],0.1,False,
5,1,3,"[-0.023193921893835068, -0.0535966232419014, -0.22896862030029297, 3.9175963401794434, 1.0361509323120117, 0.0, -1.1771994829177856, 0.0]","[-0.07057874649763107, 0.7890166640281677]",[],0.1,False,
5,1,4,"[-0.004614955745637417, -0.010488606989383698, -0.38498973846435547, 3.917595863342285, 0.6155533790588379, 0.0, -1.1771994829177856, 0.0]","[0.266478955745697, -0.8975275754928589]",[],0.1,False,
5,1,5,"[-0.08576660603284836, -0.001780161401256919, 0.06175112724304199, 3.917595863342285, 0.10401058197021484, 0.0, -1.1771994829177856, 0.0]","[0.04391995817422867, -0.3774160146713257]",[],0.1,False,
5,1,6,"[0.0187649168074131, -0.05453967675566673, 0.5729684829711914, 3.917595863342285, 1.4257164001464844, 0.0, -1.1771994829177856, 0.0]","[-0.6564211845397949, 0.3657083809375763]",[],0.1,False,
5,1,7,"[-0.06902194023132324, -0.013356059789657593, -0.3895266056060791, 3.9175963401794434, 0.7516956329345703, 0.0, -1.1771994829177856, 0.0]","[-0.6465994715690613, -0.684950590133667]",[],0.1,False,
5,1,8,"[-0.032403022050857544, -0.017870865762233734, 0.9716081619262695, 3.9175961017608643, 1.1637649536132812, 0.0, -1.1771994829177856, 0.0]","[-0.5826416015625, 0.26021143794059753]",[],0.1,False,
5,1,9,"[0.08461745083332062, -0.024323798716068268, 1.3470557928085327, 3.9175961017608643, 1.320218563079834, 0.0, -1.1771994829177856, 0.0]","[0.49033570289611816, -0.5041599869728088]",[],0.1,False,
5,1,10,"[-0.00810839980840683, 0.07533498853445053, -0.9492111206054688, 3.9175963401794434, 0.03288841247558594, 0.0, -1.1771994829177856, 0.0]","[-0.4125049114227295, 0.9542995095252991]",[],0.1,False,
5,1,11,"[0.03808353841304779, 0.07593952864408493, 0.4611988067626953, 3.9175963401794434, -0.5867805480957031, 0.0, -1.1771994829177856, 0.0]","[0.943364143371582, -0.01872416026890278]",[],0.1,False,
5,2,0,"[0.19970200955867767, 0.09452208876609802, -0.3564605712890625, 3.741016387939453, -1.0314483642578125, 0.0, -2.1581990718841553, 0.0]","[0.22544118762016296, -0.24706698954105377]",[],0.1,False,
5,2,1,"[-0.12560056149959564, 0.05623038113117218, 0.35918140411376953, 3.741016387939453, 0.9830570220947266, 0.0, -2.1581990718841553, 0.0]","[0.5935479402542114, 0.6452702283859253]",[],0.1,False,
5,2,2,"[-0.04189333692193031, -0.10274113714694977, 1.133544921875, 3.741016387939453, -1.124114990234375, 0.0, -2.1581990718841553, 0.0]","[0.4302757978439331, -0.5335848927497864]",[],0.1,False,
5,2,3,"[-0.029437322169542313, 0.015197167173027992, -0.22896862030029297, 3.741016387939453, 1.0361509323120117, 0.0, -2.1581990718841553, 0.0]","[-0.1632394790649414, 0.5136452913284302]",[],0.1,False,
5,2,4,"[0.01870431937277317, -0.08866419643163681, -0.38498973846435547, 3.741016387939453, 0.6155533790588379, 0.0, -2.1581990718841553, 0.0]","[-0.8858985304832458, -0.708183228969574]",[],0.1,False,
5,2,5,"[-0.08167793601751328, -0.03456265851855278, 0.06175112724304199, 3.741016387939453, 0.10401058197021484, 0.0, -2.1581990718841553, 0.0]","[0.13281138241291046, 0.09377241134643555]",[],0.1,False,
5,2,6,"[-0.038483262062072754, -0.022725118324160576, 0.5729684829711914, 3.741016387939453, 1.4257164001464844, 0.0, -2.1581990718841553, 0.0]","[0.2821471691131592, 0.38149744272232056]",[],0.1,False,
5,2,7,"[-0.12518569827079773, -0.07266206294298172, -0.3895266056060791, 3.741016387939453, 0.7516956329345703, 0.0, -2.1581990718841553, 0.0]","[-0.776659369468689, -0.9381646513938904]",[],0.1,False,
5,2,8,"[-0.08313734829425812, 0.004817507229745388, 0.9716081619262695, 3.741016387939453, 1.1637649536132812, 0.0, -2.1581990718841553, 0.0]","[-0.5781964063644409, 0.5531057715415955]",[],0.1,False,
5,2,9,"[0.12703721225261688, -0.06806802749633789, 1.3470557928085327, 3.741016387939453, 1.320218563079834, 0.0, -2.1581990718841553, 0.0]","[-0.09203851222991943, 0.6451284885406494]",[],0.1,False,
5,2,10,"[-0.044179029762744904, 0.15784952044487, -0.9492111206054688, 3.741016387939453, 0.03288841247558594, 0.0, -2.1581990718841553, 0.0]","[-0.9016364216804504, 0.45142462849617004]",[],0.1,False,
5,2,11,"[0.11988701671361923, 0.07409070432186127, 0.4611988067626953, 3.741016387939453, -0.5867805480957031, 0.0, -2.1581990718841553, 0.0]","[0.08416833728551865, -0.3872341811656952]",[],0.1,False,
5,3,0,"[0.21835333108901978, 0.07308077067136765, -0.3564605712890625, 3.466336488723755, -1.0314483642578125, 0.0, -3.1391985416412354, 0.0]","[-0.673439621925354, -0.3504279851913452]",[],0.1,False,
5,3,1,"[-0.07447830587625504, 0.11233992129564285, 0.35918140411376953, 3.466336488723755, 0.9830570220947266, 0.0, -3.1391985416412354, 0.0]","[-0.5748000144958496, -0.8479757905006409]",[],0.1,False,
5,3,2,"[-0.004627572372555733, -0.14893123507499695, 1.133544921875, 3.466336250305176, -1.124114990234375, 0.0, -3.1391985416412354, 0.0]","[-0.29706305265426636, 0.12811030447483063]",[],0.1,False,
5,3,3,"[-0.04365240037441254, 0.059954769909381866, -0.22896862030029297, 3.466336727142334, 1.0361509323120117, 0.0, -3.1391985416412354, 0.0]","[0.9150535464286804, 0.4484730064868927]",[],0.1,False,
5,3,4,"[-0.0582595095038414, -0.14978140592575073, -0.38498973846435547, 3.466336250305176, 0.6155533790588379, 0.0, -3.1391985416412354, 0.0]","[-0.18422362208366394, 0.2156936377286911]",[],0.1,False,
5,3,5,"[-0.07020550966262817, -0.02629629336297512, 0.06175112724304199, 3.466336250305176, 0.10401058197021484, 0.0, -3.1391985416412354, 0.0]","[-0.9879223108291626, 0.04082239046692848]",[],0.1,False,
5,3,6,"[-0.013852696865797043, 0.010541037656366825, 0.5729684829711914, 3.466336250305176, 1.4257164001464844, 0.0, -3.1391985416412354, 0.0]","[0.19875407218933105, 0.5587795972824097]",[],0.1,False,
5,3,7,"[-0.1913880854845047, -0.1530488133430481, -0.2730529308319092, 3.7361459732055664, 0.7042069435119629, 1.2381902933120728, -0.47462594509124756, 0.1300201714038849]","[-0.22521370649337769, -0.1400013267993927]",[],0.1,False,
5,3,8,"[-0.13309727609157562, 0.05290733277797699, 0.9716081619262695, 3.466336488723755, 1.1637649536132812, 0.0, -3.1391985416412354, 0.0]","[0.8308723568916321, 0.6686446070671082]",[],0.1,False,
5,3,9,"[0.1190996766090393, -0.012237259186804295, 1.3470557928085327, 3.466336488723755, 1.320218563079834, 0.0, -3.1391985416412354, 0.0]","[0.10062950849533081, -0.8002128005027771]",[],0.1,False,
5,3,10,"[-0.12178071588277817, 0.1957019567489624, -0.9212980270385742, 3.5612282752990723, 0.07382678985595703, 0.7791100740432739, -0.6701328754425049, 1.0863863229751587]","[0.7291567325592041, -0.10061486810445786]",[],0.1,False,
5,3,11,"[0.12688130140304565, 0.04056067764759064, 0.4611988067626953, 3.466336727142334, -0.5867805480957031, 0.0, -3.1391985416412354, 0.0]","[0.02186143957078457, -0.8972383737564087]",[],0.1,False,
5,4,0,"[0.15996646881103516, 0.04467049241065979, -0.3564605712890625, 3.0935568809509277, -1.0314483642578125, 0.0, -4.1201982498168945, 0.0]","[-0.7916604280471802, -0.32298606634140015]",[],0.1,False,
5,4,1,"[-0.12373438477516174, 0.038724660873413086, 0.35918140411376953, 3.0935568809509277, 0.9830570220947266, 0.0, -4.1201982498168945, 0.0]","[-0.8206737637519836, -0.9151293635368347]",[],0.1,False,
5,4,2,"[-0.030275877565145493, -0.137883722782135, 1.133544921875, 3.0935564041137695, -1.124114990234375, 0.0, -4.1201982498168945, 0.0]","[0.5657622814178467, 0.6890908479690552]",[],0.1,False,
5,4,3,"[0.036120396107435226, 0.09864556044340134, -0.22896862030029297, 3.0935568809509277, 1.0361509323120117, 0.0, -4.1201982498168945, 0.0]","[-0.2930333614349365, 0.5419116616249084]",[],0.1,False,
5,4,4,"[-0.07398803532123566, -0.1310691088438034, -0.34702205657958984, 3.3521223068237305, 0.5709762573242188, 0.5122334361076355, -0.5552528500556946, -0.627223789691925]","[-0.4015767276287079, 0.09588871896266937]",[],0.1,False,
5,4,5,"[-0.15583536028862, -0.023460395634174347, 0.06175112724304199, 3.0935564041137695, 0.10401058197021484, 0.0, -4.1201982498168945, 0.0]","[-0.5152469277381897, 0.09775403887033463]",[],0.1,False,
5,4,6,"[0.0035448456183075905, 0.05924701318144798, 0.5729684829711914, 3.0935564041137695, 1.4257164001464844, 0.0, -4.1201982498168945, 0.0]","[0.6868206262588501, -0.6280838847160339]",[],0.1,False,
5,4,7,"[-0.21030282974243164, -0.16499240696430206, -0.07970365881919861, 3.781449317932129, 0.6678376197814941, 1.525925636291504, -0.7344254851341248, -0.04540068656206131]","[-0.30046501755714417, 0.1746341437101364]",[],0.1,False,
5,4,8,"[-0.060481369495391846, 0.1100241020321846, 0.9716081619262695, 3.0935568809509277, 1.1637649536132812, 0.0, -4.1201982498168945, 0.0]","[0.3705502152442932, 0.7369340658187866]",[],0.1,False,
5,4,9,"[0.1277177482843399, -0.08143876492977142, 1.3070001602172852, 3.6954174041748047, 1.30096435546875, 0.10153287649154663, 0.034342363476753235, 0.04446752369403839]","[-0.7748043537139893, -0.28440389037132263]",[],0.1,False,
5,4,10,"[-0.05955933779478073, 0.1876433789730072, -0.8433876037597656, 3.4353551864624023, 0.182464599609375, 0.7791100740432739, -1.651132345199585, 1.0863863229751587]","[0.5422735810279846, -0.6222167611122131]",[],0.1,False,
5,4,11,"[0.1275528073310852, -0.03709715977311134, 0.43932151794433594, 3.17557430267334, -0.5805163383483887, -1.0359724760055542, -0.2423396110534668, 0.33663690090179443]","[-0.6837373971939087, -0.9341262578964233]",[],0.1,False,
5,5,0,"[0.0907047763466835, 0.018690703436732292, -0.3955230712890625, 3.057032823562622, -1.0438342094421387, -0.35111746191978455, -0.8821684122085571, -0.13365833461284637]","[0.630649983882904, 0.31455767154693604]",[],0.1,False,
5,5,1,"[-0.19290317595005035, -0.04122412949800491, 0.4983034133911133, 3.1284337043762207, 0.9551396369934082, 1.0758601427078247, -0.46077144145965576, -0.22501273453235626]","[-0.651222288608551, 0.00941613968461752]",[],0.1,False,
5,5,2,"[0.01864880882203579, -0.07805122435092926, 1.1480064392089844, 2.890700340270996, -1.1599466800689697, 0.41536518931388855, -0.07861384749412537, -0.600270688533783]","[0.35878726840019226, 0.3489028215408325]",[],0.1,False,
5,5,3,"[0.010948254726827145, 0.1456902027130127, -0.2322988510131836, 2.7975049018859863, 1.101560115814209, -0.08644413948059082, -0.6575399041175842, 1.651371955871582]","[-0.8224292397499084, 0.6812101006507874]",[],0.1,False,
5,5,4,"[-0.1084892675280571, -0.12238803505897522, -0.2778453826904297, 3.3527278900146484, 0.4829530715942383, 0.6737348437309265, -0.37022581696510315, -0.8553274273872375]","[-0.6173954010009766, -0.16992338001728058]",[],0.1,False,
5,5,5,"[-0.2001132369041443, -0.015329943038523197, 0.1165536567568779, 3.210972785949707, 0.08977317810058594, 0.18464195728302002, -0.08218330144882202, -0.10055508464574814]","[0.6589892506599426, 0.31915467977523804]",[],0.1,False,
5,5,6,"[0.06317012757062912, 0.004308038856834173, 0.5639514923095703, 3.072024345397949, 1.3954291343688965, 0.10173121839761734, 0.01756434142589569, -0.5855329632759094]","[0.9811928868293762, 0.26437047123908997]",[],0.1,False,
5,5,7,"[-0.23556198179721832, -0.15043529868125916, 0.10256093740463257, 3.718459129333496, 0.6423916816711426, 1.7734043598175049, -1.0274080038070679, -0.2230660617351532]","[0.18832165002822876, -0.7624914050102234]",[],0.1,False,
5,5,8,"[-0.02716429904103279, 0.17296306788921356, 0.9761362075805664, 2.721560001373291, 1.1731634140014648, 0.22540238499641418, -0.17561101913452148, 0.45244675874710083]","[0.3539818227291107, 0.10883710533380508]",[],0.1,False,
5,5,9,"[0.06044912338256836, -0.10541150718927383, 1.3171532154083252, 3.6399917602539062, 1.3054108619689941, 0.10153287649154663, -0.9466571807861328, 0.04446752369403839]","[0.9250831604003906, -0.8976523280143738]",[],0.1,False,
5,5,10,"[-0.013008014298975468, 0.13405922055244446, -0.765477180480957, 3.2113819122314453, 0.29110240936279297, 0.7791100740432739, -2.632131814956665, 1.0863863229751587]","[0.8113203048706055, 0.7775254249572754]",[],0.1,False,
5,5,11,"[0.06617257744073868, -0.11644385010004044, 0.335723876953125, 3.092480182647705, -0.546851634979248, -1.0359724760055542, -1.2233392000198364, 0.33663690090179443]","[-0.7894279956817627, 0.9638369679450989]",[],0.1,False,
5,6,0,"[0.14608430862426758, 0.04431404173374176, -0.4666271209716797, 3.086002826690674, -1.048527717590332, -0.6292726993560791, -0.18664130568504333, -0.06570971757173538]","[-0.4761960804462433, 0.7184884548187256]",[],0.1,False,
5,6,1,"[-0.24827678501605988, -0.04180354252457619, 0.6678924560546875, 3.1609549522399902, 0.9220809936523438, 1.3120124340057373, -0.7434781789779663, -0.23207908868789673]","[0.10585980117321014, 0.5795382857322693]",[],0.1,False,
5,6,2,"[0.04969015717506409, -0.04751327633857727, 1.177724838256836, 3.0221023559570312, -1.2412686347961426, 0.38249295949935913, -0.025385528802871704, -0.6732170581817627]","[0.8882161378860474, -0.7939127683639526]",[],0.1,False,
5,6,3,"[-0.05995216220617294, 0.20398662984371185, -0.23808002471923828, 2.7604012489318848, 1.293471336364746, -0.0808231309056282, -0.8011528253555298, 1.8565881252288818]","[-0.588384211063385, -0.36527714133262634]",[],0.1,False,
5,6,4,"[-0.1616758555173874, -0.13600806891918182, -0.16141223907470703, 3.4426755905151367, 0.35321664810180664, 0.8007079362869263, -0.5599772334098816, -0.9738096594810486]","[-0.28931453824043274, 0.40406695008277893]",[],0.1,False,
5,6,5,"[-0.14353087544441223, 0.012275969609618187, 0.13501784205436707, 3.1438941955566406, 0.07971668243408203, 0.18464195728302002, -1.0631828308105469, -0.10055508464574814]","[-0.21095609664916992, -0.24019619822502136]",[],0.1,False,
5,6,6,"[0.14840081334114075, 0.026746537536382675, 0.5298709869384766, 3.2238149642944336, 1.341710090637207, -0.05342243239283562, 0.01496809720993042, -0.5814223885536194]","[-0.1744152158498764, 0.5051242709159851]",[],0.1,False,
5,6,7,"[-0.2192487120628357, -0.21398107707500458, 0.368024080991745, 3.768829345703125, 0.5383334159851074, 1.8812251091003418, -1.1547986268997192, -0.40216389298439026]","[0.9230527877807617, 0.9234872460365295]",[],0.1,False,
5,6,8,"[0.003483695210888982, 0.1814921498298645, 0.999455451965332, 2.7495834827423096, 1.2506680488586426, 0.22884918749332428, -0.2546086013317108, 0.678128719329834]","[-0.8154451847076416, 0.8727005124092102]",[],0.1,False,
5,6,9,"[0.13907061517238617, -0.18335506319999695, 1.19119131565094, 4.120481967926025, 1.1181445121765137, -0.12170113623142242, -0.12484446167945862, -0.2199733853340149]","[0.5803326368331909, -0.5932488441467285]",[],0.1,False,
5,6,10,"[0.057464614510536194, 0.2002951204776764, -0.6944408416748047, 3.0073885917663574, 0.436065673828125, 0.6201114654541016, -0.7475831508636475, 1.9360517263412476]","[-0.5100341439247131, 0.7901379466056824]",[],0.1,False,
5,6,11,"[0.0005169254145585, -0.030333880335092545, 0.232147216796875, 2.970262050628662, -0.5160737037658691, -1.035775065422058, 0.01555180549621582, 0.2368580400943756]","[-0.43350306153297424, 0.06764853000640869]",[],0.1,False,
5,7,0,"[0.10636318475008011, 0.10729042440652847, -0.5793361663818359, 3.2267234325408936, -1.0226173400878906, -0.7784018516540527, -0.1825844645500183, 0.037156518548727036]","[0.7287328243255615, 0.728249192237854]",[],0.1,False,
5,7,1,"[-0.2401794195175171, 0.007396681699901819, 0.7990942001342773, 3.02774715423584, 0.8988733291625977, 1.3120124340057373, -1.7244776487350464, -0.23207908868789673]","[0.12064597755670547, -0.432298481464386]",[],0.1,False,
5,7,2,"[0.127158984541893, -0.11562558263540268, 1.1748104095458984, 3.1698551177978516, -1.3402230739593506, 0.2208227664232254, -0.11319364607334137, -0.7169604301452637]","[-0.872736930847168, -0.8729864358901978]",[],0.1,False,
5,7,3,"[-0.1096775084733963, 0.17212338745594025, -0.22088050842285156, 2.765329360961914, 1.5286121368408203, 0.06410359591245651, -0.7862232327461243, 2.124814987182617]","[-0.6004071235656738, 0.22385753691196442]",[],0.1,False,
5,7,4,"[-0.1854770928621292, -0.1009693443775177, -0.06803035736083984, 3.3721094131469727, 0.24591398239135742, 1.0341203212738037, -0.7359447479248047, -1.1273870468139648]","[-0.5281195044517517, -0.7412665486335754]",[],0.1,False,
5,7,5,"[-0.16169124841690063, -0.008455472066998482, 0.18204694986343384, 3.104228973388672, 0.06970739364624023, 0.5975730419158936, -0.20307724177837372, -0.09975941479206085]","[0.12092429399490356, -0.05921632796525955]",[],0.1,False,
5,7,6,"[0.1333925575017929, 0.07036541402339935, 0.5245304107666016, 3.1664514541625977, 1.283566951751709, -0.05342243239283562, -0.9660314321517944, -0.5814223885536194]","[0.8452242016792297, -0.06274402886629105]",[],0.1,False,
5,7,7,"[-0.14300532639026642, -0.13438674807548523, 0.556146502494812, 3.594489574432373, 0.49811697006225586, 1.8812251091003418, -2.135798215866089, -0.40216389298439026]","[-0.24262376129627228, 0.03465329110622406]",[],0.1,False,
5,7,8,"[-0.06433305144309998, 0.25729888677597046, 1.022341251373291, 2.6652626991271973, 1.3184814453125, 0.22884918749332428, -1.2356081008911133, 0.678128719329834]","[0.5317648649215698, 0.4645269513130188]",[],0.1,False,
5,7,9,"[0.1874602735042572, -0.23369942605495453, 1.0305789709091187, 4.517144680023193, 1.0053458213806152, -0.25261661410331726, -0.018616557121276855, -0.32724684476852417]","[0.5837811827659607, 0.7478606104850769]",[],0.1,False,
5,7,10,"[0.014555047266185284, 0.2542772591114044, -0.6441440582275391, 3.028041362762451, 0.6970129013061523, 0.5916809439659119, -1.1526440382003784, 2.0742266178131104]","[0.6555808782577515, -0.9289236068725586]",[],0.1,False,
5,7,11,"[-0.03705243393778801, -0.023073425516486168, 0.12939834594726562, 2.9796509742736816, -0.4947986602783203, -1.0097150802612305, 0.08538664877414703, 0.19952590763568878]","[0.8552244901657104, -0.4532913565635681]",[],0.1,False,
5,8,0,"[0.1698669195175171, 0.16841569542884827, -0.7382106781005859, 3.432358741760254, -0.9383463859558105, -0.8808469772338867, -0.39800652861595154, 0.17767968773841858]","[-0.3718046545982361, -0.17442180216312408]",[],0.1,False,
5,8,1,"[-0.2293700873851776, -0.029121821746230125, 0.9795961380004883, 2.9313242435455322, 0.8703632354736328, 1.9047536849975586, -0.9708417654037476, -0.29366832971572876]","[0.032341111451387405, -0.7600425481796265]",[],0.1,False,
5,8,2,"[0.05190131068229675, -0.19048701226711273, 1.1968879699707031, 3.0996761322021484, -1.411919116973877, 0.2208227664232254, -1.0941932201385498, -0.7169604301452637]","[0.8596729040145874, 0.10945863276720047]",[],0.1,False,
5,8,3,"[-0.16118954122066498, 0.18988555669784546, -0.18048763275146484, 2.7542176246643066, 1.784595012664795, 0.20399311184883118, -1.0215473175048828, 2.3092031478881836]","[0.6821029186248779, -0.4865848422050476]",[],0.1,False,
5,8,4,"[-0.23179028928279877, -0.16234903037548065, 0.14577770233154297, 3.501410484313965, 0.06741046905517578, 1.1281622648239136, -1.0239806175231934, -1.162860631942749]","[0.2667783498764038, 0.34568172693252563]",[],0.1,False,
5,8,5,"[-0.15125036239624023, -0.013522258959710598, 0.25102975964546204, 3.0688323974609375, 0.05906248092651367, 0.769009530544281, -0.3859713077545166, -0.11281830072402954]","[-0.8289417028427124, 0.4657380282878876]",[],0.1,False,
5,8,6,"[0.20588433742523193, 0.06494934111833572, 0.4229917526245117, 3.3074865341186523, 1.261167049407959, -0.4623177647590637, -0.14764654636383057, -0.4166114926338196]","[0.38379430770874023, -0.4656974971294403]",[],0.1,False,
5,8,7,"[-0.16378140449523926, -0.13177494704723358, 0.7442688941955566, 3.322050094604492, 0.4579005241394043, 1.8812251091003418, -3.116797685623169, -0.40216389298439026]","[-0.6082968711853027, 0.25087887048721313]",[],0.1,False,
5,8,8,"[-0.019543400034308434, 0.2562386393547058, 1.0504989624023438, 2.6024467945098877, 1.4367141723632812, 0.2904508709907532, -0.6986404061317444, 1.208621621131897]","[-0.9677043557167053, 0.7599636912345886]",[],0.1,False,
5,8,9,"[0.23583094775676727, -0.17132174968719482, 0.9893301725387573, 4.5136799812316895, 0.9665365219116211, -0.36253824830055237, -0.6900133490562439, -0.3942622244358063]","[-0.7174963355064392, 0.8153266906738281]",[],0.1,False,
5,8,10,"[0.06940562278032303, 0.17473210394382477, -0.5849781036376953, 2.853917121887207, 0.9044346809387207, 0.5916809439659119, -2.133643627166748, 2.0742266178131104]","[0.3470061719417572, 0.0964818075299263]",[],0.1,False,
5,8,11,"[0.03606566786766052, -0.06518887728452682, 0.027439117431640625, 2.9707388877868652, -0.4779343605041504, -1.0275075435638428, -0.0519443154335022, 0.13560611009597778]","[-0.46711650490760803, 0.9221631288528442]",[],0.1,False,
5,9,0,"[0.1380351185798645, 0.15404260158538818, -0.8328208923339844, 3.343040943145752, -0.9178152084350586, -0.9461816549301147, -1.2855918407440186, 0.20529580116271973]","[-0.3774234354496002, -0.9782776832580566]",[],0.1,False,
5,9,1,"[-0.22481167316436768, -0.09347878396511078, 1.2532634735107422, 2.96463942527771, 0.813450813293457, 2.1543185710906982, -1.132475733757019, -0.37279459834098816]","[0.47881197929382324, 0.31511926651000977]",[],0.1,False,
5,9,2,"[0.125299334526062, -0.1814151555299759, 1.1948356628417969, 3.0414352416992188, -1.5185658931732178, -0.06639114767313004, -0.45043790340423584, -1.106062650680542]","[-0.9102839827537537, -0.8842688202857971]",[],0.1,False,
5,9,3,"[-0.1021440327167511, 0.14982053637504578, -0.15575027465820312, 2.6186647415161133, 2.022493362426758, 0.36911988258361816, -1.0881505012512207, 2.554650068283081]","[0.821948766708374, -0.05212770029902458]",[],0.1,False,
5,9,4,"[-0.20870041847229004, -0.13376256823539734, 0.2585926055908203, 3.3401527404785156, -0.04887580871582031, 1.1281622648239136, -2.0049800872802734, -1.162860631942749]","[0.3138869106769562, -0.25359097123146057]",[],0.1,False,
5,9,5,"[-0.22230491042137146, 0.02626085840165615, 0.38645511865615845, 3.136972427368164, 0.050728797912597656, 0.9820402264595032, -0.4664987325668335, -0.10626621544361115]","[0.7124108076095581, -0.003419406246393919]",[],0.1,False,
5,9,6,"[0.23811912536621094, 0.025130856782197952, 0.2742910385131836, 3.4617109298706055, 1.2367620468139648, -0.6901975870132446, -0.3428155183792114, -0.38407716155052185]","[0.6253264546394348, -0.6842091679573059]",[],0.1,False,
5,9,7,"[-0.21566645801067352, -0.11098861694335938, 0.9665790796279907, 3.042144298553467, 0.4019761085510254, 2.782073736190796, -1.6533474922180176, -0.8277645707130432]","[0.68327796459198, 0.49958479404449463]",[],0.1,False,
5,9,8,"[-0.10095252096652985, 0.25775474309921265, 1.079543113708496, 2.4737229347229004, 1.5575757026672363, 0.2904508709907532, -1.6796399354934692, 1.208621621131897]","[0.728329062461853, 0.862396240234375]",[],0.1,False,
5,9,9,"[0.17405185103416443, -0.10334667563438416, 0.9530762434005737, 4.385818958282471, 0.9271092414855957, -0.36253824830055237, -1.6710128784179688, -0.3942622244358063]","[-0.4522210955619812, 0.3582458198070526]",[],0.1,False,
5,9,10,"[0.09925977140665054, 0.1823805719614029, -0.5424909591674805, 2.7188920974731445, 1.1518158912658691, 0.31194576621055603, -0.9698216319084167, 2.6942598819732666]","[-0.2864079475402832, -0.9205784201622009]",[],0.1,False,
5,9,11,"[-0.0018794225761666894, 0.01657453551888466, -0.07701492309570312, 3.0132007598876953, -0.467132568359375, -1.0342793464660645, -0.0009114891290664673, 0.10889950394630432]","[-0.2033919095993042, 0.39224478602409363]",[],0.1,False,
5,10,0,"[0.10424326360225677, 0.07035640627145767, -0.9274349212646484, 3.1556217670440674, -0.897284984588623, -0.9461816549301147, -2.2665913105010986, 0.20529580116271973]","[0.24402615427970886, -0.27587300539016724]",[],0.1,False,
5,10,1,"[-0.18502947688102722, -0.06520784646272659, 1.4712839126586914, 2.8003036975860596, 0.7749013900756836, 2.2836456298828125, -1.7248412370681763, -0.43634486198425293]","[-0.6931552886962891, 0.9609817266464233]",[],0.1,False,
5,10,2,"[0.047301605343818665, -0.25588276982307434, 1.1881980895996094, 2.9375314712524414, -1.6291718482971191, -0.06639114767313004, -1.431437373161316, -1.106062650680542]","[0.12399758398532867, 0.629107654094696]",[],0.1,False,
5,10,3,"[-0.03132980316877365, 0.14652012288570404, -0.11815738677978516, 2.4625930786132812, 2.279754638671875, 0.4031447768211365, -1.4887841939926147, 2.6438100337982178]","[-0.8073157668113708, 0.21561922132968903]",[],0.1,False,
5,10,4,"[-0.18255862593650818, -0.1557856649160385, 0.3998384475708008, 3.166046142578125, -0.1868581771850586, 1.6798964738845825, -1.3119347095489502, -1.585634708404541]","[-0.4433906674385071, -0.018259799107909203]",[],0.1,False,
5,10,5,"[-0.1613241285085678, 0.02569546177983284, 0.4846591353416443, 3.0314626693725586, 0.040102481842041016, 0.9820402264595032, -1.4474982023239136, -0.10626621544361115]","[0.15467193722724915, 0.26427045464515686]",[],0.1,False,
5,10,6,"[0.2579129636287689, -0.0329066626727581, 0.07811355590820312, 3.613776206970215, 1.1930527687072754, -0.9333797693252563, -0.5722885727882385, -0.4057551622390747]","[0.3739284873008728, -0.4175111651420593]",[],0.1,False,
5,10,7,"[-0.15751418471336365, -0.06808684021234512, 1.2447861433029175, 2.8179497718811035, 0.3191995620727539, 2.782073736190796, -2.6343469619750977, -0.8277645707130432]","[-0.11100905388593674, -0.8997519016265869]",[],0.1,False,
5,10,8,"[-0.03971667215228081, 0.2567842900753021, 1.1201553344726562, 2.3793106079101562, 1.736250400543213, 0.4139286279678345, -1.0561671257019043, 1.7819812297821045]","[-0.7024193406105042, 0.4908550977706909]",[],0.1,False,
5,10,9,"[0.13460002839565277, -0.07337910681962967, 0.9168223142623901, 4.159857749938965, 0.8876819610595703, -0.36253824830055237, -2.652012348175049, -0.3942622244358063]","[-0.7935077548027039, 0.7613061666488647]",[],0.1,False,
5,10,10,"[0.07279622554779053, 0.10377633571624756, -0.5331296920776367, 2.7074661254882812, 1.4536528587341309, 0.13563662767410278, -0.5932894945144653, 2.940715789794922]","[-0.048834506422281265, 0.9835578799247742]",[],0.1,False,
5,10,11,"[-0.01844126731157303, 0.05136547237634659, -0.17885589599609375, 3.067883014678955, -0.4493250846862793, -1.019822359085083, 0.01731725037097931, 0.16142714023590088]","[0.06027568504214287, 0.46886539459228516]",[],0.1,False,
5,11,0,"[0.12483558058738708, 0.04604500159621239, -1.0320014953613281, 2.921766519546509, -0.8734698295593262, -1.4424737691879272, -0.6640279293060303, 0.36906665563583374]","[0.544335663318634, -0.7841295003890991]",[],0.1,False,
5,11,1,"[-0.24589505791664124, 0.015004577115178108, 1.6996498107910156, 2.5689597129821777, 0.7312660217285156, 2.2836456298828125, -2.705840826034546, -0.43634486198425293]","[0.9057437181472778, 0.19572269916534424]",[],0.1,False,
5,11,2,"[0.058671627193689346, -0.20272113382816315, 1.1815605163574219, 2.735527992248535, -1.7397778034210205, -0.06639114767313004, -2.4124369621276855, -1.106062650680542]","[-0.357565313577652, 0.07872254401445389]",[],0.1,False,
5,11,3,"[-0.10108933597803116, 0.16390550136566162, -0.06677818298339844, 2.371058464050293, 2.5736637115478516, 0.5201054811477661, -1.1289900541305542, 2.9570398330688477]","[-0.3232592046260834, -0.6099454164505005]",[],0.1,False,
5,11,4,"[-0.21999666094779968, -0.15660765767097473, 0.6037988662719727, 3.077183723449707, -0.371976375579834, 1.8688418865203857, -1.5316338539123535, -1.7261192798614502]","[-0.30126243829727173, 0.8867508172988892]",[],0.1,False,
5,11,5,"[-0.1478315144777298, 0.04837600141763687, 0.615628719329834, 2.9602737426757812, 0.03682756423950195, 1.4646705389022827, -0.44900941848754883, 0.008348246105015278]","[0.03937149792909622, -0.19662515819072723]",[],0.1,False,
5,11,6,"[0.25664201378822327, -0.06804162263870239, -0.08533096313476562, 3.637460708618164, 1.135146141052246, -1.208937644958496, -0.7723209261894226, -0.47679460048675537]","[0.03486396744847298, 0.45533493161201477]",[],0.1,False,
5,11,7,"[-0.16643789410591125, -0.14513835310935974, 1.5875214338302612, 2.8127236366271973, 0.1920766830444336, 3.0184054374694824, -1.392593502998352, -1.0039806365966797]","[-0.687371015548706, 0.6973387002944946]",[],0.1,False,
5,11,8,"[-0.0987795814871788, 0.2577381134033203, 1.1615471839904785, 2.214833974838257, 1.9144492149353027, 0.4139286279678345, -2.0371665954589844, 1.7819812297821045]","[-0.1707192361354828, -0.9041730761528015]",[],0.1,False,
5,11,9,"[0.06432397663593292, -0.008867993950843811, 0.8805683851242065, 3.835796356201172, 0.8482546806335449, -0.36253824830055237, -3.633011817932129, -0.3942622244358063]","[-0.49061447381973267, -0.19984351098537445]",[],0.1,False,
5,11,10,"[0.07044723629951477, 0.1885123997926712, -0.5195636749267578, 2.5892772674560547, 1.747725486755371, 0.13563662767410278, -1.5742889642715454, 2.940715789794922]","[0.46253257989883423, -0.7428601980209351]",[],0.1,False,
5,11,11,"[-0.011782250367105007, 0.09196333587169647, -0.2778778076171875, 3.131720542907715, -0.4175591468811035, -0.9967385530471802, -0.03142933547496796, 0.26021477580070496]","[-0.006248247344046831, 0.29754310846328735]",[],0.1,False,
5,12,0,"[0.16978155076503754, -0.02286514639854431, -1.1762447357177734, 2.796503782272339, -0.8365626335144043, -1.4424737691879272, -1.6450273990631104, 0.36906665563583374]","[-0.4408802390098572, 0.4165371358394623]",[],0.1,False,
5,12,1,"[-0.16878147423267365, 0.03252282738685608, 1.9836244583129883, 2.434360980987549, 0.6946754455566406, 2.919084310531616, -1.0090606212615967, -0.36629918217658997]","[-0.4057158827781677, 0.3407224416732788]",[],0.1,False,
5,12,2,"[0.028249388560652733, -0.19548575580120087, 1.1698284149169922, 2.538238525390625, -1.8843746185302734, -0.18207228183746338, -0.9994232654571533, -1.880707025527954]","[-0.3913860023021698, 0.15665413439273834]",[],0.1,False,
5,12,3,"[-0.12740683555603027, 0.11086393892765045, 0.05235862731933594, 2.4985909461975098, 2.929196834564209, 0.692905843257904, -0.8492695093154907, 2.9551889896392822]","[0.40201708674430847, 0.9158718585968018]",[],0.1,False,
5,12,4,"[-0.2428245097398758, -0.08120687305927277, 0.8128528594970703, 2.9189863204956055, -0.5542197227478027, 2.250633955001831, -1.527622103691101, -1.8825103044509888]","[-0.23182792961597443, 0.17137855291366577]",[],0.1,False,
5,12,5,"[-0.14457319676876068, 0.031386855989694595, 0.7717553377151489, 2.9045333862304688, 0.040322303771972656, 1.6426442861557007, -0.5646047592163086, 0.05548372492194176]","[0.5815138220787048, 0.06774729490280151]",[],0.1,False,
5,12,6,"[0.25801119208335876, -0.02972077950835228, -0.2062234878540039, 3.501368522644043, 1.0874671936035156, -1.208937644958496, -1.7533204555511475, -0.47679460048675537]","[0.7850097417831421, -0.7684445381164551]",[],0.1,False,
5,12,7,"[-0.2249668389558792, -0.08626564592123032, 1.8893617391586304, 2.6146044731140137, 0.09167861938476562, 3.0184054374694824, -2.3735930919647217, -1.0039806365966797]","[-0.16442281007766724, 0.31686538457870483]",[],0.1,False,
5,12,8,"[-0.11330726742744446, 0.1812903732061386, 1.2388157844543457, 2.148414134979248, 2.1635260581970215, 0.6983649730682373, -1.0946351289749146, 2.3748903274536133]","[0.23003041744232178, -0.10808585584163666]",[],0.1,False,
5,12,9,"[0.02198132686316967, -0.027298202738165855, 0.844314455986023, 3.413635492324829, 0.8088274002075195, -0.36253824830055237, -4.614011287689209, -0.3942622244358063]","[0.24242520332336426, 0.9106020331382751]",[],0.1,False,
5,12,10,"[0.10844530910253525, 0.12383394688367844, -0.5310850143432617, 2.51804256439209, 2.0732860565185547, -0.10304008424282074, -0.8288388252258301, 3.205284357070923]","[0.33398953080177307, -0.050879135727882385]",[],0.1,False,
5,12,11,"[-0.011411857791244984, 0.11778614670038223, -0.3760833740234375, 3.1788110733032227, -0.3716154098510742, -0.9843541383743286, -0.08228820562362671, 0.4011555314064026]","[0.6501573920249939, 0.19829973578453064]",[],0.1,False,
5,13,3,"[-0.10795900225639343, 0.15862885117530823, 0.08007431030273438, 2.452848434448242, 3.0474042892456055, 0.692905843257904, -1.2416692972183228, 2.9551889896392822]",,,-1.0,True,
6,0,0,"[-0.015685830265283585, 0.009369905106723309, 0.449127197265625, 3.9960761070251465, -0.9798297882080078, 0.0, -0.1961999237537384, 0.0]","[0.7823910713195801, 0.6512691974639893]",[],0.1,False,
6,0,1,"[-0.060391418635845184, -0.06180049479007721, -1.3847074508666992, 3.9960761070251465, -0.2009906768798828, 0.0, -0.1961999237537384, 0.0]","[-0.8437658548355103, 0.3455745279788971]",[],0.1,False,
6,0,2,"[-0.00948852114379406, -0.06184210628271103, -0.5086688995361328, 3.9960756301879883, -1.4577445983886719, 0.0, -0.1961999237537384, 0.0]","[0.6334582567214966, 0.48226019740104675]",[],0.1,False,
6,0,3,"[0.03554486110806465, -0.051213402301073074, -0.1525096893310547, 3.9960761070251465, 0.9169173240661621, 0.0, -0.1961999237537384, 0.0]","[0.28926271200180054, 0.6499996781349182]",[],0.1,False,
6,0,4,"[-0.06823207437992096, 0.006891440134495497, -1.3393669128417969, 3.9960756301879883, -0.8623757362365723, 0.0, -0.1961999237537384, 0.0]","[0.7380537390708923, 0.2480940818786621]",[],0.1,False,
6,0,5,"[-0.07798022776842117, 0.008800228126347065, 0.5769685506820679, 3.9960756301879883, -1.3254752159118652, 0.0, -0.1961999237537384, 0.0]","[-0.779537558555603, 0.7851614952087402]",[],0.1,False,
6,0,6,"[-0.0452999472618103, -0.045123182237148285, 0.3468284606933594, 3.9960756301879883, -0.0807805061340332, 0.0, -0.1961999237537384, 0.0]","[0.1603669822216034, 0.34486040472984314]",[],0.1,False,
6,0,7,"[-0.07629378139972687, 0.07669900357723236, 0.9947290420532227, 3.9960761070251465, -1.1250109672546387, 0.0, -0.1961999237537384, 0.0]","[-0.8471562266349792, 0.24502037465572357]",[],0.1,False,
6,0,8,"[0.055447690188884735, -0.04372261092066765, 0.3052654266357422, 3.9960761070251465, 0.7995615005493164, 0.0, -0.1961999237537384, 0.0]","[-0.15129505097866058, 0.9599840044975281]",[],0.1,False,
6,0,9,"[0.0675428956747055, 0.06587802618741989, 0.15697956085205078, 3.9960761070251465, -0.7137737274169922, 0.0, -0.1961999237537384, 0.0]","[-0.5325939655303955, -0.25746825337409973]",[],0.1,False,
6,0,10,"[0.02383415959775448, 0.06794444471597672, 0.3859891891479492, 3.9960761070251465, -0.5521054267883301, 0.0, -0.1961999237537384, 0.0]","[-0.5470457077026367, 0.9103837013244629]",[],0.1,False,
6,0,11,"[-0.07155261188745499, 0.04177247732877731, 1.0844135284423828, 3.9960761070251465, 1.3906669616699219, 0.0, -0.1961999237537384, 0.0]","[0.7401217222213745, -0.32587623596191406]",[],0.1,False,
6,1,0,"[0.05254723131656647, 0.06610118597745895, 0.449127197265625, 3.9175961017608643, -0.9798297882080078, 0.0, -1.1771994829177856, 0.0]","[-0.3847998380661011, 0.9330621361732483]",[],0.1,False,
6,1,1,"[-0.13333818316459656, -0.03134589269757271, -1.3847074508666992, 3.9175961017608643, -0.2009906768798828, 0.0, -1.1771994829177856, 0.0]","[-0.8651056885719299, -0.6243247389793396]",[],0.1,False,
6,1,2,"[0.04565593600273132, -0.01975370943546295, -0.5086688995361328, 3.917595863342285, -1.4577445983886719, 0.0, -1.1771994829177856, 0.0]","[-0.6525383591651917, -0.41805964708328247]",[],0.1,False,
6,1,3,"[0.06053464487195015, 0.005497133359313011, -0.1525096893310547, 3.9175963401794434, 0.9169173240661621, 0.0, -1.1771994829177856, 0.0]","[-0.5692027807235718, 0.45462802052497864]",[],0.1,False,
6,1,4,"[-0.0038771387189626694, 0.028506353497505188, -1.3393669128417969, 3.917595863342285, -0.8623757362365723, 0.0, -1.1771994829177856, 0.0]","[-0.6417221426963806, -0.03798598796129227]",[],0.1,False,
6,1,5,"[-0.14538030326366425, 0.07683669030666351, 0.5769685506820679, 3.917595863342285, -1.3254752159118652, 0.0, -1.1771994829177856, 0.0]","[0.16070857644081116, 0.018230438232421875]",[],0.1,False,
6,1,6,"[-0.031253714114427567, -0.015095498412847519, 0.3468284606933594, 3.917595863342285, -0.0807805061340332, 0.0, -1.1771994829177856, 0.0]","[0.3200305104255676, 0.847510039806366]",[],0.1,False,
6,1,7,"[-0.14963792264461517, 0.09724679589271545, 0.9947290420532227, 3.9175963401794434, -1.1250109672546387, 0.0, -1.1771994829177856, 0.0]","[-0.276246041059494, -0.013834113255143166]",[],0.1,False,
6,1,8,"[0.041901927441358566, 0.0398794561624527, 0.3052654266357422, 3.9175961017608643, 0.7995615005493164, 0.0, -1.1771994829177856, 0.0]","[-0.6921265125274658, 0.30600374937057495]",[],0.1,False,
6,1,9,"[0.02111721783876419, 0.04362627863883972, 0.15697956085205078, 3.9175961017608643, -0.7137737274169922, 0.0, -1.1771994829177856, 0.0]","[0.004255430307239294, 0.260446161031723]",[],0.1,False,
6,1,10,"[-0.023733559995889664, 0.14687217772006989, 0.3859891891479492, 3.9175963401794434, -0.5521054267883301, 0.0, -1.1771994829177856, 0.0]","[0.13500159978866577, -0.25523796677589417]",[],0.1,False,
6,1,11,"[-0.006993148010224104, 0.013520603999495506, 1.0844135284423828, 3.9175963401794434, 1.3906669616699219, 0.0, -1.1771994829177856, 0.0]","[0.8112338781356812, 0.48779812455177307]",[],0.1,False,
6,2,0,"[0.01894284412264824, 0.14692199230194092, 0.449127197265625, 3.741016387939453, -0.9798297882080078, 0.0, -2.1581990718841553, 0.0]","[-0.16718262434005737, 0.8975253105163574]",[],0.1,False,
6,2,1,"[-0.20802773535251617, -0.0841902419924736, -1.3774642944335938, 3.7994484901428223, -0.213470458984375, 0.5626653432846069, 0.07280826568603516, -0.5138533115386963]","[0.75334632396698, -0.5717646479606628]",[],0.1,False,
6,2,2,"[-0.011180765926837921, -0.05630011111497879, -0.5086688995361328, 3.741016387939453, -1.4577445983886719, 0.0, -2.1581990718841553, 0.0]","[0.04292678087949753, -0.020622970536351204]",[],0.1,False,
6,2,3,"[0.0106503302231431, 0.04481315240263939, -0.1525096893310547, 3.741016387939453, 0.9169173240661621, 0.0, -2.1581990718841553, 0.0]","[-0.4285774528980255, 0.1092977300286293]",[],0.1,False,
6,2,4,"[-0.059822265058755875, 0.02521560899913311, -1.3393669128417969, 3.741016387939453, -0.8623757362365723, 0.0, -2.1581990718841553, 0.0]","[0.9796074628829956, -0.11697756499052048]",[],0.1,False,
6,2,5,"[-0.1315246969461441, 0.07832882553339005, 0.5769685506820679, 3.741016387939453, -1.3254752159118652, 0.0, -2.1581990718841553, 0.0]","[0.7258531451225281, 0.6157755851745605]",[],0.1,False,
6,2,6,"[-0.0030833384953439236, 0.05872586369514465, 0.3468284606933594, 3.741016387939453, -0.0807805061340332, 0.0, -2.1581990718841553, 0.0]","[0.10856430232524872, -0.4096009135246277]",[],0.1,False,
6,2,7,"[-0.17329879105091095, 0.09580041468143463, 0.9947290420532227, 3.741016387939453, -1.1250109672546387, 0.0, -2.1581990718841553, 0.0]","[0.9693793654441833, -0.671564519405365]",[],0.1,False,
6,2,8,"[-0.01862225867807865, 0.06606579571962357, 0.3052654266357422, 3.741016387939453, 0.7995615005493164, 0.0, -2.1581990718841553, 0.0]","[0.8902274370193481, 0.8340585827827454]",[],0.1,False,
6,2,9,"[0.02154422551393509, 0.06631357967853546, 0.15697956085205078, 3.741016387939453, -0.7137737274169922, 0.0, -2.1581990718841553, 0.0]","[0.6512894630432129, 0.10390282422304153]",[],0.1,False,
6,2,10,"[-0.012023739516735077, 0.1248333752155304, 0.3859891891479492, 3.741016387939453, -0.5521054267883301, 0.0, -2.1581990718841553, 0.0]","[0.5449973940849304, -0.16606004536151886]",[],0.1,False,
6,2,11,"[0.06365837901830673, 0.056129638105630875, 1.0844135284423828, 3.741016387939453, 1.3906669616699219, 0.0, -2.1581990718841553, 0.0]","[-0.6114453673362732, 0.2857802212238312]",[],0.1,False,
6,3,0,"[0.004019634332507849, 0.2237589806318283, 0.4163093566894531, 3.7417798042297363, -0.8769474029541016, -0.5106757283210754, -0.3909875154495239, 0.8019254803657532]","[0.8839662671089172, 0.8477856516838074]",[],0.1,False,
6,3,1,"[-0.14351387321949005, -0.1329193413257599, -1.321197509765625, 3.7478692531585693, -0.26485681533813477, 0.5626653432846069, -0.9081913232803345, -0.5138533115386963]","[-0.9803586006164551, -0.5385589003562927]",[],0.1,False,
6,3,2,"[-0.007439847104251385, -0.05809423327445984, -0.5086688995361328, 3.466336250305176, -1.4577445983886719, 0.0, -3.1391985416412354, 0.0]","[-0.48769888281822205, 0.8136188387870789]",[],0.1,False,
6,3,3,"[-0.026784541085362434, 0.05401858687400818, -0.1525096893310547, 3.466336727142334, 0.9169173240661621, 0.0, -3.1391985416412354, 0.0]","[-0.8855414390563965, 0.5627086162567139]",[],0.1,False,
6,3,4,"[0.02560080774128437, 0.014979414641857147, -1.3393669128417969, 3.466336250305176, -0.8623757362365723, 0.0, -3.1391985416412354, 0.0]","[0.3536616861820221, 0.7966166138648987]",[],0.1,False,
6,3,5,"[-0.06816023588180542, 0.13078896701335907, 0.5769685506820679, 3.466336250305176, -1.3254752159118652, 0.0, -3.1391985416412354, 0.0]","[0.3831045925617218, -0.44297337532043457]",[],0.1,False,
6,3,6,"[0.00622135866433382, 0.022972075268626213, 0.3468284606933594, 3.466336250305176, -0.0807805061340332, 0.0, -3.1391985416412354, 0.0]","[0.3301016390323639, 0.6782499551773071]",[],0.1,False,
6,3,7,"[-0.08900532871484756, 0.03881174325942993, 0.9947290420532227, 3.466336727142334, -1.1250109672546387, 0.0, -3.1391985416412354, 0.0]","[0.82725989818573, 0.47000852227211]",[],0.1,False,
6,3,8,"[0.058219339698553085, 0.13891345262527466, 0.3052654266357422, 3.466336488723755, 0.7995615005493164, 0.0, -3.1391985416412354, 0.0]","[0.05372430756688118, -0.4938960671424866]",[],0.1,False,
6,3,9,"[0.07820157706737518, 0.07511379569768906, 0.15697956085205078, 3.466336488723755, -0.7137737274169922, 0.0, -3.1391985416412354, 0.0]","[-0.6449032425880432, -0.17011883854866028]",[],0.1,False,
6,3,10,"[0.03516063094139099, 0.1103781908750534, 0.3859891891479492, 3.466336727142334, -0.5521054267883301, 0.0, -3.1391985416412354, 0.0]","[-0.8731162548065186, -0.22454293072223663]",[],0.1,False,
6,3,11,"[0.01036545168608427, 0.08081322908401489, 1.0844135284423828, 3.466336727142334, 1.3906669616699219, 0.0, -3.1391985416412354, 0.0]","[0.8934782147407532, -0.7912731766700745]",[],0.1,False,
6,4,0,"[0.07862384617328644, 0.25249144434928894, 0.3416728973388672, 3.9267985820770264, -0.6794576644897461, -0.5771029591560364, -0.6234805583953857, 1.0591285228729248]","[0.7750816345214844, 0.24951252341270447]",[],0.1,False,
6,4,1,"[-0.22620494663715363, -0.17907679080963135, -1.2580170631408691, 3.8963394165039062, -0.3958444595336914, 0.6249198317527771, -0.020517408847808838, -0.8851085305213928]","[0.20915469527244568, -0.3092801570892334]",[],0.1,False,
6,4,2,"[-0.049867525696754456, 0.012865902855992317, -0.5086688995361328, 3.0935564041137695, -1.4577445983886719, 0.0, -4.1201982498168945, 0.0]","[0.781125545501709, -0.9582339525222778]",[],0.1,False,
6,4,3,"[-0.10419721156358719, 0.10198956727981567, -0.1525096893310547, 3.0935568809509277, 0.9169173240661621, 0.0, -4.1201982498168945, 0.0]","[-0.8425923585891724, 0.8793098330497742]",[],0.1,False,
6,4,4,"[0.05643684044480324, 0.08430618047714233, -1.3393669128417969, 3.0935564041137695, -0.8623757362365723, 0.0, -4.1201982498168945, 0.0]","[0.29630765318870544, 0.08174559473991394]",[],0.1,False,
6,4,5,"[-0.03573888540267944, 0.09180166572332382, 0.6223392486572266, 3.293978691101074, -1.2919502258300781, 0.757347583770752, -0.7798328399658203, 0.5582721829414368]","[-0.26368576288223267, -0.7872363328933716]",[],0.1,False,
6,4,6,"[0.03526807948946953, 0.08191338926553726, 0.3468284606933594, 3.0935564041137695, -0.0807805061340332, 0.0, -4.1201982498168945, 0.0]","[-0.02429170347750187, 0.9874428510665894]",[],0.1,False,
6,4,7,"[-0.01745336502790451, 0.08044646680355072, 1.0164985656738281, 3.183436393737793, -1.118877649307251, 1.079520344734192, -0.07669401168823242, 0.23015286028385162]","[-0.6014217734336853, -0.026414955034852028]",[],0.1,False,
6,4,8,"[0.06296683847904205, 0.09620906412601471, 0.3052654266357422, 3.0935568809509277, 0.7995615005493164, 0.0, -4.1201982498168945, 0.0]","[0.09338635206222534, 0.05450892075896263]",[],0.1,False,
6,4,9,"[0.022082874551415443, 0.06054605171084404, 0.15697956085205078, 3.0935568809509277, -0.7137737274169922, 0.0, -4.1201982498168945, 0.0]","[-0.7010501623153687, 0.19743169844150543]",[],0.1,False,
6,4,10,"[-0.04060301557183266, 0.09091945737600327, 0.3859891891479492, 3.0935568809509277, -0.5521054267883301, 0.0, -4.1201982498168945, 0.0]","[-0.40957579016685486, 0.7252529859542847]",[],0.1,False,
6,4,11,"[0.08817428350448608, 0.012132649309933186, 1.0639152526855469, 3.198103904724121, 1.3959159851074219, -0.8014495372772217, -0.14871573448181152, 0.23326359689235687]","[0.04027062654495239, 0.7460215091705322]",[],0.1,False,
6,5,0,"[0.14362210035324097, 0.2512843608856201, 0.2467174530029297, 3.9608755111694336, -0.49459362030029297, -0.6614122986793518, -0.9537755250930786, 1.2749289274215698]","[0.9715037941932678, -0.3862954080104828]",[],0.1,False,
6,5,1,"[-0.20841696858406067, -0.2047203779220581, -1.204472541809082, 3.8936331272125244, -0.5015263557434082, 0.5829648375511169, -0.39999017119407654, -1.030021071434021]","[0.27181732654571533, -0.7400833368301392]",[],0.1,False,
6,5,2,"[0.018106017261743546, -0.07080352306365967, -0.5039310455322266, 2.882150650024414, -1.5108592510223389, 0.07899580895900726, -0.7767443656921387, -0.8867360353469849]","[0.854155421257019, 0.8242214918136597]",[],0.1,False,
6,5,3,"[-0.1771974414587021, 0.17621786892414093, -0.04317474365234375, 3.018944263458252, 1.0802245140075684, 1.004256248474121, -1.047998309135437, 1.6846970319747925]","[0.4227527379989624, 0.43116554617881775]",[],0.1,False,
6,5,4,"[0.08213737607002258, 0.09138255566358566, -1.3097162246704102, 3.0344772338867188, -0.8585991859436035, 0.4149216413497925, -0.15862791240215302, -0.006690450944006443]","[0.2841990888118744, 0.036371417343616486]",[],0.1,False,
6,5,5,"[-0.05983294919133186, 0.023730400949716568, 0.6980741024017334, 3.1571359634399414, -1.2361233234405518, 0.757347583770752, -1.7608323097229004, 0.5582721829414368]","[-0.9961625933647156, 0.7434588074684143]",[],0.1,False,
6,5,6,"[0.03342292085289955, 0.16734057664871216, 0.24926185607910156, 3.1942262649536133, -0.00022554397583007812, -0.8947385549545288, -0.2451992928981781, 0.5203825831413269]","[0.11779928207397461, 0.007365915458649397]",[],0.1,False,
6,5,7,"[-0.0696909949183464, 0.07766058295965195, 1.1244503259658813, 3.1169071197509766, -1.0958619117736816, 1.079520344734192, -1.057693600654602, 0.23015286028385162]","[0.7834692001342773, -0.7835646867752075]",[],0.1,False,
6,5,8,"[0.07105585187673569, 0.10093629360198975, 0.2878227233886719, 2.948906660079956, 0.901700496673584, -0.18854546546936035, -0.3519965410232544, 1.570475459098816]","[0.834913432598114, 0.6769803166389465]",[],0.1,False,
6,5,9,"[-0.038941267877817154, 0.07776043564081192, 0.13451090455055237, 3.1378934383392334, -0.6660985946655273, -0.21598125994205475, -0.052002161741256714, 0.43934449553489685]","[0.4139786958694458, -0.6097028851509094]",[],0.1,False,
6,5,10,"[-0.07629722356796265, 0.1534503549337387, 0.42877864837646484, 3.219845771789551, -0.34459400177001953, 0.24328283965587616, -0.5752502679824829, 1.6721268892288208]","[0.7280853390693665, 0.5821214914321899]",[],0.1,False,
6,5,11,"[0.09164700657129288, 0.07689199596643448, 0.9837684631347656, 3.1243724822998047, 1.4192428588867188, -0.8014495372772217, -1.1297153234481812, 0.23326359689235687]","[-0.6143893599510193, -0.8031405210494995]",[],0.1,False,
6,6,0,"[0.22300030291080475, 0.21588149666786194, 0.1298542022705078, 3.9282617568969727, -0.31046247482299805, -0.8753559589385986, -1.211971640586853, 1.5222716331481934]","[0.8859454989433289, 0.9297263026237488]",[],0.1,False,
6,6,1,"[-0.1845952719449997, -0.2533954977989197, -1.1402463912963867, 3.8507297039031982, -0.6228995323181152, 0.6103410124778748, -1.0051352977752686, -1.0757713317871094]","[0.14125248789787292, -0.35418057441711426]",[],0.1,False,
6,6,2,"[0.09218458831310272, 0.001106114941649139, -0.52008056640625, 2.949453353881836, -1.6015546321868896, -0.05782832205295563, -0.0077078938484191895, -0.87155681848526]","[-0.704255998134613, -0.4894014596939087]",[],0.1,False,
6,6,3,"[-0.14156726002693176, 0.21279561519622803, 0.057251930236816406, 2.8552846908569336, 1.2486934661865234, 1.004256248474121, -2.0289978981018066, 1.6846970319747925]","[0.09281995892524719, -0.5625437498092651]",[],0.1,False,
6,6,4,"[0.10672781616449356, 0.09447162598371506, -1.2750368118286133, 3.0122451782226562, -0.8523945808410645, 0.2859753966331482, -0.20842742919921875, 0.11899473518133163]","[-0.18567417562007904, -0.6552573442459106]",[],0.1,False,
6,6,5,"[-0.14512686431407928, 0.0893983393907547, 0.8188135623931885, 3.14870548248291, -1.152177333831787, 1.0685926675796509, -0.4658857583999634, 0.7536215782165527]","[-0.2529250383377075, -0.31855329871177673]",[],0.1,False,
6,6,6,"[0.04355106130242348, 0.1679503321647644, 0.15338706970214844, 3.180546760559082, 0.07184553146362305, -0.9667962193489075, -0.35132572054862976, 0.7449381351470947]","[-0.3497214913368225, 0.6669842600822449]",[],0.1,False,
6,6,7,"[-0.0007700086571276188, 0.010127110406756401, 1.2336678504943848, 3.0203394889831543, -1.0706777572631836, 1.1093884706497192, -0.04769432544708252, 0.29150527715682983]","[0.41588902473449707, 0.39802315831184387]",[],0.1,False,
6,6,8,"[0.1430017203092575, 0.1589941531419754, 0.23828601837158203, 2.995485782623291, 1.0906338691711426, -0.2924098074436188, -0.6445131897926331, 1.6243939399719238]","[-0.9525616765022278, -0.6206361055374146]",[],0.1,False,
6,6,9,"[-0.002852626144886017, 0.024667896330356598, 0.11291278898715973, 3.0738332271575928, -0.6221652030944824, -0.21598125994205475, -1.0330017805099487, 0.43934449553489685]","[0.223033607006073, -0.29888665676116943]",[],0.1,False,
6,6,10,"[-0.013615304604172707, 0.2032260298728943, 0.4681434631347656, 3.2966465950012207, -0.10802984237670898, 0.29349154233932495, -0.8124979734420776, 1.8543858528137207]","[-0.24780547618865967, 0.4746948480606079]",[],0.1,False,
6,6,11,"[0.03841860964894295, 0.006859179120510817, 0.8957366943359375, 3.0548367500305176, 1.4455547332763672, -0.9491214156150818, -0.07711566984653473, 0.29117295145988464]","[-0.24767076969146729, 0.7319326400756836]",[],0.1,False,
6,7,0,"[0.25474828481674194, 0.25983572006225586, -0.11220359802246094, 4.0186333656311035, -0.0243072509765625, -1.0042988061904907, -1.7211884260177612, 1.6651840209960938]","[0.8432441353797913, 0.07594709098339081]",[],0.1,False,
6,7,1,"[-0.17288297414779663, -0.2529884874820709, -1.0792112350463867, 3.6913561820983887, -0.7304763793945312, 0.6103410124778748, -1.9861347675323486, -1.0757713317871094]","[0.8168264031410217, -0.810045063495636]",[],0.1,False,
6,7,2,"[0.031087344512343407, -0.04185543954372406, -0.5258598327636719, 2.8898229598999023, -1.6887097358703613, -0.05782832205295563, -0.988707423210144, -0.87155681848526]","[0.7350192070007324, -0.4619099795818329]",[],0.1,False,
6,7,3,"[-0.13373544812202454, 0.16505461931228638, 0.1875457763671875, 2.725679874420166, 1.4589028358459473, 1.4083439111709595, -1.1981405019760132, 2.2388036251068115]","[0.5892666578292847, -0.8302736282348633]",[],0.1,False,
6,7,4,"[0.09034518897533417, 0.037772856652736664, -1.2464408874511719, 2.9325428009033203, -0.8404951095581055, 0.2859753966331482, -1.1894270181655884, 0.11899473518133163]","[-0.39758843183517456, 0.4574294090270996]",[],0.1,False,
6,7,5,"[-0.16725164651870728, 0.062363818287849426, 0.9256727695465088, 3.0432567596435547, -1.0768156051635742, 1.0685926675796509, -1.4468852281570435, 0.7536215782165527]","[0.23621420562267303, -0.14193981885910034]",[],0.1,False,
6,7,6,"[0.013546040281653404, 0.22497880458831787, 0.05185508728027344, 3.2353649139404297, 0.20105552673339844, -0.9646582007408142, -0.4908682107925415, 0.951796293258667]","[0.10765312612056732, -0.08900599181652069]",[],0.1,False,
6,7,7,"[0.035160552710294724, 0.045191921293735504, 1.3327804803848267, 3.196974754333496, -1.0282957553863525, 1.048479437828064, 0.04273627698421478, 0.3323623538017273]","[-0.4627058506011963, -0.2076273262500763]",[],0.1,False,
6,7,8,"[0.06126999855041504, 0.10542768239974976, 0.2090463638305664, 2.8721745014190674, 1.2530732154846191, -0.2924098074436188, -1.625512719154358, 1.6243939399719238]","[-0.6398201584815979, 0.23835060000419617]",[],0.1,False,
6,7,9,"[0.016607284545898438, -0.0014101684791967273, 0.08838718384504318, 3.0041987895965576, -0.575721263885498, -0.2710062265396118, -0.25245845317840576, 0.4833076596260071]","[0.40133267641067505, -0.715090274810791]",[],0.1,False,
6,7,10,"[-0.03442086651921272, 0.2437392920255661, 0.5048122406005859, 3.2957005500793457, 0.13935375213623047, 0.3278791308403015, -1.1294853687286377, 2.054791212081909]","[0.49960455298423767, -0.45754799246788025]",[],0.1,False,
6,7,11,"[0.016642209142446518, 0.07059328258037567, 0.8008270263671875, 2.988265037536621, 1.474672794342041, -0.9491214156150818, -1.0581152439117432, 0.29117295145988464]","[0.02121395617723465, -0.13969415426254272]",[],0.1,False,
6,8,0,"[0.25474828481674194, 0.25983572006225586, -0.2286548614501953, 3.8274195194244385, 0.15710830688476562, -1.2631630897521973, -2.0465378761291504, 1.9049644470214844]","[-0.06658181548118591, -0.7406953573226929]",[],0.1,False,
6,8,1,"[-0.10394077748060226, -0.2634463608264923, -1.0181760787963867, 3.43388295173645, -0.8380532264709473, 0.6103410124778748, -2.9671342372894287, -1.0757713317871094]","[0.02572847716510296, 0.15543560683727264]",[],0.1,False,
6,8,2,"[0.09515661001205444, -0.08170296251773834, -0.5316390991210938, 2.7320919036865234, -1.775864839553833, -0.05782832205295563, -1.9697068929672241, -0.87155681848526]","[0.04546858370304108, -0.8788862228393555]",[],0.1,False,
6,8,3,"[-0.08300556987524033, 0.09370187669992447, 0.3567934036254883, 2.7010178565979004, 1.7152161598205566, 1.6300878524780273, -0.7530293464660645, 2.4805641174316406]","[-0.42600929737091064, -0.92240309715271]",[],0.1,False,
6,8,4,"[0.056000273674726486, 0.07771489024162292, -1.252614974975586, 3.0310964584350586, -0.8012843132019043, 0.037668291479349136, -0.040538489818573, 0.28507769107818604]","[0.044647328555583954, 0.10169003158807755]",[],0.1,False,
6,8,5,"[-0.14706778526306152, 0.04991765320301056, 1.0567601919174194, 2.9381494522094727, -0.9912805557250977, 1.4535531997680664, -0.8497613072395325, 0.9101096391677856]","[-0.47347038984298706, -0.3633728325366974]",[],0.1,False,
6,8,6,"[0.022726744413375854, 0.21743442118167877, -0.047692298889160156, 3.169602394104004, 0.3111128807067871, -1.0048367977142334, -0.7688334584236145, 1.1827980279922485]","[0.4134569466114044, -0.9831769466400146]",[],0.1,False,
6,8,7,"[-0.004986668471246958, 0.026663754135370255, 1.4376286268234253, 3.142388343811035, -0.9950590133666992, 1.048479437828064, -0.9382632970809937, 0.3323623538017273]","[0.1425442099571228, -0.27420830726623535]",[],0.1,False,
6,8,8,"[0.005660417955368757, 0.12563972175121307, 0.17639827728271484, 2.73321270942688, 1.4332866668701172, -0.35391637682914734, -1.0681008100509644, 1.9490296840667725]","[0.03261204808950424, -0.3303097188472748]",[],0.1,False,
6,8,9,"[0.05153784155845642, -0.06374738365411758, 0.05705781280994415, 2.978602886199951, -0.5298633575439453, -0.36563917994499207, -0.013079851865768433, 0.41175779700279236]","[0.2977191209793091, -0.7497666478157043]",[],0.1,False,
6,8,10,"[0.007566888816654682, 0.20438706874847412, 0.5374460220336914, 3.1362967491149902, 0.34929466247558594, 0.3202282190322876, -1.4901237487792969, 2.2775940895080566]","[0.8810309171676636, -0.3998276889324188]",[],0.1,False,
6,8,11,"[0.01853605918586254, 0.05843726545572281, 0.7046146392822266, 2.869492530822754, 1.5078535079956055, -1.0012935400009155, -0.09020781517028809, 0.45304548740386963]","[-0.6242362260818481, 0.7763403058052063]",[],0.1,False,
6,9,0,"[0.24575012922286987, 0.19946086406707764, -0.3549690246582031, 3.563905954360962, 0.34760475158691406, -1.2631630897521973, -3.0275373458862305, 1.9049644470214844]","[-0.32420626282691956, 0.5655549764633179]",[],0.1,False,
6,9,1,"[-0.1025150939822197, -0.2503117620944977, -0.9485015869140625, 3.1404523849487305, -0.970766544342041, 0.937604546546936, -1.3577263355255127, -2.0304043292999268]","[0.971956729888916, -0.0915689691901207]",[],0.1,False,
6,9,2,"[0.09915740042924881, -0.15745455026626587, -0.5374183654785156, 2.4762611389160156, -1.8630199432373047, -0.05782832205295563, -2.9507064819335938, -0.87155681848526]","[-0.6528801918029785, -0.250395268201828]",[],0.1,False,
6,9,3,"[-0.11925674974918365, 0.013536271639168262, 0.5792627334594727, 2.8836770057678223, 1.9837369918823242, 1.7439696788787842, -0.48584073781967163, 2.4578208923339844]","[-0.23562811315059662, 0.5757798552513123]",[],0.1,False,
6,9,4,"[0.05990267172455788, 0.08653230220079422, -1.2560796737670898, 3.047327995300293, -0.7618293762207031, -0.039948299527168274, -0.07570774853229523, 0.4031607508659363]","[-0.8698845505714417, -0.06093532592058182]",[],0.1,False,
6,9,5,"[-0.18798717856407166, 0.019018080085515976, 1.2021156549453735, 2.794313430786133, -0.9002690315246582, 1.4535531997680664, -1.8307608366012573, 0.9101096391677856]","[-0.08872152864933014, 0.6607619524002075]",[],0.1,False,
6,9,6,"[0.057815324515104294, 0.13297748565673828, -0.1481761932373047, 3.0338592529296875, 0.42939233779907227, -1.0048367977142334, -1.7498329877853394, 1.1827980279922485]","[-0.4794979393482208, -0.4248991012573242]",[],0.1,False,
6,9,7,"[0.00771257933229208, 0.0028765283059328794, 1.5425492525100708, 3.029512882232666, -0.9615368843078613, 1.0532552003860474, 0.014130830764770508, 0.3463631868362427]","[-0.39301103353500366, 0.07015885412693024]",[],0.1,False,
6,9,8,"[0.00880537461489439, 0.09702920913696289, 0.13997554779052734, 2.730337619781494, 1.6587767601013184, -0.36092761158943176, -0.4426514208316803, 2.217522621154785]","[0.1523311883211136, -0.5337711572647095]",[],0.1,False,
6,9,9,"[0.07719488441944122, -0.128769651055336, 0.010018534027040005, 3.006084442138672, -0.5029921531677246, -0.47620293498039246, -0.003518909215927124, 0.26989322900772095]","[-0.2115037590265274, 0.6210765838623047]",[],0.1,False,
6,9,10,"[0.08206558227539062, 0.16840073466300964, 0.5531396865844727, 3.1007118225097656, 0.6336889266967773, 0.1946423202753067, -0.9142939448356628, 2.714421510696411]","[0.5141758918762207, -0.9393821954727173]",[],0.1,False,
6,9,11,"[-0.036125827580690384, 0.12556301057338715, 0.6044883728027344, 2.80161190032959, 1.5531578063964844, -1.0012935400009155, -1.0712074041366577, 0.45304548740386963]","[-0.08369467407464981, -0.9019748568534851]",[],0.1,False,
6,10,0,"[0.2216140329837799, 0.24766233563423157, -0.4987010955810547, 3.2457640171051025, 0.5554718971252441, -1.803377628326416, -2.415658950805664, 2.437453508377075]","[-0.5082083344459534, -0.6640645861625671]",[],0.1,False,
6,10,1,"[-0.020343417301774025, -0.2510486841201782, -0.854741096496582, 2.945819854736328, -1.1738073825836182, 0.937604546546936, -2.3387258052825928, -2.0304043292999268]","[-0.44813811779022217, -0.3901468515396118]",[],0.1,False,
6,10,2,"[0.04293359816074371, -0.17849600315093994, -0.5852622985839844, 2.405061721801758, -2.0190589427948, -0.5042617321014404, -0.7418557405471802, -1.66371488571167]","[-0.741633415222168, 0.6392446756362915]",[],0.1,False,
6,10,3,"[-0.14014847576618195, 0.06307394802570343, 0.7536611557006836, 2.7762327194213867, 2.229517936706543, 1.7439696788787842, -1.4668402671813965, 2.4578208923339844]","[-0.16284537315368652, 0.9293606281280518]",[],0.1,False,
6,10,4,"[-0.01569524221122265, 0.08120345324277878, -1.2651824951171875, 3.1865768432617188, -0.6911511421203613, -0.05851806327700615, -0.07985742390155792, 0.4985204041004181]","[0.1305188536643982, -0.3878769278526306]",[],0.1,False,
6,10,5,"[-0.19506022334098816, 0.07558852434158325, 1.4308913946151733, 2.818166732788086, -0.7898406982421875, 1.901781439781189, -0.9570223093032837, 0.9904468655586243]","[-0.894184410572052, 0.8529433608055115]",[],0.1,False,
6,10,6,"[0.01607550121843815, 0.09643830358982086, -0.2564554214477539, 2.937713623046875, 0.572392463684082, -1.1347521543502808, -0.35067087411880493, 1.598701000213623]","[0.8235538601875305, -0.6169943809509277]",[],0.1,False,
6,10,7,"[-0.026645513251423836, 0.008623125031590462, 1.6478748321533203, 2.9720659255981445, -0.9268994331359863, 1.0532552003860474, -0.9668687582015991, 0.3463631868362427]","[0.33908212184906006, -0.08668459206819534]",[],0.1,False,
6,10,8,"[0.022509820759296417, 0.050722282379865646, 0.0988759994506836, 2.8209357261657715, 1.902815341949463, -0.37844616174697876, -0.2525518834590912, 2.3044357299804688]","[0.8234137892723083, 0.19312897324562073]",[],0.1,False,
6,10,9,"[0.05905720219016075, -0.074920155107975, -0.03959280997514725, 2.9786605834960938, -0.4794502258300781, -0.5323537588119507, -0.18327584862709045, 0.17520548403263092]","[0.3596246838569641, 0.6026778221130371]",[],0.1,False,
6,10,10,"[0.12299201637506485, 0.08595093339681625, 0.5381946563720703, 3.1190223693847656, 0.9416885375976562, -0.04548362269997597, -0.5016969442367554, 2.9531233310699463]","[0.20453347265720367, 0.05045854300260544]",[],0.1,False,
6,10,11,"[-0.042652953416109085, 0.0471675843000412, 0.5177898406982422, 2.8179407119750977, 1.617659091949463, -0.8577191829681396, 0.013525247573852539, 0.6493347883224487]","[-0.5422986745834351, 0.8884714245796204]",[],0.1,False,
6,11,0,"[0.17681139707565308, 0.1943322867155075, -0.6790409088134766, 2.945338249206543, 0.7992167472839355, -1.803377628326416, -3.396658420562744, 2.437453508377075]","[-0.19953656196594238, 0.14995722472667694]",[],0.1,False,
6,11,1,"[-0.05805184319615364, -0.25377875566482544, -0.7566308975219727, 2.727375030517578, -1.4077482223510742, 1.0224002599716187, -1.6277542114257812, -2.671649932861328]","[-0.4862072467803955, 0.6019835472106934]",[],0.1,False,
6,11,2,"[-0.01987939514219761, -0.12218393385410309, -0.6337165832519531, 2.5486249923706055, -2.2571446895599365, -0.4693634808063507, -0.44881683588027954, -1.889232873916626]","[0.10382606089115143, -0.8430557250976562]",[],0.1,False,
6,11,3,"[-0.15430250763893127, 0.1427701711654663, 0.9280595779418945, 2.5706887245178223, 2.4752988815307617, 1.7439696788787842, -2.4478397369384766, 2.4578208923339844]","[-0.9987503290176392, -0.3863416612148285]",[],0.1,False,
6,11,4,"[-0.004222392570227385, 0.04746612161397934, -1.2710332870483398, 3.1197309494018555, -0.6413002014160156, -0.05851806327700615, -1.0608570575714111, 0.4985204041004181]","[-0.18346689641475677, -0.23636525869369507]",[],0.1,False,
6,11,5,"[-0.2541491389274597, 0.14840753376483917, 1.710526704788208, 2.856337547302246, -0.6420979499816895, 1.9279457330703735, -1.4788668155670166, 1.0153107643127441]","[0.6416456699371338, -0.004603560548275709]",[],0.1,False,
6,11,6,"[0.08710852265357971, 0.042216382920742035, -0.37779998779296875, 2.925394058227539, 0.739905834197998, -1.2091937065124512, -0.35425928235054016, 1.6716630458831787]","[0.7489216923713684, -0.7660554051399231]",[],0.1,False,
6,11,7,"[0.0030217536259442568, 0.0013825538335368037, 1.7552324533462524, 3.0086708068847656, -0.8914260864257812, 1.0690832138061523, 0.005427539348602295, 0.35374534130096436]","[0.31461355090141296, -0.3098990023136139]",[],0.1,False,
6,11,8,"[0.09398707747459412, 0.06803285330533981, 0.05522346496582031, 2.792653799057007, 2.1420679092407227, -0.46113720536231995, -0.4240058660507202, 2.3988993167877197]","[0.33753702044487, -0.5171730518341064]",[],0.1,False,
6,11,9,"[0.09025046974420547, -0.022544387727975845, -0.1052057296037674, 3.0094974040985107, -0.4702591896057129, -0.625946581363678, -0.10964959859848022, 0.10957863926887512]","[0.13812749087810516, -0.13540789484977722]",[],0.1,False,
6,11,10,"[0.14080312848091125, 0.08945601433515549, 0.5093746185302734, 3.111888885498047, 1.2556195259094238, -0.21857628226280212, -0.6002880334854126, 3.096764326095581]","[-0.9557220339775085, -0.9669081568717957]",[],0.1,False,
6,11,11,"[-0.09053634852170944, 0.12367559969425201, 0.43201637268066406, 2.7604331970214844, 1.6825923919677734, -0.8577191829681396, -0.9674743413925171, 0.6493347883224487]","[-0.3656763732433319, 0.9365904331207275]",[],0.1,False,
6,12,0,"[0.16058367490768433, 0.2077082246541977, -0.8849372863769531, 2.664478063583374, 1.068511962890625, -2.2307934761047363, -2.146388053894043, 2.8578848838806152]","[0.2685508728027344, -0.9165042638778687]",[],0.1,False,
6,12,1,"[-0.10205291956663132, -0.20540878176689148, -0.6343231201171875, 2.6731069087982178, -1.7417058944702148, 1.0689971446990967, -1.5255829095840454, -2.8688061237335205]","[-0.43141070008277893, 0.5739103555679321]",[],0.1,False,
6,12,2,"[-0.012536969967186451, -0.19497913122177124, -0.6806564331054688, 2.444883346557617, -2.4460675716400146, -0.4693634808063507, -1.4298163652420044, -1.889232873916626]","[-0.5152977108955383, 0.18985579907894135]",[],0.1,False,
6,12,3,"[-0.23874522745609283, 0.10962702333927155, 1.1024580001831055, 2.267045021057129, 2.7210798263549805, 1.7439696788787842, -3.4288392066955566, 2.4578208923339844]","[-0.1340918391942978, -0.809766411781311]",[],0.1,False,
6,12,4,"[-0.02014424279332161, 0.026799548417329788, -1.2748947143554688, 3.0891361236572266, -0.5831074714660645, -0.02603478915989399, -0.03195752203464508, 0.6167684197425842]","[0.25656795501708984, 0.186015784740448]",[],0.1,False,
6,12,5,"[-0.20029544830322266, 0.14633969962596893, 1.9518765211105347, 2.7485084533691406, -0.5082154273986816, 2.351492404937744, -1.4517492055892944, 1.2947869300842285]","[0.2318023294210434, -0.5956421494483948]",[],0.1,False,
6,12,6,"[0.15075242519378662, -0.02518596313893795, -0.5411844253540039, 3.022777557373047, 0.9036898612976074, -1.3458752632141113, -0.32254302501678467, 1.6242473125457764]","[0.2551223039627075, -0.18325655162334442]",[],0.1,False,
6,12,7,"[0.030759362503886223, -0.025354696437716484, 1.8581445217132568, 3.0784153938293457, -0.8585495948791504, 1.0365939140319824, 0.08142757415771484, 0.33781343698501587]","[-0.9055182337760925, -0.29595181345939636]",[],0.1,False,
6,12,8,"[0.12334052473306656, 0.023329274728894234, -0.044884681701660156, 2.9600515365600586, 2.394772529602051, -0.6060692667961121, -0.265932559967041, 2.366816520690918]","[0.07119611650705338, -0.9748557209968567]",[],0.1,False,
6,12,9,"[0.10228308290243149, -0.03425867110490799, -0.17743602395057678, 3.0023481845855713, -0.46156883239746094, -0.7645028233528137, -0.15413007140159607, 0.07532135397195816]","[0.2522973120212555, -0.5497068166732788]",[],0.1,False,
6,12,10,"[0.054019227623939514, 0.009666293859481812, 0.48154544830322266, 3.0471014976501465, 1.5682024955749512, -0.3805524706840515, -0.08568453788757324, 3.1560797691345215]","[-0.07000421732664108, 0.47514429688453674]",[],0.1,False,
6,12,11,"[-0.12250561267137527, 0.20351341366767883, 0.34624290466308594, 2.604825973510742, 1.747525691986084, -0.8577191829681396, -1.9484738111495972, 0.6493347883224487]","[-0.9880187511444092, -0.6950526833534241]",[],0.1,False,
6,13,0,"[0.17928218841552734, 0.12908361852169037, -1.1210441589355469, 2.5212979316711426, 1.3547730445861816, -2.2354321479797363, -1.5933077335357666, 2.7071640491485596]","[0.11081346124410629, -0.671218991279602]",[],0.1,False,
6,13,1,"[-0.14087142050266266, -0.15829363465309143, -0.4842386245727539, 2.691446542739868, -2.0890564918518066, 1.1154403686523438, -1.3146628141403198, -2.824420690536499]","[0.8535791635513306, -0.6223469972610474]",[],0.1,False,
6,13,2,"[-0.05622449889779091, -0.1775863617658615, -0.7215633392333984, 2.3235597610473633, -2.6602673530578613, -0.3742283582687378, -0.8156954050064087, -2.328563928604126]","[-0.17014023661613464, -0.22157029807567596]",[],0.1,False,
6,13,3,"[-0.24835105240345, 0.04109596088528633, 1.420353889465332, 2.2739405632019043, 3.0109643936157227, 2.32478928565979, -2.0153722763061523, 2.545663356781006]","[-0.4317428469657898, 0.23212330043315887]",[],0.1,False,
6,13,4,"[0.0021744021214544773, 0.043102290481328964, -1.2773456573486328, 3.0525598526000977, -0.520169734954834, -0.022543814033269882, -0.37448617815971375, 0.6505439877510071]","[-0.7360652089118958, 0.8543317914009094]",[],0.1,False,
6,13,5,"[-0.18221232295036316, 0.0950833186507225, 2.187025308609009, 2.544473648071289, -0.3787374496459961, 2.351492404937744, -2.432748794555664, 1.2947869300842285]","[-0.7839616537094116, -0.24869634211063385]",[],0.1,False,
6,13,6,"[0.1723293513059616, -0.041467051953077316, -0.7102489471435547, 3.0444793701171875, 1.0611939430236816, -1.571272611618042, -0.41150858998298645, 1.5987564325332642]","[-0.8417612314224243, 0.6912304759025574]",[],0.1,False,
6,13,7,"[-0.047946639358997345, -0.05188814550638199, 1.9618041515350342, 3.027698040008545, -0.82476806640625, 1.0365939140319824, -0.8995720148086548, 0.33781343698501587]","[0.595886766910553, -0.5805970430374146]",[],0.1,False,
6,13,8,"[0.12899471819400787, -0.061043038964271545, -0.16726970672607422, 3.1294538974761963, 2.6484622955322266, -0.6607683300971985, -0.7128963470458984, 2.2727222442626953]","[0.07566054165363312, 0.5177228450775146]",[],0.1,False,
6,13,9,"[0.12416393309831619, -0.08179450035095215, -0.26560473442077637, 2.991584539413452, -0.4593691825866699, -0.9225875735282898, -0.236414834856987, 0.0022917352616786957]","[-0.5821360349655151, 0.24495840072631836]",[],0.1,False,
6,13,10,"[0.04995310679078102, 0.051303330808877945, 0.44348907470703125, 2.979672908782959, 1.8838114738464355, -0.3805524706840515, -1.0666841268539429, 3.1560797691345215]","[-0.4526679515838623, -0.2757360637187958]",[],0.1,False,
6,13,11,"[-0.20488159358501434, 0.14324799180030823, 0.3609046936035156, 2.6721129417419434, 1.899965763092041, -0.2161179631948471, -0.2705424427986145, 1.226600170135498]","[-0.3815917372703552, 0.5342336297035217]",[],0.1,False,
6,14,3,"[-0.2557654082775116, 0.044756416231393814, 1.420353889465332, 2.2739405632019043, 3.0109643936157227, 2.32478928565979, -2.0153722763061523, 2.545663356781006]",,,-1.0,True,
7,0,0,"[-0.08617334812879562, 0.0655084177851677, 1.0779609680175781, 3.9960761070251465, -1.1242733001708984, 0.0, -0.1961999237537384, 0.0]","[-0.9652678370475769, 0.7581648230552673]",[],0.1,False,
7,0,1,"[0.08468730747699738, 0.07059329748153687, -0.6676015853881836, 3.9960761070251465, -0.5920572280883789, 0.0, -0.1961999237537384, 0.0]","[-0.626577615737915, 0.6028292179107666]",[],0.1,False,
7,0,2,"[0.05158817395567894, 0.035456713289022446, -0.3549919128417969, 3.9960756301879883, -0.5156221389770508, 0.0, -0.1961999237537384, 0.0]","[-0.7649527192115784, 0.38667476177215576]",[],0.1,False,
7,0,3,"[-0.015896841883659363, -0.0546625517308712, -0.955195426940918, 3.9960761070251465, 1.3541069030761719, 0.0, -0.1961999237537384, 0.0]","[-0.6544082760810852, -0.31292033195495605]",[],0.1,False,
7,0,4,"[0.08528599888086319, 0.06215403228998184, 1.1643552780151367, 3.9960756301879883, 0.8813776969909668, 0.0, -0.1961999237537384, 0.0]","[-0.8378655910491943, -0.5972781777381897]",[],0.1,False,
7,0,5,"[-0.05186888948082924, 0.04120752587914467, 0.4268348813056946, 3.9960756301879883, 0.26894378662109375, 0.0, -0.1961999237537384, 0.0]","[0.8010213375091553, -0.6986231803894043]",[],0.1,False,
7,0,6,"[-0.06266923993825912, -0.03999946638941765, -0.883265495300293, 3.9960756301879883, -1.0306198596954346, 0.0, -0.1961999237537384, 0.0]","[0.579658567905426, -0.29562848806381226]",[],0.1,False,
7,0,7,"[0.026626553386449814, -0.036411888897418976, 0.7101837992668152, 3.9960761070251465, -1.057187557220459, 0.0, -0.1961999237537384, 0.0]","[-0.6579173803329468, 0.37944862246513367]",[],0.1,False,
7,0,8,"[-0.051350902765989304, -0.015780160203576088, 1.416623592376709, 3.9960761070251465, -1.0982799530029297, 0.0, -0.1961999237537384, 0.0]","[0.9624683856964111, 0.749688446521759]",[],0.1,False,
7,0,9,"[-0.04011928290128708, -0.004094170406460762, -0.060098886489868164, 3.9960761070251465, 1.0107421875, 0.0, -0.1961999237537384, 0.0]","[-0.02293737418949604, -0.6902146935462952]",[],0.1,False,
7,0,10,"[0.07451092451810837, 0.008962687104940414, -0.03623390197753906, 3.9960761070251465, 0.2246713638305664, 0.0, -0.1961999237537384, 0.0]","[-0.42279374599456787, 0.30803024768829346]",[],0.1,False,
7,0,11,"[0.01238911785185337, 0.04239114746451378, 1.0361194610595703, 3.9960761070251465, 1.2022218704223633, 0.0, -0.1961999237537384, 0.0]","[-0.4763699471950531, -0.03716428577899933]",[],0.1,False,
7,1,0,"[-0.1697017103433609, 0.1302003115415573, 1.0779609680175781, 3.9175961017608643, -1.1242733001708984, 0.0, -1.1771994829177856, 0.0]","[-0.3171188533306122, 0.6274174451828003]",[],0.1,False,
7,1,1,"[0.0304282084107399, 0.12300049513578415, -0.6676015853881836, 3.9175961017608643, -0.5920572280883789, 0.0, -1.1771994829177856, 0.0]","[-0.4390444755554199, 0.6076271533966064]",[],0.1,False,
7,1,2,"[-0.015071038156747818, 0.06914693862199783, -0.3549919128417969, 3.917595863342285, -0.5156221389770508, 0.0, -1.1771994829177856, 0.0]","[0.48485714197158813, -0.11481247842311859]",[],0.1,False,
7,1,3,"[-0.07288263738155365, -0.08174243569374084, -0.955195426940918, 3.9175963401794434, 1.3541069030761719, 0.0, -1.1771994829177856, 0.0]","[-0.19084732234477997, 0.34849879145622253]",[],0.1,False,
7,1,4,"[0.012104552239179611, 0.010470579378306866, 1.1643552780151367, 3.917595863342285, 0.8813776969909668, 0.0, -1.1771994829177856, 0.0]","[-0.939419686794281, -0.14411082863807678]",[],0.1,False,
7,1,5,"[0.01809448003768921, -0.019605491310358047, 0.4268348813056946, 3.917595863342285, 0.26894378662109375, 0.0, -1.1771994829177856, 0.0]","[-0.5040505528450012, -0.6744534969329834]",[],0.1,False,
7,1,6,"[-0.012205665931105614, -0.06579063832759857, -0.883265495300293, 3.917595863342285, -1.0306198596954346, 0.0, -1.1771994829177856, 0.0]","[0.13934196531772614, 0.47472575306892395]",[],0.1,False,
7,1,7,"[-0.030763158574700356, -0.003323929151520133, 0.7101837992668152, 3.9175963401794434, -1.057187557220459, 0.0, -1.1771994829177856, 0.0]","[0.8218156099319458, 0.19008295238018036]",[],0.1,False,
7,1,8,"[0.03268223628401756, 0.04949614778161049, 1.416623592376709, 3.9175961017608643, -1.0982799530029297, 0.0, -1.1771994829177856, 0.0]","[-0.6415686011314392, -0.1391095668077469]",[],0.1,False,
7,1,9,"[-0.04205525293946266, -0.06423245370388031, -0.060098886489868164, 3.9175961017608643, 1.0107421875, 0.0, -1.1771994829177856, 0.0]","[-0.405990868806839, 0.5470346808433533]",[],0.1,False,
7,1,10,"[0.037671227008104324, 0.03578793257474899, -0.03623390197753906, 3.9175963401794434, 0.2246713638305664, 0.0, -1.1771994829177856, 0.0]","[-0.7881448864936829, -0.27396610379219055]",[],0.1,False,
7,1,11,"[-0.02914082445204258, 0.03913676738739014, 1.0361194610595703, 3.9175963401794434, 1.2022218704223633, 0.0, -1.1771994829177856, 0.0]","[-0.6305325031280518, 0.7747534513473511]",[],0.1,False,
7,2,0,"[-0.19667525589466095, 0.18323419988155365, 1.0779609680175781, 3.741016387939453, -1.1242733001708984, 0.0, -2.1581990718841553, 0.0]","[0.7434125542640686, -0.6901459097862244]",[],0.1,False,
7,2,1,"[-0.00775544997304678, 0.17524273693561554, -0.6676015853881836, 3.741016387939453, -0.5920572280883789, 0.0, -2.1581990718841553, 0.0]","[0.23083849251270294, -0.3167635500431061]",[],0.1,False,
7,2,2,"[0.027147937566041946, 0.05916666239500046, -0.3549919128417969, 3.741016387939453, -0.5156221389770508, 0.0, -2.1581990718841553, 0.0]","[-0.22548405826091766, 0.24386607110500336]",[],0.1,False,
7,2,3,"[-0.08928293734788895, -0.05142361298203468, -0.955195426940918, 3.741016387939453, 1.3541069030761719, 0.0, -2.1581990718841553, 0.0]","[-0.6382631659507751, -0.07741867005825043]",[],0.1,False,
7,2,4,"[-0.0698651671409607, -0.001761934021487832, 1.1643552780151367, 3.741016387939453, 0.8813776969909668, 0.0, -2.1581990718841553, 0.0]","[-0.7564300894737244, -0.35141074657440186]",[],0.1,False,
7,2,5,"[-0.02580195851624012, -0.07841230183839798, 0.4268348813056946, 3.741016387939453, 0.26894378662109375, 0.0, -2.1581990718841553, 0.0]","[0.6706544160842896, 0.4059908986091614]",[],0.1,False,
7,2,6,"[-0.00010840898175956681, -0.02439582534134388, -0.883265495300293, 3.741016387939453, -1.0306198596954346, 0.0, -2.1581990718841553, 0.0]","[-0.9751091599464417, -0.8610625863075256]",[],0.1,False,
7,2,7,"[0.04094744101166725, 0.013211820274591446, 0.7101837992668152, 3.741016387939453, -1.057187557220459, 0.0, -2.1581990718841553, 0.0]","[-0.4672583043575287, -0.9692086577415466]",[],0.1,False,
7,2,8,"[-0.023243853822350502, 0.037396837025880814, 1.416623592376709, 3.741016387939453, -1.0982799530029297, 0.0, -2.1581990718841553, 0.0]","[0.6248738169670105, 0.890351414680481]",[],0.1,False,
7,2,9,"[-0.07737016677856445, -0.01664537936449051, -0.060098886489868164, 3.741016387939453, 1.0107421875, 0.0, -2.1581990718841553, 0.0]","[-0.23064769804477692, 0.21460403501987457]",[],0.1,False,
7,2,10,"[-0.03100631758570671, 0.011726845987141132, -0.03623390197753906, 3.741016387939453, 0.2246713638305664, 0.0, -2.1581990718841553, 0.0]","[0.4429197311401367, -0.763072669506073]",[],0.1,False,
7,2,11,"[-0.08402781188488007, 0.10634057223796844, 1.0361194610595703, 3.741016387939453, 1.2022218704223633, 0.0, -2.1581990718841553, 0.0]","[-0.10338594764471054, 0.3786083459854126]",[],0.1,False,
7,3,0,"[-0.13374386727809906, 0.12432648986577988, 1.0779609680175781, 3.466336488723755, -1.1242733001708984, 0.0, -3.1391985416412354, 0.0]","[-0.4013601243495941, 0.9538175463676453]",[],0.1,False,
7,3,1,"[0.012268326245248318, 0.14808553457260132, -0.6676015853881836, 3.466336488723755, -0.5920572280883789, 0.0, -3.1391985416412354, 0.0]","[-0.8060168027877808, -0.20798829197883606]",[],0.1,False,
7,3,2,"[0.0075211301445961, 0.08039754629135132, -0.3549919128417969, 3.466336250305176, -0.5156221389770508, 0.0, -3.1391985416412354, 0.0]","[-0.273165762424469, -0.07135654240846634]",[],0.1,False,
7,3,3,"[-0.1445651352405548, -0.05766696110367775, -0.9146928787231445, 3.5732173919677734, 1.358391284942627, 1.2674835920333862, -0.3214111328125, 0.5164425373077393]","[0.2673211991786957, 0.3781978487968445]",[],0.1,False,
7,3,4,"[-0.13557925820350647, -0.03205898776650429, 1.1643552780151367, 3.466336250305176, 0.8813776969909668, 0.0, -3.1391985416412354, 0.0]","[-0.8463264107704163, -0.14657554030418396]",[],0.1,False,
7,3,5,"[0.032499924302101135, -0.042930010706186295, 0.4268348813056946, 3.466336250305176, 0.26894378662109375, 0.0, -3.1391985416412354, 0.0]","[0.3474186956882477, 0.9418320059776306]",[],0.1,False,
7,3,6,"[-0.08492434024810791, -0.0992969274520874, -0.883265495300293, 3.466336250305176, -1.0306198596954346, 0.0, -3.1391985416412354, 0.0]","[-0.2204889953136444, -0.1041284054517746]",[],0.1,False,
7,3,7,"[4.677209653891623e-05, -0.07122333347797394, 0.7101837992668152, 3.466336727142334, -1.057187557220459, 0.0, -3.1391985416412354, 0.0]","[0.3754447102546692, 0.28626084327697754]",[],0.1,False,
7,3,8,"[0.03122420236468315, 0.11479317396879196, 1.416623592376709, 3.466336488723755, -1.0982799530029297, 0.0, -3.1391985416412354, 0.0]","[-0.17564935982227325, -0.9498274326324463]",[],0.1,False,
7,3,9,"[-0.09735763072967529, 0.002068918664008379, -0.060098886489868164, 3.466336488723755, 1.0107421875, 0.0, -3.1391985416412354, 0.0]","[-0.9951239824295044, -0.9611088037490845]",[],0.1,False,
7,3,10,"[0.007892382331192493, -0.05468110740184784, -0.03623390197753906, 3.466336727142334, 0.2246713638305664, 0.0, -3.1391985416412354, 0.0]","[-0.8975345492362976, 0.9158061146736145]",[],0.1,False,
7,3,11,"[-0.09294387698173523, 0.1389959454536438, 1.0361194610595703, 3.466336727142334, 1.2022218704223633, 0.0, -3.1391985416412354, 0.0]","[-0.7083715200424194, -0.42036306858062744]",[],0.1,False,
7,4,0,"[-0.1674565225839615, 0.2055503875017166, 1.1488018035888672, 3.4886574745178223, -0.9603095054626465, 0.07012898474931717, -0.6625964045524597, 1.368956208229065]","[0.6028894782066345, 0.13215112686157227]",[],0.1,False,
7,4,1,"[-0.05714474618434906, 0.12946319580078125, -0.6355876922607422, 3.3563804626464844, -0.5945324897766113, 0.4981149435043335, -0.025841623544692993, -0.1313095986843109]","[-0.6317890882492065, -0.6233016848564148]",[],0.1,False,
7,4,2,"[-0.016232911497354507, 0.0741519182920456, -0.3549919128417969, 3.0935564041137695, -0.5156221389770508, 0.0, -4.1201982498168945, 0.0]","[-0.8019627928733826, -0.747124195098877]",[],0.1,False,
7,4,3,"[-0.12111975997686386, -0.025218486785888672, -0.7879447937011719, 3.4822163581848145, 1.4100351333618164, 1.2674835920333862, -1.30241060256958, 0.5164425373077393]","[-0.8997482657432556, 0.4719638526439667]",[],0.1,False,
7,4,4,"[-0.20828568935394287, -0.044516757130622864, 1.1643552780151367, 3.0935564041137695, 0.8813776969909668, 0.0, -4.1201982498168945, 0.0]","[0.4786517918109894, -0.16555985808372498]",[],0.1,False,
7,4,5,"[0.062238678336143494, 0.03931105509400368, 0.4268348813056946, 3.0935564041137695, 0.26894378662109375, 0.0, -4.1201982498168945, 0.0]","[-0.4430696964263916, 0.5656958818435669]",[],0.1,False,
7,4,6,"[-0.1039792075753212, -0.10828882455825806, -0.883265495300293, 3.0935564041137695, -1.0306198596954346, 0.0, -4.1201982498168945, 0.0]","[0.663303792476654, -0.24615401029586792]",[],0.1,False,
7,4,7,"[0.03277790918946266, -0.04634718596935272, 0.7101837992668152, 3.0935568809509277, -1.057187557220459, 0.0, -4.1201982498168945, 0.0]","[-0.21265909075737, -0.14355702698230743]",[],0.1,False,
7,4,8,"[0.015758253633975983, 0.032210059463977814, 1.416623592376709, 3.0935568809509277, -1.0982799530029297, 0.0, -4.1201982498168945, 0.0]","[0.34915807843208313, -0.6515382528305054]",[],0.1,False,
7,4,9,"[-0.1832081824541092, -0.08070207387208939, 0.01512855663895607, 3.400799512863159, 0.969935417175293, 0.45125895738601685, -0.2490502893924713, -0.42136654257774353]","[0.8211015462875366, -0.17767056822776794]",[],0.1,False,
7,4,10,"[-0.07047712057828903, 0.02494761161506176, -0.03623390197753906, 3.0935568809509277, 0.2246713638305664, 0.0, -4.1201982498168945, 0.0]","[-0.4306265711784363, 0.025572707876563072]",[],0.1,False,
7,4,11,"[-0.15357865393161774, 0.10262026637792587, 1.0361194610595703, 3.0935568809509277, 1.2022218704223633, 0.0, -4.1201982498168945, 0.0]","[0.2096034437417984, -0.029943451285362244]",[],0.1,False,
7,5,0,"[-0.11637432128190994, 0.2158733606338501, 1.1884574890136719, 3.4811558723449707, -0.7627906799316406, 0.23205070197582245, -0.8956562280654907, 1.7415378093719482]","[0.8621854186058044, -0.7447925209999084]",[],0.1,False,
7,5,1,"[-0.11061634123325348, 0.07451839745044708, -0.5794076919555664, 3.33309006690979, -0.6026129722595215, 0.6453848481178284, -0.14752846956253052, -0.01145145669579506]","[-0.8335464596748352, -0.3271366059780121]",[],0.1,False,
7,5,2,"[-0.08559897541999817, 0.00874416809529066, -0.3320198059082031, 3.1103200912475586, -0.5553035736083984, 0.2448337823152542, -0.03580135107040405, -0.4139591157436371]","[0.1277330368757248, 0.5359408259391785]",[],0.1,False,
7,5,3,"[-0.1979241967201233, 0.016581377014517784, -0.6135892868041992, 3.4417600631713867, 1.4642548561096191, 1.658482551574707, -0.719954252243042, 0.5188819766044617]","[0.774888277053833, 0.14119559526443481]",[],0.1,False,
7,5,4,"[-0.1673007309436798, -0.05867397412657738, 1.23114013671875, 2.8724117279052734, 0.8697419166564941, 1.108644962310791, -0.40169787406921387, -0.10113203525543213]","[0.9590506553649902, -0.05539807304739952]",[],0.1,False,
7,5,5,"[0.02314075455069542, 0.0881190225481987, 0.4667324125766754, 3.013127326965332, 0.3359675407409668, 0.5310743451118469, -0.48962050676345825, 0.8036251068115234]","[0.4793156385421753, -0.9145764708518982]",[],0.1,False,
7,5,6,"[-0.04657633975148201, -0.1293681114912033, -0.8805713653564453, 2.9921836853027344, -1.0514965057373047, 0.005500088911503553, -0.6427432298660278, -0.22053149342536926]","[-0.8008314967155457, -0.06853245198726654]",[],0.1,False,
7,5,7,"[0.014236058108508587, -0.058836471289396286, 0.7194815278053284, 2.9190473556518555, -1.078763723373413, 0.16720712184906006, -0.4209900498390198, -0.33105939626693726]","[-0.883916974067688, 0.11760801821947098]",[],0.1,False,
7,5,8,"[0.045983266085386276, -0.02471735328435898, 1.3763132095336914, 3.093510389328003, -0.9988336563110352, -0.4249500334262848, -0.06222471594810486, 0.9769097566604614]","[-0.3839778006076813, 0.42561373114585876]",[],0.1,False,
7,5,9,"[-0.11247193068265915, -0.09530175477266312, 0.06605435907840729, 3.3269312381744385, 0.9236092567443848, 0.5092881321907043, -1.1310986280441284, -0.46329817175865173]","[0.1071726456284523, -0.35734087228775024]",[],0.1,False,
7,5,10,"[-0.10789193958044052, 0.027171708643436432, 0.00962066650390625, 3.0541820526123047, 0.31519126892089844, 0.4756088852882385, -0.1655600368976593, 1.102246642112732]","[0.009427322074770927, 0.34616100788116455]",[],0.1,False,
7,5,11,"[-0.1355496495962143, 0.10023873299360275, 1.0361194610595703, 2.6226773262023926, 1.2022218704223633, 0.0, -5.101197719573975, 0.0]","[-0.5497165322303772, -0.03765828534960747]",[],0.1,False,
7,6,0,"[-0.04466256499290466, 0.15012913942337036, 1.211660385131836, 3.332730531692505, -0.5886378288269043, 0.23205070197582245, -1.8766556978225708, 1.7415378093719482]","[-0.30674582719802856, -0.5601072907447815]",[],0.1,False,
7,6,1,"[-0.1815154105424881, 0.04423569515347481, -0.4624471664428711, 3.4414613246917725, -0.5848126411437988, 0.8009042739868164, -0.31491705775260925, 0.06772328913211823]","[-0.2310609221458435, 0.04188805818557739]",[],0.1,False,
7,6,2,"[-0.07485048472881317, 0.05542678385972977, -0.2916278839111328, 3.1597585678100586, -0.5897188186645508, 0.3698280155658722, -0.016578227281570435, -0.35665592551231384]","[0.1858321577310562, 0.26415514945983887]",[],0.1,False,
7,6,3,"[-0.13100026547908783, 0.027293406426906586, -0.4477405548095703, 3.3109049797058105, 1.5161418914794922, 1.658482551574707, -1.700953722000122, 0.5188819766044617]","[0.25577107071876526, 0.08948614448308945]",[],0.1,False,
7,6,4,"[-0.08442263305187225, -0.06296418607234955, 1.3764419555664062, 2.9354610443115234, 0.8425493240356445, 1.2989152669906616, -0.2454550564289093, -0.18442299962043762]","[0.8349356651306152, 0.9470069408416748]",[],0.1,False,
7,6,5,"[0.06560535728931427, 0.008951084688305855, 0.506684422492981, 3.0793542861938477, 0.4292116165161133, 0.443585604429245, 0.041604772210121155, 0.8958305716514587]","[0.4763501286506653, 0.13292326033115387]",[],0.1,False,
7,6,6,"[-0.11559038609266281, -0.13549602031707764, -0.8456182479858398, 3.0785303115844727, -1.122704029083252, 0.17047978937625885, -0.17619821429252625, -0.4736645519733429]","[-0.2134944498538971, 0.9295324087142944]",[],0.1,False,
7,6,7,"[-0.06269817054271698, -0.048299096524715424, 0.7378780841827393, 2.838132381439209, -1.1135356426239014, 0.2506570518016815, -0.39974701404571533, -0.4142613112926483]","[-0.42966383695602417, 0.4060167372226715]",[],0.1,False,
7,6,8,"[0.012670079246163368, 0.012567462399601936, 1.3326635360717773, 3.059593677520752, -0.9007472991943359, -0.4515649676322937, -0.2760491967201233, 0.9858329892158508]","[-0.7842444777488708, -0.9401810169219971]",[],0.1,False,
7,6,9,"[-0.10272365063428879, -0.12596169114112854, 0.15108056366443634, 3.3553857803344727, 0.8425545692443848, 0.7650148868560791, -0.3508649468421936, -0.716631293296814]","[-0.8253026008605957, -0.5571388006210327]",[],0.1,False,
7,6,10,"[-0.10703375935554504, 0.05717615783214569, 0.0654764175415039, 3.0265798568725586, 0.42890214920043945, 0.6150451302528381, -0.33148306608200073, 1.1613328456878662]","[-0.5341318845748901, 0.37313926219940186]",[],0.1,False,
7,6,11,"[-0.18262267112731934, 0.09642244130373001, 1.1459178924560547, 2.5640854835510254, 1.321070671081543, 1.1526809930801392, -0.7322655916213989, 1.2105368375778198]","[0.36176204681396484, -0.10127539187669754]",[],0.1,False,
7,7,0,"[-0.07252051681280136, 0.1025351881980896, 1.23486328125, 3.086205005645752, -0.41448497772216797, 0.23205070197582245, -2.8576552867889404, 1.7415378093719482]","[0.2897152304649353, -0.243521586060524]",[],0.1,False,
7,7,1,"[-0.2013988494873047, 0.047120045870542526, -0.33832263946533203, 3.47232723236084, -0.5689020156860352, 1.0385138988494873, -0.4613211750984192, 0.12090413272380829]","[0.9180815815925598, -0.13429507613182068]",[],0.1,False,
7,7,2,"[-0.05880282446742058, 0.07845018059015274, -0.24483108520507812, 3.184497833251953, -0.6160597801208496, 0.4704035818576813, -0.015556275844573975, -0.25694388151168823]","[0.8896338939666748, 0.394842267036438]",[],0.1,False,
7,7,3,"[-0.10866986960172653, 0.034507110714912415, -0.2818918228149414, 3.0819497108459473, 1.5680289268493652, 1.658482551574707, -2.681953191757202, 0.5188819766044617]","[-0.5310638546943665, 0.020390544086694717]",[],0.1,False,
7,7,4,"[-0.012414893135428429, 0.020168980583548546, 1.5134105682373047, 2.9291486740112305, 0.8241438865661621, 1.394574761390686, -0.027712926268577576, -0.18341064453125]","[-0.9092850685119629, 0.37058955430984497]",[],0.1,False,
7,7,5,"[0.10693245381116867, 0.020782511681318283, 0.5297826528549194, 3.1608238220214844, 0.5223197937011719, 0.3186156451702118, 0.029461845755577087, 0.907534122467041]","[0.45346781611442566, -0.08749401569366455]",[],0.1,False,
7,7,6,"[-0.1333722025156021, -0.05531447380781174, -0.7804441452026367, 3.2042293548583984, -1.2034227848052979, 0.34295305609703064, -0.16085185110569, -0.595984160900116]","[-0.5504035353660583, -0.8650880455970764]",[],0.1,False,
7,7,7,"[-0.09974391758441925, -0.012717658653855324, 0.7817813754081726, 2.872727394104004, -1.1622371673583984, 0.4134071171283722, -0.09519025683403015, -0.47833919525146484]","[-0.3254814147949219, -0.506807267665863]",[],0.1,False,
7,7,8,"[-0.05603683367371559, -0.06909073144197464, 1.2875070571899414, 2.9731287956237793, -0.8021636009216309, -0.4515649676322937, -1.2570487260818481, 0.9858329892158508]","[-0.5800226926803589, 0.17656509578227997]",[],0.1,False,
7,7,9,"[-0.17249532043933868, -0.17463213205337524, 0.30533769726753235, 3.546177625656128, 0.6821503639221191, 0.8244816064834595, -0.6313654184341431, -0.8259710073471069]","[-0.5193407535552979, -0.3659830689430237]",[],0.1,False,
7,7,10,"[-0.15302199125289917, 0.08949420601129532, 0.1525135040283203, 3.043175220489502, 0.5565156936645508, 0.7754471302032471, -0.476587176322937, 1.2042373418807983]","[-0.7095920443534851, 0.023264026269316673]",[],0.1,False,
7,7,11,"[-0.15151749551296234, 0.0881895124912262, 1.2854175567626953, 2.519707679748535, 1.4555063247680664, 1.3989746570587158, -0.6921994090080261, 1.3506312370300293]","[-0.937755286693573, -0.00017986017337534577]",[],0.1,False,
7,8,0,"[-0.04796123877167702, 0.08075837790966034, 1.2707271575927734, 2.9687716960906982, -0.20269441604614258, 0.39294537901878357, -0.42022544145584106, 2.3086838722229004]","[0.40577027201652527, 0.09869139641523361]",[],0.1,False,
7,8,1,"[-0.12209277600049973, 0.03824719786643982, -0.23447227478027344, 3.367335081100464, -0.5568118095397949, 1.0385138988494873, -1.442320704460144, 0.12090413272380829]","[0.09092052280902863, -0.9412556886672974]",[],0.1,False,
7,8,2,"[0.018511200323700905, 0.11268560588359833, -0.1955108642578125, 3.2133350372314453, -0.6259994506835938, 0.49564069509506226, 0.038838595151901245, -0.08534609526395798]","[0.2636522948741913, -0.3498910963535309]",[],0.1,False,
7,8,3,"[-0.15452012419700623, 0.03738589957356453, -0.05562019348144531, 3.0332484245300293, 1.6388969421386719, 2.2213475704193115, -0.7690885663032532, 0.697664201259613]","[-0.09728764742612839, -0.031186440959572792]",[],0.1,False,
7,8,4,"[-0.09185247868299484, 0.05177433043718338, 1.6528687477111816, 2.8675174713134766, 0.8058023452758789, 1.394574761390686, -1.0087125301361084, -0.18341064453125]","[0.5932639241218567, -0.8231328725814819]",[],0.1,False,
7,8,5,"[0.146224245429039, 0.013466160744428635, 0.5229631066322327, 3.2688169479370117, 0.6169342994689941, 0.1425195336341858, 0.016243860125541687, 0.909317135810852]","[-0.4447108507156372, -0.7217881083488464]",[],0.1,False,
7,8,6,"[-0.18133553862571716, -0.12895415723323822, -0.710205078125, 3.247847557067871, -1.284644365310669, 0.5114094018936157, -0.3930433988571167, -0.6916449069976807]","[-0.986531138420105, -0.43638351559638977]",[],0.1,False,
7,8,7,"[-0.12831486761569977, -0.056358955800533295, 0.823121964931488, 2.8043484687805176, -1.210071086883545, 0.4134071171283722, -1.0761898756027222, -0.47833919525146484]","[-0.10518234223127365, 0.43079689145088196]",[],0.1,False,
7,8,8,"[-0.10628704726696014, -0.053491104394197464, 1.2423505783081055, 2.7885639667510986, -0.7035799026489258, -0.4515649676322937, -2.2380483150482178, 0.9858329892158508]","[0.3469897210597992, 0.03254318982362747]",[],0.1,False,
7,8,9,"[-0.21571290493011475, -0.20592717826366425, 0.4782946705818176, 3.64530873298645, 0.5074152946472168, 0.9745402336120605, -0.9658141732215881, -0.9982019662857056]","[-0.866344153881073, 0.7804492712020874]",[],0.1,False,
7,8,10,"[-0.21362583339214325, 0.09156989306211472, 0.28231334686279297, 3.085468292236328, 0.6990385055541992, 0.9533013105392456, -0.6912436485290527, 1.2396163940429688]","[0.7020712494850159, 0.938310980796814]",[],0.1,False,
7,8,11,"[-0.23147976398468018, 0.08677385002374649, 1.426137924194336, 2.397855281829834, 1.59041166305542, 1.4394928216934204, -1.3613711595535278, 1.3422764539718628]","[-0.5408869385719299, -0.08101122826337814]",[],0.1,False,
7,9,0,"[-0.012463085353374481, 0.08833878487348557, 1.3161659240722656, 3.008805990219116, 0.04883861541748047, 0.4256109297275543, -0.44348210096359253, 2.423609733581543]","[0.6948602199554443, -0.9743638634681702]",[],0.1,False,
7,9,1,"[-0.11113317310810089, -0.04296664521098137, -0.13062191009521484, 3.164243221282959, -0.5447216033935547, 1.0385138988494873, -2.4233202934265137, 0.12090413272380829]","[0.31448429822921753, 0.4515201449394226]",[],0.1,False,
7,9,2,"[0.04119617119431496, 0.08217679709196091, -0.1459484100341797, 3.158358573913574, -0.6345348358154297, 0.49564069509506226, -0.942160964012146, -0.08534609526395798]","[-0.8407462239265442, 0.1077587679028511]",[],0.1,False,
7,9,3,"[-0.16295725107192993, 0.034897755831480026, 0.18793296813964844, 2.9734020233154297, 1.7140774726867676, 2.4349730014801025, -0.8847561478614807, 0.7504268288612366]","[0.4248684346675873, 0.35448408126831055]",[],0.1,False,
7,9,4,"[-0.0395282581448555, -0.019403090700507164, 1.8051199913024902, 2.88724422454834, 0.7849025726318359, 1.4689491987228394, -0.12306119501590729, -0.18213872611522675]","[0.8408334255218506, 0.7518079876899719]",[],0.1,False,
7,9,5,"[0.10782134532928467, -0.0490979328751564, 0.5277013182640076, 3.273183822631836, 0.7083244323730469, -0.019652780145406723, 0.0860065221786499, 0.8948837518692017]","[0.5967910885810852, -0.008846228010952473]",[],0.1,False,
7,9,6,"[-0.2646166980266571, -0.16489535570144653, -0.5059814453125, 3.4635238647460938, -1.4491610527038574, 0.647904634475708, -0.6923112273216248, -0.7451261281967163]","[-0.17194293439388275, -0.27389174699783325]",[],0.1,False,
7,9,7,"[-0.13707035779953003, -0.01905655674636364, 0.9018873572349548, 2.8145699501037598, -1.2678346633911133, 0.7498429417610168, -0.23262284696102142, -0.572892963886261]","[-0.8567550182342529, -0.9769492745399475]",[],0.1,False,
7,9,8,"[-0.07615628093481064, -0.05088527128100395, 1.23809814453125, 2.792815685272217, -0.6279196739196777, -0.010214310139417648, 0.07709532976150513, 0.7399560809135437]","[-0.664478063583374, 0.22120442986488342]",[],0.1,False,
7,9,9,"[-0.2587057948112488, -0.14130458235740662, 0.57574862241745, 3.4898672103881836, 0.4075942039489746, 0.9745402336120605, -1.946813702583313, -0.9982019662857056]","[-0.15147404372692108, 0.5687580108642578]",[],0.1,False,
7,9,10,"[-0.15302740037441254, 0.1708706170320511, 0.3776426315307617, 2.9574837684631348, 0.8229994773864746, 0.9533013105392456, -1.6722431182861328, 1.2396163940429688]","[-0.550304114818573, 0.5559567213058472]",[],0.1,False,
7,9,11,"[-0.2586561441421509, 0.07933206856250763, 1.604940414428711, 2.285902976989746, 1.7340693473815918, 1.8334342241287231, -1.3146742582321167, 1.4461125135421753]","[-0.9269343614578247, 0.3822622001171112]",[],0.1,False,
7,10,0,"[0.04524778574705124, 0.0015529096126556396, 1.3450374603271484, 3.124483823776245, 0.3056478500366211, 0.30606046319007874, 0.02793005108833313, 2.499504566192627]","[-0.9457336068153381, -0.4121692180633545]",[],0.1,False,
7,10,1,"[-0.08546807616949081, -0.0026617906987667084, -0.000209808349609375, 3.0374715328216553, -0.5397887229919434, 1.5082145929336548, -0.2602035403251648, -0.004111273679882288]","[-0.2645517587661743, -0.8133761286735535]",[],0.1,False,
7,10,2,"[-0.03184391185641289, 0.09188250452280045, -0.09892082214355469, 3.177143096923828, -0.6214537620544434, 0.46412500739097595, -0.05365942418575287, 0.12761293351650238]","[0.6681119203567505, -0.8956774473190308]",[],0.1,False,
7,10,3,"[-0.12552395462989807, 0.0645352229475975, 0.4314298629760742, 2.826066493988037, 1.7891197204589844, 2.4349730014801025, -1.8657556772232056, 0.7504268288612366]","[0.19344747066497803, 0.07364734262228012]",[],0.1,False,
7,10,4,"[0.03307626396417618, 0.04699277505278587, 1.9534144401550293, 3.0627365112304688, 0.7764787673950195, 1.485779047012329, 0.1102605015039444, -0.13714541494846344]","[0.7217347025871277, 0.8966517448425293]",[],0.1,False,
7,10,5,"[0.15936291217803955, -0.04994243383407593, 0.47771671414375305, 3.4091930389404297, 0.7775783538818359, -0.19203194975852966, 0.01873508095741272, 0.7914629578590393]","[-0.6966150999069214, 0.39368459582328796]",[],0.1,False,
7,10,6,"[-0.26474693417549133, -0.18755517899990082, -0.4184541702270508, 3.376875877380371, -1.5402441024780273, 0.8880248069763184, -1.1346849203109741, -0.9228760004043579]","[0.007743627764284611, 0.1715121567249298]",[],0.1,False,
7,10,7,"[-0.21107062697410583, -0.1021420881152153, 0.9768714904785156, 2.732447624206543, -1.3251242637634277, 0.7498429417610168, -1.2136223316192627, -0.572892963886261]","[0.0595366433262825, 0.39275115728378296]",[],0.1,False,
7,10,8,"[-0.13358138501644135, -0.031216967850923538, 1.236851692199707, 2.7461395263671875, -0.5536298751831055, -0.0220380499958992, -0.6800247430801392, 0.7548753619194031]","[0.5887953042984009, 0.05917668715119362]",[],0.1,False,
7,10,9,"[-0.25773710012435913, -0.09372652322053909, 0.6732025146484375, 3.236325979232788, 0.3077731132507324, 0.9745402336120605, -2.9278132915496826, -0.9982019662857056]","[-0.718123733997345, -0.8864055275917053]",[],0.1,False,
7,10,10,"[-0.19842678308486938, 0.21858251094818115, 0.5211858749389648, 2.8787951469421387, 0.9986228942871094, 1.2911876440048218, -1.3873982429504395, 1.5683389902114868]","[-0.1931772381067276, 0.1927707940340042]",[],0.1,False,
7,10,11,"[-0.259342223405838, 0.11138591170310974, 1.7882843017578125, 2.0955753326416016, 1.8786797523498535, 1.8334342241287231, -2.2956738471984863, 1.4461125135421753]","[0.8771832585334778, 0.19844557344913483]",[],0.1,False,
7,11,0,"[-0.03846951574087143, -0.031466711312532425, 1.375640869140625, 3.0684170722961426, 0.5555987358093262, 0.30606046319007874, -0.9530695676803589, 2.499504566192627]","[0.9459565281867981, -0.907407283782959]",[],0.1,False,
7,11,1,"[-0.10540708899497986, -0.07413147389888763, 0.1552724838256836, 2.9829983711242676, -0.5423727035522461, 1.6429152488708496, -0.39090287685394287, -0.08038964867591858]","[0.16863296926021576, 0.32352399826049805]",[],0.1,False,
7,11,2,"[0.026038654148578644, 0.013665519654750824, -0.0525054931640625, 3.112916946411133, -0.6086935997009277, 0.46412500739097595, -1.0346590280532837, 0.12761293351650238]","[0.26103320717811584, -0.7478435039520264]",[],0.1,False,
7,11,3,"[-0.10861280560493469, 0.07040142267942429, 0.6906709671020508, 2.670656204223633, 1.873967170715332, 2.768934488296509, -0.9324352741241455, 0.9643286466598511]","[0.0941685140132904, 0.2131393402814865]",[],0.1,False,
7,11,4,"[0.09485052525997162, 0.1254013478755951, 2.0813164710998535, 3.3018741607666016, 0.8131518363952637, 1.4098035097122192, -0.03806920349597931, -0.03888127952814102]","[-0.6578184962272644, -0.9304530024528503]",[],0.1,False,
7,11,5,"[0.09911929816007614, -0.015890315175056458, 0.4585135877132416, 3.352206230163574, 0.8567237854003906, -0.19203194975852966, -0.9622645378112793, 0.7914629578590393]","[-0.8384994268417358, 0.6642227172851562]",[],0.1,False,
7,11,6,"[-0.26404398679733276, -0.17337824404239655, -0.3024177551269531, 3.2654361724853516, -1.6510615348815918, 1.2446784973144531, -1.2561362981796265, -1.163996934890747]","[0.8869283199310303, 0.10530978441238403]",[],0.1,False,
7,11,7,"[-0.2058996558189392, -0.06876128166913986, 1.0760778188705444, 2.6282105445861816, -1.391517162322998, 1.1872649192810059, -0.6358944177627563, -0.7424198389053345]","[0.11986170709133148, 0.9839104413986206]",[],0.1,False,
7,11,8,"[-0.0824769139289856, -0.026631474494934082, 1.2727851867675781, 2.803208112716675, -0.48900651931762695, 0.2923402488231659, -0.014436036348342896, 0.6614195704460144]","[-0.37018728256225586, 0.5005616545677185]",[],0.1,False,
7,11,9,"[-0.2589695453643799, -0.16773274540901184, 0.9117117524147034, 3.191474199295044, 0.13947057723999023, 1.7999054193496704, -1.6289125680923462, -1.3557618856430054]","[0.9813731908798218, 0.6169259548187256]",[],0.1,False,
7,11,10,"[-0.21413739025592804, 0.2349240928888321, 0.6761598587036133, 2.7480783462524414, 1.1841354370117188, 1.4812027215957642, -1.7427334785461426, 1.7692264318466187]","[-0.9844257831573486, 0.09708726406097412]",[],0.1,False,
7,11,11,"[-0.18544521927833557, 0.1289467066526413, 2.021076202392578, 1.949216365814209, 2.0521368980407715, 2.4103801250457764, -1.466880440711975, 1.7771453857421875]","[0.7413224577903748, 0.08998691290616989]",[],0.1,False,
7,12,0,"[0.04121921956539154, -0.11310256272554398, 1.3898200988769531, 3.3434228897094727, 0.7301821708679199, 0.196859210729599, 0.5057703852653503, 2.098544120788574]","[-0.16032953560352325, -0.46227413415908813]",[],0.1,False,
7,12,1,"[-0.09206876903772354, -0.04545284062623978, 0.32825374603271484, 2.948289155960083, -0.556635856628418, 1.7792187929153442, -0.34304141998291016, -0.17579936981201172]","[0.5062986016273499, 0.14266251027584076]",[],0.1,False,
7,12,2,"[0.048380155116319656, -0.05165884643793106, -0.0060901641845703125, 2.9505910873413086, -0.5959334373474121, 0.46412500739097595, -2.0156586170196533, 0.12761293351650238]","[0.8648343682289124, -0.5010827779769897]",[],0.1,False,
7,12,3,"[-0.0998743399977684, 0.08857176452875137, 0.9714155197143555, 2.5472936630249023, 1.9731168746948242, 2.8635199069976807, -1.2387118339538574, 1.039095163345337]","[-0.20880573987960815, -0.44777485728263855]",[],0.1,False,
7,12,4,"[0.03885714337229729, 0.043977607041597366, 2.2222957611083984, 3.2392072677612305, 0.8092632293701172, 1.4098035097122192, -1.019068717956543, -0.03888127952814102]","[-0.8809431195259094, 0.6592569351196289]",[],0.1,False,
7,12,5,"[0.0259088184684515, 0.041722699999809265, 0.4393104612827301, 3.19711971282959, 0.9358692169189453, -0.19203194975852966, -1.9432640075683594, 0.7914629578590393]","[-0.11323439329862595, 0.7363348603248596]",[],0.1,False,
7,12,6,"[-0.1898505985736847, -0.16457805037498474, -0.1779489517211914, 3.0809621810913086, -1.7674610614776611, 1.2446784973144531, -2.237135887145996, -1.163996934890747]","[-0.894294023513794, 0.7726391553878784]",[],0.1,False,
7,12,7,"[-0.19437789916992188, 0.01517189759761095, 1.292165756225586, 2.7626242637634277, -1.4706923961639404, 1.4477200508117676, -0.5650894641876221, -0.7389794588088989]","[-0.5528399348258972, -0.1849147230386734]",[],0.1,False,
7,12,8,"[-0.11406631767749786, 0.01720806583762169, 1.3092007637023926, 2.7940452098846436, -0.4222903251647949, 0.41823944449424744, -0.12309347093105316, 0.6720918416976929]","[0.3306986391544342, -0.3581754267215729]",[],0.1,False,
7,12,9,"[-0.17616277933120728, -0.11602689325809479, 1.0917022228240967, 2.9697232246398926, 0.0038938522338867188, 1.7999054193496704, -2.609912157058716, -1.3557618856430054]","[0.2241927683353424, 0.0319712795317173]",[],0.1,False,
7,12,10,"[-0.2625720202922821, 0.243618443608284, 0.865717887878418, 2.603776454925537, 1.3988628387451172, 1.6269135475158691, -2.2225048542022705, 1.8744243383407593]","[0.6635941863059998, 0.7440635561943054]",[],0.1,False,
7,12,11,"[-0.12208957970142365, 0.13655859231948853, 2.3130970001220703, 1.9557232856750488, 2.2779412269592285, 2.5079262256622314, -1.1903883218765259, 1.8990724086761475]","[-0.18234576284885406, 0.7124887704849243]",[],0.1,False,
7,13,0,"[0.026038382202386856, -0.15258561074733734, 1.4009170532226562, 3.4979283809661865, 0.9155435562133789, 0.13868899643421173, 0.6488091945648193, 2.019296169281006]","[-0.5504600405693054, -0.8198326826095581]",[],0.1,False,
7,13,1,"[-0.04862866923213005, -0.03109915740787983, 0.5139122009277344, 2.9314160346984863, -0.5796384811401367, 1.8799917697906494, -0.1951797902584076, -0.25217515230178833]","[0.9828532934188843, 0.9714215993881226]",[],0.1,False,
7,13,2,"[0.1230834349989891, -0.09555725008249283, -0.003849029541015625, 3.024232864379883, -0.6143546104431152, 0.09764458239078522, 0.004189848899841309, -0.10316448658704758]","[0.6989412903785706, 0.7439776062965393]",[],0.1,False,
7,13,3,"[-0.11910827457904816, 0.050416458398103714, 1.288975715637207, 2.55557918548584, 2.100522518157959, 3.014423131942749, -0.8570830821990967, 1.173607349395752]","[-0.2137153595685959, -0.857586145401001]",[],0.1,False,
7,13,4,"[-0.03867027536034584, 0.10021939873695374, 2.3632750511169434, 3.0784406661987305, 0.8053746223449707, 1.4098035097122192, -2.000068187713623, -0.03888127952814102]","[0.05402986332774162, 0.6773271560668945]",[],0.1,False,
7,13,5,"[0.015639005228877068, 0.10571800172328949, 0.42010733485221863, 2.9439334869384766, 1.0150146484375, -0.19203194975852966, -2.9242634773254395, 0.7914629578590393]","[0.6690579652786255, 0.20695066452026367]",[],0.1,False,
7,13,6,"[-0.2644049823284149, -0.09915298223495483, 0.0779581069946289, 3.084658622741699, -1.9400296211242676, 1.7047230005264282, -1.3266087770462036, -1.3603515625]","[-0.7060552835464478, 0.1472712606191635]",[],0.1,False,
7,13,7,"[-0.24178557097911835, 0.0004933977616019547, 1.4471315145492554, 2.6602401733398438, -1.547271728515625, 1.5443466901779175, -1.4286226034164429, -0.7662867307662964]","[0.3335946202278137, -0.9971450567245483]",[],0.1,False,
7,13,8,"[-0.08577930182218552, -0.014294383116066456, 1.3627281188964844, 2.7983129024505615, -0.3550076484680176, 0.56300288438797, -0.07995130121707916, 0.66892009973526]","[-0.5129870176315308, 0.35407760739326477]",[],0.1,False,
7,13,9,"[-0.1569938063621521, -0.11336518824100494, 1.3090062141418457, 2.7687063217163086, -0.15588951110839844, 2.508683919906616, -1.2729219198226929, -1.819301724433899]","[-0.4014389216899872, -0.8400077819824219]",[],0.1,False,
7,13,10,"[-0.20805738866329193, 0.2545943856239319, 1.0313658714294434, 2.3330039978027344, 1.5904812812805176, 1.774195909500122, -2.6860203742980957, 2.082674980163574]","[-0.9425584077835083, 0.7663256525993347]",[],0.1,False,
7,13,11,"[-0.13710814714431763, 0.19743399322032928, 2.563894271850586, 1.7778244018554688, 2.467848777770996, 2.5079262256622314, -2.1713879108428955, 1.8990724086761475]","[0.9950935244560242, -0.49427202343940735]",[],0.1,False,
7,14,0,"[-0.02397034876048565, -0.2209489345550537, 1.4162120819091797, 3.7078187465667725, 1.0364007949829102, 0.100025475025177, 0.7611222267150879, 1.6164487600326538]","[0.6577114462852478, -0.08323018252849579]",[],0.1,False,
7,14,1,"[0.03323519974946976, 0.05734569579362869, 0.6938619613647461, 3.125487804412842, -0.5928363800048828, 1.7703988552093506, 0.13605329394340515, -0.22630886733531952]","[-0.22783000767230988, 0.5079439282417297]",[],0.1,False,
7,14,2,"[0.18309873342514038, -0.031623031944036484, -0.049224853515625, 3.153101921081543, -0.6431336402893066, -0.0858592540025711, -0.043053776025772095, -0.1546262949705124]","[-0.6336780190467834, 0.4752296805381775]",[],0.1,False,
7,14,3,"[-0.13926365971565247, -0.02329522930085659, 1.6463375091552734, 2.7301220893859863, 2.21414852142334, 2.804995059967041, -0.7629868984222412, 1.04175865650177]","[-0.5553953051567078, -0.8964920043945312]",[],0.1,False,
7,14,4,"[-0.034900158643722534, 0.1588473916053772, 2.5042543411254883, 2.8195743560791016, 0.8014860153198242, 1.4098035097122192, -2.981067657470703, -0.03888127952814102]","[-0.5084108710289001, 0.8906669616699219]",[],0.1,False,
7,14,5,"[0.07351310551166534, 0.12389034032821655, 0.37779101729393005, 2.888944625854492, 1.1489553451538086, -0.44155624508857727, -0.422389954328537, 1.3885164260864258]","[-0.22760365903377533, 0.16228032112121582]",[],0.1,False,
7,14,6,"[-0.2641051113605499, -0.08681964129209518, 0.3067617416381836, 2.9792051315307617, -2.1006298065185547, 2.1419923305511475, -1.5792629718780518, -1.5593229532241821]","[0.2511084973812103, 0.31123480200767517]",[],0.1,False,
7,14,7,"[-0.2142464816570282, -0.08449150621891022, 1.601565957069397, 2.4585180282592773, -1.6239006519317627, 1.5443466901779175, -2.4096221923828125, -0.7662867307662964]","[-0.33222466707229614, -0.6189389228820801]",[],0.1,False,
7,14,8,"[-0.12984763085842133, 0.017006071284413338, 1.419619083404541, 2.74221134185791, -0.2877316474914551, 0.618135392665863, -0.6021630764007568, 0.6827187538146973]","[0.3753490447998047, 0.3886965215206146]",[],0.1,False,
7,14,9,"[-0.1910686194896698, -0.18464888632297516, 1.5789694786071777, 2.6660284996032715, -0.35734081268310547, 2.482111692428589, -1.8240573406219482, -1.8348031044006348]","[-0.9486469030380249, 0.8546274304389954]",[],0.1,False,
7,14,10,"[-0.25437286496162415, 0.25567352771759033, 1.228041648864746, 2.088461399078369, 1.819197177886963, 1.9663814306259155, -2.7329583168029785, 2.278750419616699]","[-0.8109422922134399, 0.7781506180763245]",[],0.1,False,
7,14,11,"[-0.052970245480537415, 0.1535806655883789, 2.877208709716797, 1.8967466354370117, 2.7606754302978516, 2.504324197769165, -1.2843873500823975, 2.1477646827697754]","[-0.7058194279670715, -0.8370162844657898]",[],0.1,False,
7,15,11,"[-0.10264664888381958, 0.09675601124763489, 3.0514373779296875, 1.855844497680664, 2.8992490768432617, 2.5146422386169434, -1.800675868988037, 2.1295204162597656]",,,-1.0,True,
8,0,0,"[-0.03927891328930855, 0.08003973215818405, -1.3751983642578125, 3.9960761070251465, -1.317121982574463, 0.0, -0.1961999237537384, 0.0]","[0.7979655861854553, -0.5117602348327637]",[],0.1,False,
8,0,1,"[-0.08149673789739609, 0.05845113843679428, -0.22245407104492188, 3.9960761070251465, -0.5387601852416992, 0.0, -0.1961999237537384, 0.0]","[0.7873659729957581, 0.4458836019039154]",[],0.1,False,
8,0,2,"[0.07969854772090912, 0.07345882803201675, -1.0966033935546875, 3.9960756301879883, 0.9132676124572754, 0.0, -0.1961999237537384, 0.0]","[-0.6536940336227417, -0.6387709975242615]",[],0.1,False,
8,0,3,"[0.05056895688176155, -0.061140261590480804, -1.350412368774414, 3.9960761070251465, 0.828463077545166, 0.0, -0.1961999237537384, 0.0]","[-0.3668484389781952, 0.1817566156387329]",[],0.1,False,
8,0,4,"[-0.06725745648145676, -0.0005281669436953962, 1.006631851196289, 3.9960756301879883, -0.07723140716552734, 0.0, -0.1961999237537384, 0.0]","[0.581572413444519, -0.9605710506439209]",[],0.1,False,
8,0,5,"[0.016989724710583687, -0.029301512986421585, -1.473318099975586, 3.9960756301879883, 1.0871143341064453, 0.0, -0.1961999237537384, 0.0]","[0.3608020544052124, -0.9292845129966736]",[],0.1,False,
8,0,6,"[0.08185095340013504, 0.002018723636865616, 1.3283977508544922, 3.9960756301879883, -1.0349769592285156, 0.0, -0.1961999237537384, 0.0]","[0.5657312273979187, 0.7593313455581665]",[],0.1,False,
8,0,7,"[-0.02306746132671833, 0.022306274622678757, 0.025157928466796875, 3.9960761070251465, 0.6710934638977051, 0.0, -0.1961999237537384, 0.0]","[0.626360297203064, 0.6034875512123108]",[],0.1,False,
8,0,8,"[0.06528205424547195, -0.021955706179142, 0.033532142639160156, 3.9960761070251465, -0.4671907424926758, 0.0, -0.1961999237537384, 0.0]","[-0.47555842995643616, 0.5578230619430542]",[],0.1,False,
8,0,9,"[-0.04943258687853813, -0.0581686869263649, -0.6111962795257568, 3.9960761070251465, 0.1847672462463379, 0.0, -0.1961999237537384, 0.0]","[-0.9236906170845032, 0.6909801959991455]",[],0.1,False,
8,0,10,"[0.07804276049137115, -0.012295144610106945, 0.2746896743774414, 3.9960761070251465, -0.07842159271240234, 0.0, -0.1961999237537384, 0.0]","[0.8734466433525085, -0.8724702000617981]",[],0.1,False,
8,0,11,"[0.0008300762856379151, 0.07670336216688156, -1.263763427734375, 3.9960761070251465, 0.5586323738098145, 0.0, -0.1961999237537384, 0.0]","[-0.5322908759117126, -0.7730015516281128]",[],0.1,False,
8,1,0,"[0.03022371232509613, 0.035533323884010315, -1.3751983642578125, 3.9175961017608643, -1.317121982574463, 0.0, -1.1771994829177856, 0.0]","[-0.2576121389865875, 0.05271946266293526]",[],0.1,False,
8,1,1,"[-0.013106493279337883, 0.09731270372867584, -0.22245407104492188, 3.9175961017608643, -0.5387601852416992, 0.0, -1.1771994829177856, 0.0]","[0.0007906556711532176, -0.536772608757019]",[],0.1,False,
8,1,2,"[0.022518077865242958, 0.01815728098154068, -1.0966033935546875, 3.917595863342285, 0.9132676124572754, 0.0, -1.1771994829177856, 0.0]","[0.2668910622596741, -0.03673240542411804]",[],0.1,False,
8,1,3,"[0.018587889149785042, -0.04538773000240326, -1.350412368774414, 3.9175963401794434, 0.828463077545166, 0.0, -1.1771994829177856, 0.0]","[0.9578867554664612, 0.3534443974494934]",[],0.1,False,
8,1,4,"[-0.016386212781071663, -0.08408354967832565, 1.006631851196289, 3.917595863342285, -0.07723140716552734, 0.0, -1.1771994829177856, 0.0]","[-0.2973766624927521, -0.22116324305534363]",[],0.1,False,
8,1,5,"[0.04840601608157158, -0.11011189967393875, -1.473318099975586, 3.917595863342285, 1.0871143341064453, 0.0, -1.1771994829177856, 0.0]","[0.9587981104850769, 0.06691671162843704]",[],0.1,False,
8,1,6,"[0.13072872161865234, 0.06791473925113678, 1.3283977508544922, 3.917595863342285, -1.0349769592285156, 0.0, -1.1771994829177856, 0.0]","[-0.1466539353132248, -0.7119252681732178]",[],0.1,False,
8,1,7,"[0.03156232461333275, 0.07486777752637863, 0.025157928466796875, 3.9175963401794434, 0.6710934638977051, 0.0, -1.1771994829177856, 0.0]","[-0.7728453278541565, -0.36732545495033264]",[],0.1,False,
8,1,8,"[0.02371530421078205, 0.02658545784652233, 0.033532142639160156, 3.9175961017608643, -0.4671907424926758, 0.0, -1.1771994829177856, 0.0]","[-0.4300675094127655, 0.44288232922554016]",[],0.1,False,
8,1,9,"[-0.12918420135974884, 0.0023263534530997276, -0.6111962795257568, 3.9175961017608643, 0.1847672462463379, 0.0, -1.1771994829177856, 0.0]","[-0.02692386880517006, -0.5703011751174927]",[],0.1,False,
8,1,10,"[0.15350912511348724, -0.08780688792467117, 0.2746896743774414, 3.9175963401794434, -0.07842159271240234, 0.0, -1.1771994829177856, 0.0]","[0.0377175435423851, -0.4344208836555481]",[],0.1,False,
8,1,11,"[-0.0453885942697525, 0.009267394430935383, -1.263763427734375, 3.9175963401794434, 0.5586323738098145, 0.0, -1.1771994829177856, 0.0]","[-0.013136087916791439, 0.13972574472427368]",[],0.1,False,
8,2,0,"[0.007766693830490112, 0.040148913860321045, -1.3751983642578125, 3.741016387939453, -1.317121982574463, 0.0, -2.1581990718841553, 0.0]","[0.9199932813644409, -0.11307336390018463]",[],0.1,False,
8,2,1,"[-0.013111531734466553, 0.05060688778758049, -0.22245407104492188, 3.741016387939453, -0.5387601852416992, 0.0, -2.1581990718841553, 0.0]","[0.9882476329803467, -0.06256430596113205]",[],0.1,False,
8,2,2,"[0.04577234759926796, 0.014821125194430351, -1.0966033935546875, 3.741016387939453, 0.9132676124572754, 0.0, -2.1581990718841553, 0.0]","[-0.14871938526630402, -0.5779381990432739]",[],0.1,False,
8,2,3,"[0.10181314498186111, -0.014300240203738213, -1.350412368774414, 3.741016387939453, 0.828463077545166, 0.0, -2.1581990718841553, 0.0]","[0.8694471120834351, -0.6813747882843018]",[],0.1,False,
8,2,4,"[-0.042144641280174255, -0.10338728874921799, 1.006631851196289, 3.741016387939453, -0.07723140716552734, 0.0, -2.1581990718841553, 0.0]","[0.1162545382976532, 0.08796636015176773]",[],0.1,False,
8,2,5,"[0.13119392096996307, -0.10397890955209732, -1.473318099975586, 3.741016387939453, 1.0871143341064453, 0.0, -2.1581990718841553, 0.0]","[-0.9222142100334167, 0.1286098062992096]",[],0.1,False,
8,2,6,"[0.11818808317184448, 0.006276422180235386, 1.3283977508544922, 3.741016387939453, -1.0349769592285156, 0.0, -2.1581990718841553, 0.0]","[-0.8399698138237, -0.4401824176311493]",[],0.1,False,
8,2,7,"[-0.03569347783923149, 0.042818665504455566, 0.025157928466796875, 3.741016387939453, 0.6710934638977051, 0.0, -2.1581990718841553, 0.0]","[-0.8257530331611633, -0.13964974880218506]",[],0.1,False,
8,2,8,"[-0.013941502198576927, 0.0650346502661705, 0.033532142639160156, 3.741016387939453, -0.4671907424926758, 0.0, -2.1581990718841553, 0.0]","[0.6304385662078857, 0.9875222444534302]",[],0.1,False,
8,2,9,"[-0.13192422688007355, -0.04697386547923088, -0.6111962795257568, 3.741016387939453, 0.1847672462463379, 0.0, -2.1581990718841553, 0.0]","[-0.4634593725204468, -0.42986080050468445]",[],0.1,False,
8,2,10,"[0.15644213557243347, -0.12505994737148285, 0.2746896743774414, 3.741016387939453, -0.07842159271240234, 0.0, -2.1581990718841553, 0.0]","[0.4852098226547241, -0.5810158848762512]",[],0.1,False,
8,2,11,"[-0.046579960733652115, 0.021441901102662086, -1.263763427734375, 3.741016387939453, 0.5586323738098145, 0.0, -2.1581990718841553, 0.0]","[0.49654293060302734, -0.7709586024284363]",[],0.1,False,
8,3,0,"[0.08786104619503021, 0.030141664668917656, -1.3751983642578125, 3.466336488723755, -1.317121982574463, 0.0, -3.1391985416412354, 0.0]","[-0.9471724033355713, -0.11284417659044266]",[],0.1,False,
8,3,1,"[0.07294155657291412, 0.04486265033483505, -0.22245407104492188, 3.466336488723755, -0.5387601852416992, 0.0, -3.1391985416412354, 0.0]","[-0.9410887360572815, -0.5131252408027649]",[],0.1,False,
8,3,2,"[0.032453279942274094, -0.035479430109262466, -1.0966033935546875, 3.466336250305176, 0.9132676124572754, 0.0, -3.1391985416412354, 0.0]","[0.8782348036766052, 0.8559532165527344]",[],0.1,False,
8,3,3,"[0.17710134387016296, -0.07268210500478745, -1.350412368774414, 3.466336727142334, 0.828463077545166, 0.0, -3.1391985416412354, 0.0]","[-0.8246511220932007, -0.16950494050979614]",[],0.1,False,
8,3,4,"[-0.03208474814891815, -0.09571957588195801, 1.006631851196289, 3.466336250305176, -0.07723140716552734, 0.0, -3.1391985416412354, 0.0]","[-0.70234614610672, -0.6115350127220154]",[],0.1,False,
8,3,5,"[0.05142582207918167, -0.09329338371753693, -1.473318099975586, 3.466336250305176, 1.0871143341064453, 0.0, -3.1391985416412354, 0.0]","[0.20560400187969208, 0.42802876234054565]",[],0.1,False,
8,3,6,"[0.04503575712442398, -0.03181339055299759, 1.3283977508544922, 3.466336250305176, -1.0349769592285156, 0.0, -3.1391985416412354, 0.0]","[0.2894395589828491, -0.26013103127479553]",[],0.1,False,
8,3,7,"[-0.10743682086467743, 0.030329391360282898, 0.025157928466796875, 3.466336727142334, 0.6710934638977051, 0.0, -3.1391985416412354, 0.0]","[0.5519682765007019, 0.9910985231399536]",[],0.1,False,
8,3,8,"[0.04056257754564285, 0.15081053972244263, 0.033532142639160156, 3.466336488723755, -0.4671907424926758, 0.0, -3.1391985416412354, 0.0]","[0.6615824103355408, 0.8193164467811584]",[],0.1,False,
8,3,9,"[-0.17195051908493042, -0.08378206938505173, -0.6111962795257568, 3.466336488723755, 0.1847672462463379, 0.0, -3.1391985416412354, 0.0]","[0.19292980432510376, 0.47156721353530884]",[],0.1,False,
8,3,10,"[0.19706100225448608, -0.174809992313385, 0.2595558166503906, 3.5535731315612793, -0.0865182876586914, -0.19627444446086884, -0.04212665557861328, 0.10911914706230164]","[-0.6991514563560486, -0.5936484336853027]",[],0.1,False,
8,3,11,"[-0.0029816515743732452, -0.04561807960271835, -1.263763427734375, 3.466336727142334, 0.5586323738098145, 0.0, -3.1391985416412354, 0.0]","[0.5088624358177185, 0.8836126327514648]",[],0.1,False,
8,4,0,"[0.005320672877132893, 0.020545925945043564, -1.3751983642578125, 3.0935568809509277, -1.317121982574463, 0.0, -4.1201982498168945, 0.0]","[0.9400889277458191, -0.8218324184417725]",[],0.1,False,
8,4,1,"[-0.009297892451286316, 0.000531582219991833, -0.22245407104492188, 3.0935568809509277, -0.5387601852416992, 0.0, -4.1201982498168945, 0.0]","[0.6529532670974731, -0.0011828542919829488]",[],0.1,False,
8,4,2,"[0.10921936482191086, 0.03853535279631615, -1.0966033935546875, 3.0935564041137695, 0.9132676124572754, 0.0, -4.1201982498168945, 0.0]","[-0.535445511341095, -0.3726218044757843]",[],0.1,False,
8,4,3,"[0.10605071485042572, -0.08708741515874863, -1.350412368774414, 3.0935568809509277, 0.828463077545166, 0.0, -4.1201982498168945, 0.0]","[0.2365713119506836, -0.8490505218505859]",[],0.1,False,
8,4,4,"[-0.0927501693367958, -0.14864416420459747, 1.006631851196289, 3.0935564041137695, -0.07723140716552734, 0.0, -4.1201982498168945, 0.0]","[-0.8245958685874939, 0.36484745144844055]",[],0.1,False,
8,4,5,"[0.06912838667631149, -0.0560549795627594, -1.473318099975586, 3.0935564041137695, 1.0871143341064453, 0.0, -4.1201982498168945, 0.0]","[-0.6569526791572571, -0.4601946473121643]",[],0.1,False,
8,4,6,"[0.07011865824460983, -0.05457274988293648, 1.3283977508544922, 3.0935564041137695, -1.0349769592285156, 0.0, -4.1201982498168945, 0.0]","[0.3556577265262604, -0.9506338834762573]",[],0.1,False,
8,4,7,"[-0.05969046428799629, 0.11640166491270065, 0.025157928466796875, 3.0935568809509277, 0.6710934638977051, 0.0, -4.1201982498168945, 0.0]","[-0.8360283970832825, 0.8103456497192383]",[],0.1,False,
8,4,8,"[0.0973813384771347, 0.22072122991085052, -0.0037508010864257812, 3.527538537979126, -0.3123602867126465, -0.10969900339841843, -0.5288461446762085, 1.0437946319580078]","[-0.7961439490318298, 0.19706173241138458]",[],0.1,False,
8,4,9,"[-0.15520384907722473, -0.04332509636878967, -0.46161502599716187, 3.360644817352295, 0.09812307357788086, 1.4947614669799805, -1.454721212387085, -0.8662934899330139]","[-0.5874066352844238, 0.775722324848175]",[],0.1,False,
8,4,10,"[0.1368204802274704, -0.2234501838684082, 0.2376556396484375, 3.506964683532715, -0.07886981964111328, -0.310066282749176, -0.3759479224681854, -0.0733242928981781]","[0.8667830228805542, 0.7565757632255554]",[],0.1,False,
8,4,11,"[0.04090182110667229, 0.031716108322143555, -1.263763427734375, 3.0935568809509277, 0.5586323738098145, 0.0, -4.1201982498168945, 0.0]","[-0.6905972361564636, 0.7468559741973877]",[],0.1,False,
8,5,0,"[0.0869717076420784, -0.05128946155309677, -1.3751983642578125, 2.6226773262023926, -1.317121982574463, 0.0, -5.101197719573975, 0.0]","[0.5147551894187927, 0.5573388338088989]",[],0.1,False,
8,5,1,"[0.047663651406764984, 0.00017288050730712712, -0.18618297576904297, 2.9956648349761963, -0.5420041084289551, 0.42530545592308044, 0.04067838191986084, -0.045266035944223404]","[0.2739241123199463, 0.41820746660232544]",[],0.1,False,
8,5,2,"[0.06261426210403442, 0.006236822810024023, -1.1253681182861328, 2.8649654388427734, 0.9148259162902832, -0.5753061175346375, -0.07270528376102448, 0.01714523881673813]","[-0.25181442499160767, 0.7525197863578796]",[],0.1,False,
8,5,3,"[0.12568680942058563, -0.16025598347187042, -1.3721418380737305, 3.157160758972168, 0.7529964447021484, 0.16538821160793304, -0.0986136794090271, -0.41137635707855225]","[-0.705081045627594, 0.18496952950954437]",[],0.1,False,
8,5,4,"[-0.1631750464439392, -0.1169317290186882, 1.0853757858276367, 2.871500015258789, -0.10685491561889648, 1.3128046989440918, -0.9538412094116211, -0.4921240508556366]","[-0.6766648292541504, 0.4969490170478821]",[],0.1,False,
8,5,5,"[0.012110111303627491, -0.09624382853507996, -1.5158485174179077, 3.211348533630371, 1.053962230682373, -0.3859385848045349, -0.00972813367843628, -0.0011876020580530167]","[0.3794877529144287, -0.5170924663543701]",[],0.1,False,
8,5,6,"[0.10031633824110031, -0.13700221478939056, 1.3533248901367188, 3.129335403442383, -1.1479015350341797, 0.2919318675994873, -0.247364342212677, -1.066441297531128]","[0.730152428150177, 0.21624571084976196]",[],0.1,False,
8,5,7,"[-0.13148216903209686, 0.18595029413700104, 0.11893120408058167, 2.999889373779297, 0.7544655799865723, 1.1228917837142944, -0.6156289577484131, 0.7296266555786133]","[0.7847766280174255, -0.43831542134284973]",[],0.1,False,
8,5,8,"[0.029780587181448936, 0.23712536692619324, -0.02217578887939453, 3.4767258167266846, -0.17758989334106445, -0.18404076993465424, -0.7318387031555176, 1.3848013877868652]","[0.5470532774925232, -0.4919384717941284]",[],0.1,False,
8,5,9,"[-0.20465430617332458, 0.023817215114831924, -0.245500847697258, 3.3757457733154297, 0.012393951416015625, 1.865585207939148, -0.7624196410179138, -0.8640227913856506]","[0.2961290180683136, 0.15670251846313477]",[],0.1,False,
8,5,10,"[0.21097424626350403, -0.16146071255207062, 0.17059803009033203, 3.5214004516601562, -0.12633943557739258, -0.5531775951385498, -0.3943762183189392, -0.365733802318573]","[-0.9168504476547241, 0.6619238257408142]",[],0.1,False,
8,5,11,"[-0.019878875464200974, 0.09616458415985107, -1.2188282012939453, 2.9787421226501465, 0.6397089958190918, 0.7241702079772949, -0.2551925480365753, 1.1524317264556885]","[-0.8372562527656555, -0.033434078097343445]",[],0.1,False,
8,6,0,"[0.13167037069797516, -0.003099815919995308, -1.4528236389160156, 2.7043449878692627, -1.292999505996704, -0.623350977897644, -0.16676853597164154, 0.30704301595687866]","[-0.04992954060435295, -0.6676161289215088]",[],0.1,False,
8,6,1,"[0.0716511458158493, 0.03649906441569328, -0.1563262939453125, 3.0531766414642334, -0.5429830551147461, 0.3235602378845215, 0.04845905303955078, -0.021472934633493423]","[-0.5438498258590698, -0.9626179337501526]",[],0.1,False,
8,6,2,"[0.04075318202376366, 0.07179459184408188, -1.1830768585205078, 2.812994956970215, 0.9169726371765137, -0.5958138108253479, -0.4401516914367676, 0.057896532118320465]","[0.09227731078863144, -0.8796723484992981]",[],0.1,False,
8,6,3,"[0.06548228114843369, -0.14330792427062988, -1.3693561553955078, 3.182258129119873, 0.6845498085021973, 0.06581123173236847, -0.18373887240886688, -0.6394842863082886]","[0.857175350189209, 0.33209413290023804]",[],0.1,False,
8,6,4,"[-0.21986615657806396, -0.07344429939985275, 1.224684238433838, 2.74652099609375, -0.16038131713867188, 1.5728213787078857, -1.0732753276824951, -0.6126697063446045]","[0.4647473692893982, -0.8376019597053528]",[],0.1,False,
8,6,5,"[0.04507153108716011, -0.14097067713737488, -1.5620149374008179, 3.284815788269043, 1.024543285369873, -0.42285653948783875, -0.08825822174549103, -0.16651016473770142]","[-0.473795086145401, -0.6537714600563049]",[],0.1,False,
8,6,6,"[0.16298867762088776, -0.11876348406076431, 1.2955255508422852, 3.3636131286621094, -1.3276231288909912, 0.11044943332672119, -0.2524094581604004, -1.1502145528793335]","[-0.07451461255550385, -0.5690999031066895]",[],0.1,False,
8,6,7,"[-0.06455494463443756, 0.1481136530637741, 0.2312203198671341, 2.8794665336608887, 0.8274288177490234, 1.1228917837142944, -1.5966284275054932, 0.7296266555786133]","[0.139685720205307, -0.6320897340774536]",[],0.1,False,
8,6,8,"[0.07649222016334534, 0.1956096738576889, -0.040581703186035156, 3.344682216644287, -0.039109230041503906, -0.18404076993465424, -1.7128381729125977, 1.3848013877868652]","[-0.7723742723464966, 0.3911629915237427]",[],0.1,False,
8,6,9,"[-0.17900580167770386, 0.03666644170880318, -0.057242441922426224, 3.2465505599975586, -0.07462024688720703, 1.9504122734069824, -1.4479789733886719, -0.8950278162956238]","[0.9986086487770081, 0.6524151563644409]",[],0.1,False,
8,6,10,"[0.13349319994449615, -0.10433375835418701, 0.1152801513671875, 3.423102855682373, -0.16291284561157227, -0.5531775951385498, -1.375375747680664, -0.365733802318573]","[0.5215102434158325, -0.14042623341083527]",[],0.1,False,
8,6,11,"[-0.09243042767047882, 0.0921798124909401, -1.1147022247314453, 3.160083293914795, 0.8001241683959961, 0.7805565595626831, -0.3796061873435974, 1.232163429260254]","[0.4524684250354767, -0.9833285212516785]",[],0.1,False,
8,7,0,"[0.1272292584180832, -0.060828909277915955, -1.5151557922363281, 2.6288082599639893, -1.2622947692871094, -0.623350977897644, -1.1477680206298828, 0.30704301595687866]","[-0.6906350255012512, 0.42225295305252075]",[],0.1,False,
8,7,1,"[0.0239024106413126, -0.0472051203250885, -0.12396812438964844, 2.9991626739501953, -0.5451312065124512, 0.3235602378845215, -0.9325405359268188, -0.021472934633493423]","[-0.4724107086658478, 0.459016352891922]",[],0.1,False,
8,7,2,"[0.048705972731113434, -0.004835082683712244, -1.2580451965332031, 2.8946800231933594, 0.9337234497070312, -0.6994938850402832, -0.06697539985179901, 0.1389256715774536]","[-0.5156809687614441, 0.03217952698469162]",[],0.1,False,
8,7,3,"[0.13959302008152008, -0.11587591469287872, -1.3627758026123047, 3.1050243377685547, 0.6206011772155762, 0.06581123173236847, -1.164738416671753, -0.6394842863082886]","[-0.4655885398387909, -0.6284334063529968]",[],0.1,False,
8,7,4,"[-0.1817333698272705, -0.14545287191867828, 1.4266624450683594, 2.711611747741699, -0.24626779556274414, 1.8388274908065796, -0.9710151553153992, -0.7539400458335876]","[-0.09562399983406067, 0.7063175439834595]",[],0.1,False,
8,7,5,"[0.004182911477982998, -0.19712330400943756, -1.6154072284698486, 3.590926170349121, 0.8802804946899414, -0.3988457918167114, -0.14548684656620026, -0.3408413827419281]","[-0.5636451840400696, 0.5167352557182312]",[],0.1,False,
8,7,6,"[0.15646597743034363, -0.16725492477416992, 1.3046064376831055, 3.2896108627319336, -1.4504592418670654, 0.09084106981754303, -1.1324429512023926, -1.228440284729004]","[0.8004629015922546, -0.008954854682087898]",[],0.1,False,
8,7,7,"[-0.052895158529281616, 0.09336567670106888, 0.36585038900375366, 2.850794792175293, 0.939702033996582, 1.3681552410125732, -0.367214173078537, 1.161941409111023]","[-0.833318829536438, -0.16090616583824158]",[],0.1,False,
8,7,8,"[0.01035451889038086, 0.2284381240606308, -0.06772899627685547, 3.269195079803467, 0.15242815017700195, -0.2824521064758301, -0.9517511129379272, 1.9065650701522827]","[0.0022856825962662697, -0.3932039737701416]",[],0.1,False,
8,7,9,"[-0.0911482647061348, 0.09041865170001984, 0.14997370541095734, 3.1066510677337646, -0.1561412811279297, 2.2956864833831787, -0.5643771886825562, -0.6519793272018433]","[-0.7664278745651245, -0.5303996205329895]",[],0.1,False,
8,7,10,"[0.1780862659215927, -0.11666329205036163, 0.04947853088378906, 3.2649717330932617, -0.20647478103637695, -1.0291743278503418, -0.5651552677154541, -0.6832013726234436]","[0.1872541457414627, -0.5349615812301636]",[],0.1,False,
8,7,11,"[-0.05142301321029663, 0.007498364895582199, -1.0304946899414062, 3.1106929779052734, 0.928400993347168, 0.924416720867157, -0.11268532276153564, 1.3255287408828735]","[0.9167422652244568, 0.5168952941894531]",[],0.1,False,
8,8,0,"[0.06754110753536224, -0.02381732314825058, -1.6214256286621094, 2.738643169403076, -1.2526185512542725, -0.8834362030029297, -0.11282661557197571, 0.14796370267868042]","[-0.06877543032169342, 0.09664236754179001]",[],0.1,False,
8,8,1,"[-0.01702280528843403, -0.006892806384712458, -0.09031295776367188, 2.995079517364502, -0.5510306358337402, 0.3332042992115021, -0.01226094365119934, -0.0647999718785286]","[0.06861968338489532, 0.9998271465301514]",[],0.1,False,
8,8,2,"[0.003732582088559866, -0.0018916376866400242, -1.3347549438476562, 2.9884109497070312, 0.9459395408630371, -0.7324612140655518, -0.00500120222568512, 0.1208593100309372]","[0.11403027176856995, 0.1565224677324295]",[],0.1,False,
8,8,3,"[0.09885358810424805, -0.16922776401042938, -1.3953604698181152, 3.1367506980895996, 0.5009641647338867, -0.202800914645195, -0.3913242816925049, -0.9629372358322144]","[-0.5006445646286011, 0.4348843991756439]",[],0.1,False,
8,8,4,"[-0.1888769418001175, -0.08520618826150894, 1.6150994300842285, 2.5684432983398438, -0.3231964111328125, 2.038749933242798, -1.3872745037078857, -0.8303601145744324]","[-0.6595156788825989, -0.007002682890743017]",[],0.1,False,
8,8,5,"[-0.04368017613887787, -0.15224459767341614, -1.6572272777557373, 3.5778989791870117, 0.8287949562072754, -0.40049853920936584, -0.1470542848110199, -0.5883762836456299]","[-0.5169243812561035, -0.41063806414604187]",[],0.1,False,
8,8,6,"[0.22401949763298035, -0.16814112663269043, 1.2345914840698242, 3.4666881561279297, -1.6788370609283447, -0.18635419011116028, -0.5303291082382202, -1.6046452522277832]","[-0.0854325070977211, 0.4781418442726135]",[],0.1,False,
8,8,7,"[-0.12505464255809784, 0.07964235544204712, 0.5136457681655884, 2.82733154296875, 1.0661444664001465, 1.4613138437271118, -0.5839261412620544, 1.2500364780426025]","[0.8751319646835327, -0.3179265260696411]",[],0.1,False,
8,8,8,"[0.011062465608119965, 0.19491274654865265, -0.09597206115722656, 3.1151599884033203, 0.34308433532714844, -0.2824521064758301, -1.9327505826950073, 1.9065650701522827]","[0.5106604099273682, -0.02139205113053322]",[],0.1,False,
8,8,9,"[-0.15867343544960022, 0.04677238315343857, 0.39255228638648987, 3.0653984546661377, -0.2111520767211914, 2.4099514484405518, -0.7335326671600342, -0.5483235120773315]","[0.4206116497516632, 0.09083377569913864]",[],0.1,False,
8,8,10,"[0.1935877501964569, -0.16217821836471558, -0.09702491760253906, 3.278576374053955, -0.30899715423583984, -1.1912181377410889, -0.8024826049804688, -0.8118236064910889]","[-0.8940331935882568, -0.5006858110427856]",[],0.1,False,
8,8,11,"[0.027568819001317024, 0.05422694608569145, -0.9380550384521484, 3.04056453704834, 1.0609545707702637, 0.924416720867157, -1.0936849117279053, 1.3255287408828735]","[-0.3232576847076416, 0.23193244636058807]",[],0.1,False,
8,9,0,"[0.061596181243658066, -0.015371989458799362, -1.7230606079101562, 2.77016019821167, -1.2409820556640625, -0.9943172335624695, -0.11921341717243195, 0.1227743849158287]","[-0.04952956736087799, 0.4767981171607971]",[],0.1,False,
8,9,1,"[-0.010338028892874718, 0.08021426200866699, -0.054729461669921875, 3.1203885078430176, -0.5419402122497559, 0.3180519938468933, -0.005446836352348328, -0.004599032923579216]","[0.8936407566070557, 0.3702014088630676]",[],0.1,False,
8,9,2,"[0.013724389486014843, 0.011736363172531128, -1.4087696075439453, 2.943296432495117, 0.9583649635314941, -0.7492080926895142, -0.5343679189682007, 0.1299486756324768]","[-0.7290205359458923, -0.7391058802604675]",[],0.1,False,
8,9,3,"[0.056691866368055344, -0.1308557242155075, -1.4200830459594727, 3.077983856201172, 0.3916921615600586, -0.279956579208374, -0.5115534067153931, -1.1920878887176514]","[0.22986772656440735, -0.0803295150399208]",[],0.1,False,
8,9,4,"[-0.24483734369277954, -0.08438250422477722, 1.8223729133605957, 2.3922109603881836, -0.40897417068481445, 2.1344125270843506, -1.899718999862671, -0.890220582485199]","[-0.6835545301437378, 0.4859675168991089]",[],0.1,False,
8,9,5,"[-0.08871536701917648, -0.1866452544927597, -1.6437351703643799, 3.8471899032592773, 0.6578927040100098, -0.27784937620162964, -0.2305746078491211, -0.7224487066268921]","[0.5118395090103149, 0.19050735235214233]",[],0.1,False,
8,9,6,"[0.21651209890842438, -0.12796202301979065, 1.2165117263793945, 3.4585485458374023, -1.8693230152130127, -0.1857447326183319, -0.4950777292251587, -1.8547732830047607]","[0.690455436706543, 0.42430365085601807]",[],0.1,False,
8,9,7,"[-0.049198251217603683, 0.05202030390501022, 0.6768783330917358, 2.8330540657043457, 1.2043647766113281, 1.6089732646942139, -0.30208563804626465, 1.3600536584854126]","[0.4929342269897461, -0.7273566126823425]",[],0.1,False,
8,9,8,"[0.05476235970854759, 0.19354623556137085, -0.12924575805664062, 3.009669065475464, 0.578251838684082, -0.35371384024620056, -1.054553508758545, 2.4539618492126465]","[0.39383044838905334, 0.7643941044807434]",[],0.1,False,
8,9,9,"[-0.12217997759580612, 0.05363812670111656, 0.644365668296814, 2.9822440147399902, -0.26299381256103516, 2.631265163421631, -0.667608916759491, -0.46973150968551636]","[-0.7819235324859619, 0.3805663585662842]",[],0.1,False,
8,9,10,"[0.11679526418447495, -0.20293547213077545, -0.2169055938720703, 3.145113468170166, -0.3907198905944824, -1.2289321422576904, -1.5008878707885742, -0.8382248282432556]","[0.48928195238113403, -0.10955467075109482]",[],0.1,False,
8,9,11,"[-0.0009983417112380266, 0.073836550116539, -0.8456153869628906, 2.872335910797119, 1.1935081481933594, 0.924416720867157, -2.0746843814849854, 1.3255287408828735]","[0.3098205327987671, 0.045608408749103546]",[],0.1,False,
8,10,0,"[0.05743428319692612, 0.02617693692445755, -1.8379020690917969, 2.8694615364074707, -1.2263514995574951, -1.035045862197876, -0.12661325931549072, 0.13116787374019623]","[0.9016058444976807, 0.7120060920715332]",[],0.1,False,
8,10,1,"[0.06765216588973999, 0.11141698062419891, -0.03313922882080078, 3.211743116378784, -0.5173735618591309, 0.25796645879745483, 0.01203201711177826, 0.10883324593305588]","[-0.660123348236084, -0.2662804424762726]",[],0.1,False,
8,10,2,"[-0.05003134533762932, -0.05253086984157562, -1.4619560241699219, 3.2611398696899414, 0.9493989944458008, -0.6822704672813416, 0.07593350112438202, 0.06581101566553116]","[0.5879018902778625, 0.4179232716560364]",[],0.1,False,
8,10,3,"[0.07636264711618423, -0.1382395178079605, -1.4520587921142578, 3.014260768890381, 0.2643880844116211, -0.35487455129623413, -0.6742300391197205, -1.3401352167129517]","[-0.8550214767456055, 0.6020777225494385]",[],0.1,False,
8,10,4,"[-0.25492212176322937, -0.043172262609004974, 2.0778369903564453, 2.2358875274658203, -0.5072417259216309, 2.682199478149414, -1.6077015399932861, -1.0043467283248901]","[0.24574896693229675, -0.1602577120065689]",[],0.1,False,
8,10,5,"[-0.0446292944252491, -0.17106911540031433, -1.6715198755264282, 3.7652721405029297, 0.5856471061706543, -0.27784937620162964, -1.2115741968154907, -0.7224487066268921]","[0.8485113978385925, -0.9326062202453613]",[],0.1,False,
8,10,6,"[0.25064748525619507, -0.09172292053699493, 1.2363128662109375, 3.485030174255371, -2.078195333480835, 0.10872840881347656, -0.4558011293411255, -1.9645211696624756]","[0.867663562297821, -0.15900057554244995]",[],0.1,False,
8,10,7,"[-0.006330038886517286, -0.011481102555990219, 0.8468642830848694, 3.009596347808838, 1.344686508178711, 1.6195082664489746, 0.010457634925842285, 1.351465106010437]","[-0.34275391697883606, -0.7194046378135681]",[],0.1,False,
8,10,8,"[0.08792714029550552, 0.25846195220947266, -0.18289566040039062, 2.9709980487823486, 0.8739738464355469, -0.40154778957366943, -1.535766363143921, 2.4897379875183105]","[0.0340520516037941, -0.5734239816665649]",[],0.1,False,
8,10,9,"[-0.18845385313034058, 0.08820892125368118, 0.9343816637992859, 2.9666569232940674, -0.2933692932128906, 2.695988416671753, -0.9942782521247864, -0.3903471827507019]","[-0.07708991318941116, -0.531978189945221]",[],0.1,False,
8,10,10,"[0.15786468982696533, -0.2134028524160385, -0.3763713836669922, 3.096592426300049, -0.5385327339172363, -1.4779376983642578, -1.1390786170959473, -1.2989239692687988]","[0.696326732635498, 0.9735836982727051]",[],0.1,False,
8,10,11,"[0.02587106078863144, 0.07836168259382248, -0.7555408477783203, 2.792692184448242, 1.3456287384033203, 0.9082509279251099, -0.7673894166946411, 1.5567800998687744]","[0.3770458996295929, -0.006251316051930189]",[],0.1,False,
8,11,0,"[0.1357097178697586, 0.0877000018954277, -1.946523666381836, 2.834536075592041, -1.207129716873169, -1.1266776323318481, -0.3646966516971588, 0.25348806381225586]","[0.6989870667457581, -0.8320956826210022]",[],0.1,False,
8,11,1,"[0.010137909092009068, 0.08901083469390869, -0.007342338562011719, 3.1540863513946533, -0.5064897537231445, 0.25796645879745483, -0.9689675569534302, 0.10883324593305588]","[-0.22656720876693726, -0.39868757128715515]",[],0.1,False,
8,11,2,"[0.0012652724981307983, -0.01617545075714588, -1.530181884765625, 3.2098731994628906, 0.9559793472290039, -0.6822704672813416, -0.9050660133361816, 0.06581101566553116]","[-0.7986505627632141, -0.8066763281822205]",[],0.1,False,
8,11,3,"[0.0037340261042118073, -0.08419680595397949, -1.4958992004394531, 3.0499167442321777, 0.09903526306152344, -0.4121748208999634, -0.26936501264572144, -1.5747383832931519]","[-0.737127959728241, 0.22700108587741852]",[],0.1,False,
8,11,4,"[-0.2346813976764679, -0.057502757757902145, 2.3768858909606934, 2.0931148529052734, -0.6124153137207031, 2.969982862472534, -1.6563812494277954, -1.0419069528579712]","[0.35641053318977356, -0.4701927900314331]",[],0.1,False,
8,11,5,"[0.027491454035043716, -0.2509949803352356, -1.7002809047698975, 3.6127195358276367, 0.5020618438720703, -0.3264144957065582, -0.818666934967041, -1.2882349491119385]","[-0.22209686040878296, -0.0402909517288208]",[],0.1,False,
8,11,6,"[0.25097450613975525, -0.10508118569850922, 1.257232666015625, 3.4115772247314453, -2.2797014713287354, 0.30770406126976013, -0.8671954274177551, -2.0472357273101807]","[0.24109706282615662, -0.5909724831581116]",[],0.1,False,
8,11,7,"[-0.036288850009441376, -0.07413270324468613, 1.020555019378662, 3.176023006439209, 1.4615421295166016, 1.6649913787841797, 0.07088413834571838, 1.2904279232025146]","[0.7963528037071228, -0.9396576881408691]",[],0.1,False,
8,11,8,"[0.09083941578865051, 0.21003100275993347, -0.2264413833618164, 2.7888851165771484, 1.1358246803283691, -0.5127078890800476, -1.6483863592147827, 2.842249631881714]","[0.009196420200169086, -0.8998344540596008]",[],0.1,False,
8,11,9,"[-0.19615402817726135, 0.04294617474079132, 1.203980565071106, 2.8083691596984863, -0.33240318298339844, 2.695988416671753, -1.9752777814865112, -0.3903471827507019]","[-0.8841885924339294, -0.48831260204315186]",[],0.1,False,
8,11,10,"[0.21735462546348572, -0.13218273222446442, -0.5436477661132812, 2.9800939559936523, -0.6835212707519531, -1.727447509765625, -1.2737058401107788, -1.4984642267227173]","[-0.8523572683334351, 0.033510781824588776]",[],0.1,False,
8,11,11,"[0.058646220713853836, 0.07842248678207397, -0.6695728302001953, 2.738678455352783, 1.510913372039795, 0.8233489394187927, -0.4521377682685852, 1.707814335823059]","[0.8395789265632629, -0.7870897054672241]",[],0.1,False,
8,12,0,"[0.19512927532196045, 0.015880819410085678, -2.0591907501220703, 2.739206552505493, -1.1817810535430908, -1.1266776323318481, -1.345696210861206, 0.25348806381225586]","[-0.3542170524597168, -0.4452008605003357]",[],0.1,False,
8,12,1,"[-0.009876947849988937, 0.054486386477947235, 0.020090103149414062, 3.074538230895996, -0.4878044128417969, 0.28269869089126587, -0.6180918216705322, 0.2473846673965454]","[0.7079674005508423, 0.7541747689247131]",[],0.1,False,
8,12,2,"[-0.06839671730995178, -0.08629247546195984, -1.5660591125488281, 3.430530548095703, 0.918177604675293, -0.5785692930221558, 0.06725361943244934, -0.07684329897165298]","[-0.6216672658920288, 0.2538108825683594]",[],0.1,False,
8,12,3,"[-0.05970869958400726, -0.06244910508394241, -1.5194883346557617, 3.21360445022583, -0.08990907669067383, -0.3457818925380707, -0.1603270024061203, -1.6671690940856934]","[0.8547770977020264, -0.7370549440383911]",[],0.1,False,
8,12,4,"[-0.20561698079109192, -0.09832797199487686, 2.6991114616394043, 1.977522850036621, -0.7247166633605957, 3.004891872406006, -1.5703487396240234, -1.0481688976287842]","[0.15022297203540802, 0.07007431983947754]",[],0.1,False,
8,12,5,"[0.008733824826776981, -0.25098511576652527, -1.736018419265747, 3.5796356201171875, 0.3253026008605957, -0.3454131484031677, -0.896126389503479, -1.6005470752716064]","[0.31488460302352905, -0.47426921129226685]",[],0.1,False,
8,12,6,"[0.2517659366130829, -0.1545330435037613, 1.2880029678344727, 3.265997886657715, -2.4844255447387695, 0.30770406126976013, -1.84819495677948, -2.0472357273101807]","[-0.02794700674712658, 0.8886424899101257]",[],0.1,False,
8,12,7,"[0.03304492309689522, -0.1553707867860794, 1.1673498153686523, 3.678879737854004, 1.447329044342041, 1.4924523830413818, 0.41562554240226746, 0.9610920548439026]","[0.9034796357154846, -0.7422024011611938]",[],0.1,False,
8,12,8,"[0.0912003368139267, 0.13302059471607208, -0.2975339889526367, 2.7017507553100586, 1.457655429840088, -0.7022695541381836, -1.0125131607055664, 3.1879894733428955]","[-0.049111951142549515, -0.4257506728172302]",[],0.1,False,
8,12,9,"[-0.25678393244743347, 0.0025434212293475866, 1.4899669885635376, 2.609586238861084, -0.37013721466064453, 2.9485456943511963, -2.064669370651245, -0.3683008849620819]","[-0.7445775270462036, -0.04266182333230972]",[],0.1,False,
8,12,10,"[0.14488264918327332, -0.129168301820755, -0.7163915634155273, 2.793863296508789, -0.8333673477172852, -1.727447509765625, -2.2547054290771484, -1.4984642267227173]","[0.016242483630776405, 0.15793856978416443]",[],0.1,False,
8,12,11,"[0.13221779465675354, 0.011106270365417004, -0.6354331970214844, 2.884204864501953, 1.695115089416504, 0.5763555765151978, 0.11393332481384277, 1.7357683181762695]","[-0.3891655504703522, -0.6683582067489624]",[],0.1,False,
8,13,0,"[0.1639755517244339, -0.021769385784864426, -2.1718578338623047, 2.5457770824432373, -1.1564323902130127, -1.1266776323318481, -2.326695680618286, 0.25348806381225586]","[0.4314256012439728, -0.7312282919883728]",[],0.1,False,
8,13,1,"[0.05233326181769371, 0.119395412504673, 0.035778045654296875, 3.2034990787506104, -0.4243946075439453, 0.21636953949928284, -0.07556955516338348, 0.4076637625694275]","[-0.6321793794631958, 0.8952317237854004]",[],0.1,False,
8,13,2,"[-0.12212022393941879, -0.06409137696027756, -1.5815296173095703, 3.6218605041503906, 0.8756809234619141, -0.466373473405838, 0.09229700267314911, -0.19579607248306274]","[-0.22513651847839355, 0.05522649735212326]",[],0.1,False,
8,13,3,"[0.012592935934662819, -0.12868204712867737, -1.5540661811828613, 3.138711929321289, -0.2566256523132324, -0.3457818925380707, -1.1413265466690063, -1.6671690940856934]","[-0.626643717288971, -0.4715743660926819]",[],0.1,False,
8,13,4,"[-0.19269493222236633, -0.09266562759876251, 3.0226621627807617, 1.8731269836425781, -0.8410553932189941, 3.0454673767089844, -1.4814965724945068, -1.085266351699829]","[0.3632434606552124, 0.33275431394577026]",[],0.1,False,
8,13,5,"[0.03532538563013077, -0.25097110867500305, -1.7705599069595337, 3.4311628341674805, 0.16524744033813477, -0.3454131484031677, -1.877125859260559, -1.6005470752716064]","[0.8200944066047668, -0.8808896541595459]",[],0.1,False,
8,13,6,"[0.2480006366968155, -0.08006994426250458, 1.4073829650878906, 3.190389633178711, -2.7084712982177734, 0.7692301273345947, -1.6188461780548096, -2.1808078289031982]","[0.9433262348175049, -0.921565055847168]",[],0.1,False,
8,13,7,"[0.11112283170223236, -0.21788455545902252, 1.2929997444152832, 3.8900609016418457, 1.575294017791748, 1.5006400346755981, -0.534034252166748, 0.9727118015289307]","[0.6998732089996338, -0.5926465392112732]",[],0.1,False,
8,13,8,"[0.0865764170885086, 0.09630601853132248, -0.38629722595214844, 2.6796460151672363, 1.7938289642333984, -0.8077725768089294, -0.7745031118392944, 3.2181785106658936]","[0.4437740445137024, 0.8956489562988281]",[],0.1,False,
8,13,9,"[-0.25680938363075256, -0.0010547017445787787, 1.8068116903305054, 2.423417091369629, -0.40538740158081055, 3.2025582790374756, -1.8658733367919922, -0.34146350622177124]","[-0.2250649780035019, 0.22138167917728424]",[],0.1,False,
8,13,10,"[0.1463514268398285, -0.1156461089849472, -0.9315814971923828, 2.6864123344421387, -1.0204203128814697, -2.2125234603881836, -1.1529661417007446, -1.919946551322937]","[0.8658735752105713, -0.7096664309501648]",[],0.1,False,
8,13,11,"[0.09864936023950577, -0.04694546386599541, -0.6353187561035156, 3.1113386154174805, 1.857254981994629, 0.4094499349594116, 0.2449304163455963, 1.698938250541687]","[-0.3369034230709076, 0.32844188809394836]",[],0.1,False,
8,14,4,"[-0.1863657832145691, -0.08712998777627945, 3.0226621627807617, 1.8731269836425781, -0.8410553932189941, 3.0454673767089844, -1.4814965724945068, -1.085266351699829]",,,-1.0,True,
9,0,0,"[-0.011448808945715427, -0.04710995405912399, 0.954071044921875, 3.9960761070251465, 0.8556094169616699, 0.0, -0.1961999237537384, 0.0]","[-0.6728811860084534, 0.7308027744293213]",[],0.1,False,
9,0,1,"[0.06034063920378685, -0.07391525059938431, 0.455810546875, 3.9960761070251465, 1.3441801071166992, 0.0, -0.1961999237537384, 0.0]","[0.41618579626083374, 0.8760197162628174]",[],0.1,False,
9,0,2,"[-0.015780143439769745, 0.07052750885486603, 0.9030265808105469, 3.9960756301879883, 0.19415760040283203, 0.0, -0.1961999237537384, 0.0]","[-0.8823437690734863, 0.41859790682792664]",[],0.1,False,
9,0,3,"[-0.022459672763943672, 0.05329402908682823, -0.6567211151123047, 3.9960761070251465, -1.1611027717590332, 0.0, -0.1961999237537384, 0.0]","[-0.1403084248304367, 0.2350701093673706]",[],0.1,False,
9,0,4,"[-0.0013511772267520428, -0.0321580246090889, 0.18321990966796875, 3.9960756301879883, -0.6252155303955078, 0.0, -0.1961999237537384, 0.0]","[-0.4833144247531891, -0.26679831743240356]",[],0.1,False,
9,0,5,"[0.06053226441144943, -0.04516506940126419, -0.22354340553283691, 3.9960756301879883, 0.14806604385375977, 0.0, -0.1961999237537384, 0.0]","[0.36862993240356445, -0.8969941735267639]",[],0.1,False,
9,0,6,"[-0.031727422028779984, 0.06801676750183105, 0.8598861694335938, 3.9960756301879883, -0.6663141250610352, 0.0, -0.1961999237537384, 0.0]","[0.8832964897155762, -0.5018243193626404]",[],0.1,False,
9,0,7,"[0.0199479591101408, -0.02088470198214054, -0.23423290252685547, 3.9960761070251465, -0.5121469497680664, 0.0, -0.1961999237537384, 0.0]","[0.03999355807900429, -0.8697347044944763]",[],0.1,False,
9,0,8,"[0.06455506384372711, -0.017097579315304756, -1.1665687561035156, 3.9960761070251465, -0.7753968238830566, 0.0, -0.1961999237537384, 0.0]","[-0.35289281606674194, 0.0919843465089798]",[],0.1,False,
9,0,9,"[0.011511680670082569, 0.017297500744462013, -0.6880784034729004, 3.9960761070251465, 0.3826909065246582, 0.0, -0.1961999237537384, 0.0]","[0.42033758759498596, -0.4048328101634979]",[],0.1,False,
9,0,10,"[0.08006048202514648, 0.021956169977784157, 0.9538497924804688, 3.9960761070251465, -0.6319937705993652, 0.0, -0.1961999237537384, 0.0]","[-0.4097544252872467, -0.1778430938720703]",[],0.1,False,
9,0,11,"[0.04305422306060791, 0.008391088806092739, -0.9376735687255859, 3.9960761070251465, -1.1004209518432617, 0.0, -0.1961999237537384, 0.0]","[-0.20121581852436066, 0.8020599484443665]",[],0.1,False,
9,1,0,"[-0.06991040706634521, 0.016707178205251694, 0.954071044921875, 3.9175961017608643, 0.8556094169616699, 0.0, -1.1771994829177856, 0.0]","[-0.048538148403167725, -0.6005628108978271]",[],0.1,False,
9,1,1,"[0.0958486869931221, 0.002483838004991412, 0.455810546875, 3.9175961017608643, 1.3441801071166992, 0.0, -1.1771994829177856, 0.0]","[0.9130558371543884, -0.6247342824935913]",[],0.1,False,
9,1,2,"[-0.09250662475824356, 0.10656379163265228, 0.9030265808105469, 3.917595863342285, 0.19415760040283203, 0.0, -1.1771994829177856, 0.0]","[-0.9543923735618591, 0.7184789180755615]",[],0.1,False,
9,1,3,"[-0.0347028411924839, 0.07374031096696854, -0.6567211151123047, 3.9175963401794434, -1.1611027717590332, 0.0, -1.1771994829177856, 0.0]","[-0.49070993065834045, 0.9810275435447693]",[],0.1,False,
9,1,4,"[-0.043495453894138336, -0.05537964776158333, 0.18321990966796875, 3.917595863342285, -0.6252155303955078, 0.0, -1.1771994829177856, 0.0]","[0.758859395980835, -0.4107198715209961]",[],0.1,False,
9,1,5,"[0.09258905053138733, -0.12284441292285919, -0.22354340553283691, 3.917595863342285, 0.14806604385375977, 0.0, -1.1771994829177856, 0.0]","[0.5039406418800354, -0.44108715653419495]",[],0.1,False,
9,1,6,"[0.045207731425762177, 0.024286597967147827, 0.8598861694335938, 3.917595863342285, -0.6663141250610352, 0.0, -1.1771994829177856, 0.0]","[0.7980411052703857, -0.2408113032579422]",[],0.1,False,
9,1,7,"[0.02340797521173954, -0.09661582857370377, -0.23423290252685547, 3.9175963401794434, -0.5121469497680664, 0.0, -1.1771994829177856, 0.0]","[-0.6793593168258667, 0.3010382354259491]",[],0.1,False,
9,1,8,"[0.03379262983798981, -0.009112082421779633, -1.1665687561035156, 3.9175961017608643, -0.7753968238830566, 0.0, -1.1771994829177856, 0.0]","[0.3152164816856384, 0.8683626055717468]",[],0.1,False,
9,1,9,"[0.04814242571592331, -0.01803389936685562, -0.6880784034729004, 3.9175961017608643, 0.3826909065246582, 0.0, -1.1771994829177856, 0.0]","[0.3150659501552582, -0.11880616098642349]",[],0.1,False,
9,1,10,"[0.044349443167448044, 0.006531871389597654, 0.9538497924804688, 3.9175963401794434, -0.6319937705993652, 0.0, -1.1771994829177856, 0.0]","[0.11880219727754593, -0.7285624742507935]",[],0.1,False,
9,1,11,"[0.025439435616135597, 0.07825084775686264, -0.9376735687255859, 3.9175963401794434, -1.1004209518432617, 0.0, -1.1771994829177856, 0.0]","[-0.9267318844795227, 0.3801387548446655]",[],0.1,False,
9,2,0,"[-0.07428585737943649, -0.03554131090641022, 0.954071044921875, 3.741016387939453, 0.8556094169616699, 0.0, -2.1581990718841553, 0.0]","[0.5932437181472778, 0.22416456043720245]",[],0.1,False,
9,2,1,"[0.17524971067905426, -0.05063991993665695, 0.455810546875, 3.741016387939453, 1.3441801071166992, 0.0, -2.1581990718841553, 0.0]","[-0.6072324514389038, 0.06013534963130951]",[],0.1,False,
9,2,2,"[-0.17475181818008423, 0.16739250719547272, 0.9030265808105469, 3.741016387939453, 0.19415760040283203, 0.0, -2.1581990718841553, 0.0]","[0.100901298224926, -0.23660396039485931]",[],0.1,False,
9,2,3,"[-0.07732326537370682, 0.15851375460624695, -0.6567211151123047, 3.741016387939453, -1.1611027717590332, 0.0, -2.1581990718841553, 0.0]","[-0.6748260259628296, -0.4243397116661072]",[],0.1,False,
9,2,4,"[0.02260727249085903, -0.09103817492723465, 0.18321990966796875, 3.741016387939453, -0.6252155303955078, 0.0, -2.1581990718841553, 0.0]","[-0.3192395269870758, -0.2873367965221405]",[],0.1,False,
9,2,5,"[0.13586007058620453, -0.16066107153892517, -0.22354340553283691, 3.741016387939453, 0.14806604385375977, 0.0, -2.1581990718841553, 0.0]","[-0.22227202355861664, 0.22668948769569397]",[],0.1,False,
9,2,6,"[0.11452009528875351, 0.0031041097827255726, 0.8598861694335938, 3.741016387939453, -0.6663141250610352, 0.0, -2.1581990718841553, 0.0]","[0.11350841820240021, -0.7353449463844299]",[],0.1,False,
9,2,7,"[-0.03553268685936928, -0.07022063434123993, -0.23423290252685547, 3.741016387939453, -0.5121469497680664, 0.0, -2.1581990718841553, 0.0]","[-0.35105100274086, -0.33173325657844543]",[],0.1,False,
9,2,8,"[0.06105903536081314, 0.06658215820789337, -1.1665687561035156, 3.741016387939453, -0.7753968238830566, 0.0, -2.1581990718841553, 0.0]","[-0.9782136678695679, -0.5138495564460754]",[],0.1,False,
9,2,9,"[0.07556169480085373, -0.028417015448212624, -0.6880784034729004, 3.741016387939453, 0.3826909065246582, 0.0, -2.1581990718841553, 0.0]","[-0.8529425859451294, 0.25721096992492676]",[],0.1,False,
9,2,10,"[0.0544716939330101, -0.056968726217746735, 0.9538497924804688, 3.741016387939453, -0.6319937705993652, 0.0, -2.1581990718841553, 0.0]","[-0.9732535481452942, -0.5138990879058838]",[],0.1,False,
9,2,11,"[-0.055278338491916656, 0.1107754036784172, -0.9376735687255859, 3.741016387939453, -1.1004209518432617, 0.0, -2.1581990718841553, 0.0]","[-0.7177774310112, -0.6345637440681458]",[],0.1,False,
9,3,0,"[-0.02259194292128086, -0.016038451343774796, 0.954071044921875, 3.466336488723755, 0.8556094169616699, 0.0, -3.1391985416412354, 0.0]","[-0.6017441749572754, -0.8763353824615479]",[],0.1,False,
9,3,1,"[0.1228967159986496, -0.04571760818362236, 0.455810546875, 3.466336488723755, 1.3441801071166992, 0.0, -3.1391985416412354, 0.0]","[0.6854134798049927, -0.11885780096054077]",[],0.1,False,
9,3,2,"[-0.16601857542991638, 0.1473776400089264, 0.9030265808105469, 3.466336250305176, 0.19415760040283203, 0.0, -3.1391985416412354, 0.0]","[0.39948028326034546, 0.6044116616249084]",[],0.1,False,
9,3,3,"[-0.13495679199695587, 0.1216983050107956, -0.6274909973144531, 3.686917304992676, -1.1700677871704102, 0.41242358088493347, -0.10335575044155121, -0.06054908037185669]","[0.548902153968811, -0.056118808686733246]",[],0.1,False,
9,3,4,"[-0.005060939118266106, -0.11603494733572006, 0.18321990966796875, 3.466336250305176, -0.6252155303955078, 0.0, -3.1391985416412354, 0.0]","[-0.6140899658203125, -0.22510650753974915]",[],0.1,False,
9,3,5,"[0.11685086041688919, -0.14126072824001312, -0.22354340553283691, 3.466336250305176, 0.14806604385375977, 0.0, -3.1391985416412354, 0.0]","[-0.9440476894378662, -0.4509730935096741]",[],0.1,False,
9,3,6,"[0.12377206236124039, -0.060642827302217484, 0.8598861694335938, 3.466336250305176, -0.6663141250610352, 0.0, -3.1391985416412354, 0.0]","[0.0978008508682251, -0.8744122982025146]",[],0.1,False,
9,3,7,"[-0.0662316158413887, -0.09880319237709045, -0.23423290252685547, 3.466336727142334, -0.5121469497680664, 0.0, -3.1391985416412354, 0.0]","[0.36660873889923096, -0.01798236556351185]",[],0.1,False,
9,3,8,"[-0.023863911628723145, 0.0212780199944973, -1.1665687561035156, 3.466336488723755, -0.7753968238830566, 0.0, -3.1391985416412354, 0.0]","[-0.005208634305745363, -0.8705695271492004]",[],0.1,False,
9,3,9,"[0.0012628543190658092, -0.005841486155986786, -0.6880784034729004, 3.466336488723755, 0.3826909065246582, 0.0, -3.1391985416412354, 0.0]","[-0.8441993594169617, -0.2199624925851822]",[],0.1,False,
9,3,10,"[-0.030586855486035347, -0.10094641894102097, 0.9538497924804688, 3.466336727142334, -0.6319937705993652, 0.0, -3.1391985416412354, 0.0]","[0.5405948758125305, -0.5623126029968262]",[],0.1,False,
9,3,11,"[-0.11657952517271042, 0.05497221276164055, -0.9376735687255859, 3.466336727142334, -1.1004209518432617, 0.0, -3.1391985416412354, 0.0]","[0.7494763731956482, 0.031644731760025024]",[],0.1,False,
9,4,0,"[-0.0749509334564209, -0.09226328134536743, 0.954071044921875, 3.0935568809509277, 0.8556094169616699, 0.0, -4.1201982498168945, 0.0]","[-0.5687656402587891, 0.6298413276672363]",[],0.1,False,
9,4,1,"[0.1819790154695511, -0.05564645677804947, 0.3610420227050781, 3.514899253845215, 1.3227567672729492, -0.6502137184143066, -0.2633563280105591, -0.10779890418052673]","[0.2749710977077484, 0.5800014138221741]",[],0.1,False,
9,4,2,"[-0.13216771185398102, 0.19886662065982819, 0.9030265808105469, 3.0935564041137695, 0.19415760040283203, 0.0, -4.1201982498168945, 0.0]","[-0.48515909910202026, -0.5689652562141418]",[],0.1,False,
9,4,3,"[-0.08765976876020432, 0.11737967282533646, -0.5862493515014648, 3.6177220344543457, -1.1761224269866943, 0.41242358088493347, -1.084355354309082, -0.06054908037185669]","[0.4216887354850769, -0.01372614037245512]",[],0.1,False,
9,4,4,"[-0.05826282501220703, -0.13537783920764923, 0.18321990966796875, 3.0935564041137695, -0.6252155303955078, 0.0, -4.1201982498168945, 0.0]","[0.5421276092529297, -0.8929991126060486]",[],0.1,False,
9,4,5,"[0.03539751470088959, -0.17937427759170532, -0.23828664422035217, 3.2303218841552734, 0.09164237976074219, -0.3741336464881897, -0.5685274600982666, -1.4319629669189453]","[0.8504126667976379, 0.30671486258506775]",[],0.1,False,
9,4,6,"[0.13088449835777283, -0.1360548883676529, 0.8418598175048828, 3.244112014770508, -0.721341609954834, -0.407230406999588, -0.4996967911720276, -1.3261034488677979]","[0.5824767351150513, 0.0010444028303027153]",[],0.1,False,
9,4,7,"[-0.03444903716444969, -0.10054866969585419, -0.23423290252685547, 3.0935568809509277, -0.5121469497680664, 0.0, -4.1201982498168945, 0.0]","[0.20995000004768372, 0.2711450159549713]",[],0.1,False,
9,4,8,"[-0.023645229637622833, -0.05464410409331322, -1.1665687561035156, 3.0935568809509277, -0.7753968238830566, 0.0, -4.1201982498168945, 0.0]","[0.6683858036994934, 0.68679279088974]",[],0.1,False,
9,4,9,"[-0.07238386571407318, -0.024830322712659836, -0.6880784034729004, 3.0935568809509277, 0.3826909065246582, 0.0, -4.1201982498168945, 0.0]","[-0.336103230714798, 0.05997293069958687]",[],0.1,False,
9,4,10,"[0.01583305187523365, -0.15002907812595367, 0.9538497924804688, 3.0935568809509277, -0.6319937705993652, 0.0, -4.1201982498168945, 0.0]","[0.258101224899292, -0.985988199710846]",[],0.1,False,
9,4,11,"[-0.0515829473733902, 0.05888950824737549, -0.9048500061035156, 3.308192729949951, -1.0497682094573975, 0.5420203804969788, -0.5744312405586243, 0.841813862323761]","[-0.08370388299226761, 0.21374617516994476]",[],0.1,False,
9,5,0,"[-0.12400111556053162, -0.037592317909002304, 0.9691276550292969, 2.988288402557373, 0.8154315948486328, 0.15645483136177063, -0.6876689195632935, -0.4794484078884125]","[-0.9124596118927002, 0.3562595844268799]",[],0.1,False,
9,5,1,"[0.20494689047336578, -0.005809542257338762, 0.2960205078125, 3.429703712463379, 1.3119778633117676, -0.6502137184143066, -1.2443559169769287, -0.10779890418052673]","[-0.10423009097576141, 0.3817620575428009]",[],0.1,False,
9,5,2,"[-0.17308585345745087, 0.15049026906490326, 0.9598598480224609, 2.908803939819336, 0.25758886337280273, 0.7057811617851257, -1.3940174579620361, 0.7979891300201416]","[0.7809838056564331, 0.48631638288497925]",[],0.1,False,
9,5,3,"[-0.051199037581682205, 0.11641550064086914, -0.5450077056884766, 3.4504265785217285, -1.1821770668029785, 0.41242358088493347, -2.065354824066162, -0.06054908037185669]","[0.8879280686378479, -0.9345585703849792]",[],0.1,False,
9,5,4,"[-0.011609403416514397, -0.212076336145401, 0.24983692169189453, 2.9503908157348633, -0.7375788688659668, 1.049789309501648, -0.6731025576591492, -1.4249200820922852]","[0.9649979472160339, -0.6468846797943115]",[],0.1,False,
9,5,5,"[0.10850986838340759, -0.15370658040046692, -0.2798581123352051, 3.1452255249023438, -0.05935811996459961, -0.5085930228233337, -0.667487382888794, -1.6641952991485596]","[0.7531793713569641, -0.09172385931015015]",[],0.1,False,
9,5,6,"[0.1806003898382187, -0.13689672946929932, 0.7379379272460938, 3.344456672668457, -0.9049391746520996, -0.5669574737548828, -0.6439409255981445, -1.3995249271392822]","[-0.49041399359703064, 0.30794352293014526]",[],0.1,False,
9,5,7,"[-0.016128532588481903, -0.07705321907997131, -0.1843717396259308, 2.961501121520996, -0.5292496681213379, 0.8104674220085144, -0.0596240758895874, -0.16750825941562653]","[-0.9279300570487976, 0.6391299962997437]",[],0.1,False,
9,5,8,"[0.03396591171622276, 0.005883932113647461, -1.1854982376098633, 2.936793565750122, -0.7236838340759277, -0.31077811121940613, -0.23552776873111725, 0.8837754726409912]","[-0.04079573601484299, 0.49783286452293396]",[],0.1,False,
9,5,9,"[-0.10157810151576996, -0.019531551748514175, -0.5127855539321899, 3.1821610927581787, 0.35486602783203125, 1.610456109046936, -0.34204721450805664, -0.23820443451404572]","[0.49557769298553467, -0.4637678265571594]",[],0.1,False,
9,5,10,"[0.03756553307175636, -0.23450502753257751, 0.8868904113769531, 3.0306692123413086, -0.8038182258605957, -0.7538408637046814, -0.9198482632637024, -1.67258620262146]","[-0.17665734887123108, -0.5504176616668701]",[],0.1,False,
9,5,11,"[-0.059151533991098404, 0.0773521363735199, -0.8403682708740234, 3.305020332336426, -0.9530959129333496, 0.6464124917984009, -0.22888436913490295, 0.9656447768211365]","[0.9829171895980835, -0.9808807373046875]",[],0.1,False,
9,6,0,"[-0.20213916897773743, -0.0060975574888288975, 0.9847774505615234, 2.860661506652832, 0.7674856185913086, 0.15645483136177063, -1.6686683893203735, -0.4794484078884125]","[0.284732848405838, -0.5554001331329346]",[],0.1,False,
9,6,1,"[0.19538447260856628, 0.026655081659555435, 0.23099899291992188, 3.246408224105835, 1.301198959350586, -0.6502137184143066, -2.225355386734009, -0.10779890418052673]","[0.9583860039710999, 0.8478186726570129]",[],0.1,False,
9,6,2,"[-0.10666286200284958, 0.19213609397411346, 1.0831928253173828, 2.9015941619873047, 0.3988642692565918, 1.1110605001449585, -0.7720316052436829, 1.2461906671524048]","[0.5623140931129456, 0.27107366919517517]",[],0.1,False,
9,6,3,"[0.025987040251493454, 0.035204820334911346, -0.5037660598754883, 3.1850314140319824, -1.1882317066192627, 0.41242358088493347, -3.046354293823242, -0.06054908037185669]","[0.5218497514724731, 0.005049610044807196]",[],0.1,False,
9,6,4,"[0.07081648707389832, -0.25477826595306396, 0.3372049331665039, 2.996516227722168, -0.9550848007202148, 0.947210967540741, -0.7595815658569336, -1.6269522905349731]","[0.2742747664451599, 0.305715948343277]",[],0.1,False,
9,6,5,"[0.17278705537319183, -0.16127580404281616, -0.36320003867149353, 3.1424875259399414, -0.25943470001220703, -0.6465083360671997, -0.8756899833679199, -1.800089716911316]","[-0.4776705205440521, -0.31283074617385864]",[],0.1,False,
9,6,6,"[0.13913945853710175, -0.10988663136959076, 0.6812419891357422, 3.221202850341797, -1.044891357421875, -0.5669574737548828, -1.6249403953552246, -1.3995249271392822]","[0.47009414434432983, 0.6202176809310913]",[],0.1,False,
9,6,7,"[-0.09640302509069443, -0.020941559225320816, -0.08631730824708939, 3.04671573638916, -0.5571427345275879, 0.8691748976707458, -0.17930033802986145, -0.2188243716955185]","[0.9210885167121887, -0.5014325976371765]",[],0.1,False,
9,6,8,"[0.029847590252757072, 0.0492374412715435, -1.2251462936401367, 3.0064597129821777, -0.6288256645202637, -0.3659183979034424, -0.11268813908100128, 0.9143453240394592]","[0.1357542872428894, -0.004408537410199642]",[],0.1,False,
9,6,9,"[-0.05855023115873337, -0.05991838499903679, -0.3476715385913849, 3.1244378089904785, 0.3289790153503418, 1.7111254930496216, -0.38712558150291443, -0.3022097647190094]","[0.9052292108535767, 0.3122763931751251]",[],0.1,False,
9,6,10,"[0.02253045327961445, -0.25302737951278687, 0.8084516525268555, 2.925020217895508, -0.9915690422058105, -0.7812355160713196, -1.4124091863632202, -1.842940330505371]","[0.6568061113357544, 0.9981813430786133]",[],0.1,False,
9,6,11,"[0.02761871926486492, -0.006954312324523926, -0.7757282257080078, 3.2232718467712402, -0.8565316200256348, 0.6464124917984009, -1.2098839282989502, 0.9656447768211365]","[0.03093595616519451, 0.9917458891868591]",[],0.1,False,
9,7,0,"[-0.17825834453105927, -0.053952667862176895, 1.0802326202392578, 2.89021897315979, 0.7064042091369629, 0.7907471656799316, -0.36237287521362305, -0.5745936632156372]","[0.3855818212032318, -0.7803460359573364]",[],0.1,False,
9,7,1,"[0.2582343816757202, 0.10003530234098434, 0.055912017822265625, 3.2613282203674316, 1.3169898986816406, -1.3355053663253784, -0.9736602306365967, 0.027572166174650192]","[0.5832428336143494, 0.5994770526885986]",[],0.1,False,
9,7,2,"[-0.058478280901908875, 0.21466070413589478, 1.215362548828125, 2.908879280090332, 0.5801000595092773, 1.2107412815093994, -0.8522922992706299, 1.519365668296814]","[0.786507248878479, 0.8209603428840637]",[],0.1,False,
9,7,3,"[0.07144181430339813, 0.03550978749990463, -0.4803915023803711, 3.0536580085754395, -1.1816720962524414, 0.10691580176353455, -0.05892793834209442, 0.15339934825897217]","[0.26640641689300537, -0.16642451286315918]",[],0.1,False,
9,7,4,"[0.09318937361240387, -0.22835102677345276, 0.4238452911376953, 2.9364585876464844, -1.150047779083252, 0.8592844605445862, -0.7920138239860535, -1.9772098064422607]","[0.12137703597545624, 0.9224269390106201]",[],0.1,False,
9,7,5,"[0.13227438926696777, -0.18796959519386292, -0.4390559494495392, 3.0423450469970703, -0.4537639617919922, -0.8213145732879639, -1.0660589933395386, -2.0260374546051025]","[0.9124770164489746, 0.2757055163383484]",[],0.1,False,
9,7,6,"[0.1799732893705368, -0.057135216891765594, 0.5480489730834961, 3.2771472930908203, -1.2244553565979004, -0.9592239260673523, -0.56474369764328, -1.6372020244598389]","[-0.9260885119438171, -0.2679980993270874]",[],0.1,False,
9,7,7,"[-0.016599368304014206, -0.06528802216053009, 0.0006001554429531097, 2.969925880432129, -0.5790247917175293, 0.8691748976707458, -1.1602998971939087, -0.2188243716955185]","[-0.991581916809082, 0.2834373414516449]",[],0.1,False,
9,7,8,"[0.041676267981529236, 0.04901149496436119, -1.2638702392578125, 2.9751346111297607, -0.5338606834411621, -0.4044792652130127, -0.3745526373386383, 0.9712590575218201]","[-0.15998506546020508, -0.2883983552455902]",[],0.1,False,
9,7,9,"[0.020227033644914627, -0.03248302638530731, -0.17655907571315765, 3.026865243911743, 0.29875707626342773, 1.7111254930496216, -1.368125081062317, -0.3022097647190094]","[-0.3270803987979889, -0.18465211987495422]",[],0.1,False,
9,7,10,"[0.07823093235492706, -0.16807590425014496, 0.712224006652832, 2.8951315879821777, -1.2408430576324463, -0.9082745909690857, -0.9688766598701477, -2.3103489875793457]","[-0.5158170461654663, 0.28633272647857666]",[],0.1,False,
9,7,11,"[0.02915576472878456, 0.07949995249509811, -0.7146358489990234, 3.11619234085083, -0.7504234313964844, 0.5602160096168518, -0.15933609008789062, 1.1823022365570068]","[0.7972328066825867, -0.6791565418243408]",[],0.1,False,
9,8,0,"[-0.14506982266902924, -0.12090446054935455, 1.2202587127685547, 3.006026268005371, 0.6122527122497559, 0.9321126937866211, -0.4544795751571655, -0.6602060198783875]","[-0.055407002568244934, -0.276406854391098]",[],0.1,False,
9,8,1,"[0.2559245526790619, 0.1501057744026184, -0.07764053344726562, 3.105102300643921, 1.3197460174560547, -1.3355053663253784, -1.9546597003936768, 0.027572166174650192]","[-0.9578599333763123, -0.9777133464813232]",[],0.1,False,
9,8,2,"[0.009147736243903637, 0.2546026408672333, 1.3403434753417969, 3.0109052658081055, 0.851475715637207, 1.2030729055404663, -0.9611448049545288, 1.789026141166687]","[-0.7253495454788208, 0.9157460331916809]",[],0.1,False,
9,8,3,"[0.0945294126868248, 0.020939139649271965, -0.47229576110839844, 3.0166544914245605, -1.16546630859375, 0.033548206090927124, -0.3580445647239685, 0.17579634487628937]","[-0.06229231879115105, -0.5952839851379395]",[],0.1,False,
9,8,4,"[0.10056960582733154, -0.14939919114112854, 0.4973726272583008, 2.8957691192626953, -1.3774983882904053, 0.7359427213668823, -0.5393229722976685, -2.3091728687286377]","[-0.7406143546104431, -0.25060126185417175]",[],0.1,False,
9,8,5,"[0.20922452211380005, -0.16422566771507263, -0.5536916255950928, 2.9777698516845703, -0.6862077713012695, -0.998663067817688, -1.2627019882202148, -2.1804940700531006]","[0.8998203277587891, -0.5670875906944275]",[],0.1,False,
9,8,6,"[0.0999646708369255, -0.07965222746133804, 0.45212841033935547, 3.1618127822875977, -1.3881750106811523, -0.9592239260673523, -1.5457432270050049, -1.6372020244598389]","[-0.4764253497123718, -0.939335823059082]",[],0.1,False,
9,8,7,"[-0.10257670283317566, -0.0398845374584198, 0.10740768909454346, 2.998302936553955, -0.617703914642334, 1.0124496221542358, -0.24131004512310028, -0.36533111333847046]","[0.2787206768989563, -0.8677961826324463]",[],0.1,False,
9,8,8,"[0.028061727061867714, 0.023696668446063995, -1.3082542419433594, 2.9562668800354004, -0.4319906234741211, -0.4641629457473755, -0.09669649600982666, 1.041071891784668]","[0.8584717512130737, 0.6186981201171875]",[],0.1,False,
9,8,9,"[-0.008229932747781277, -0.048696741461753845, -0.00841096043586731, 3.038912296295166, 0.2573981285095215, 1.6788285970687866, -0.06863360106945038, -0.42387041449546814]","[0.6448442339897156, 0.6535148024559021]",[],0.1,False,
9,8,10,"[0.03373232111334801, -0.1436930149793625, 0.6204261779785156, 2.7467751502990723, -1.4739429950714111, -0.9569568634033203, -1.58034086227417, -2.413551092147827]","[0.2196924090385437, -0.5313783288002014]",[],0.1,False,
9,8,11,"[0.09904736280441284, 0.021244069561362267, -0.6586170196533203, 3.0413990020751953, -0.6321940422058105, 0.5602160096168518, -1.1403356790542603, 1.1823022365570068]","[0.92978835105896, 0.0005874616326764226]",[],0.1,False,
9,9,0,"[-0.14958389103412628, -0.144586980342865, 1.3451309204101562, 3.01629376411438, 0.5166101455688477, 1.1079381704330444, -0.6120381355285645, -0.8331853151321411]","[0.716081440448761, 0.6235483884811401]",[],0.1,False,
9,9,1,"[0.17912955582141876, 0.06326741725206375, -0.23980331420898438, 2.9421865940093994, 1.3357696533203125, -1.982590675354004, -0.7887762188911438, 0.32887208461761475]","[0.2203793078660965, -0.3032226264476776]",[],0.1,False,
9,9,2,"[-0.051999274641275406, 0.256317138671875, 1.4606494903564453, 2.855931282043457, 1.0303778648376465, 1.2030729055404663, -1.9421442747116089, 1.789026141166687]","[-0.3114321231842041, -0.9657307267189026]",[],0.1,False,
9,9,3,"[0.08869937807321548, -0.030743831768631935, -0.46893882751464844, 2.921989917755127, -1.1478865146636963, 0.033548206090927124, -1.3390440940856934, 0.17579634487628937]","[0.03448978438973427, -0.3898445963859558]",[],0.1,False,
9,9,4,"[0.037728000432252884, -0.17322313785552979, 0.5709676742553711, 2.7829771041870117, -1.608415126800537, 0.7359427213668823, -1.5203224420547485, -2.3091728687286377]","[-0.254043310880661, -0.9699631333351135]",[],0.1,False,
9,9,5,"[0.2550995349884033, -0.21046723425388336, -0.714680016040802, 2.917339324951172, -0.9480371475219727, -1.0996514558792114, -1.8133394718170166, -2.2534878253936768]","[-0.5725154280662537, -0.7504585385322571]",[],0.1,False,
9,9,6,"[0.057338133454322815, -0.1600649058818817, 0.35620784759521484, 2.948378562927246, -1.5518946647644043, -0.9592239260673523, -2.526742696762085, -1.6372020244598389]","[0.11883673816919327, -0.49239853024482727]",[],0.1,False,
9,9,7,"[-0.07902130484580994, -0.11527852714061737, 0.21054989099502563, 2.9331626892089844, -0.6563277244567871, 1.092916488647461, -0.5271034240722656, -0.46578362584114075]","[0.06140347570180893, 0.6516401767730713]",[],0.1,False,
9,9,8,"[0.10202427208423615, 0.07839670032262802, -1.3546695709228516, 2.887737274169922, -0.3278827667236328, -0.4641629457473755, -1.0776960849761963, 1.041071891784668]","[0.5407361388206482, 0.7642268538475037]",[],0.1,False,
9,9,9,"[0.04771341383457184, 0.008552572689950466, 0.15787817537784576, 3.0247907638549805, 0.21490192413330078, 1.6248090267181396, 0.16292381286621094, -0.42226773500442505]","[-0.5887194275856018, -0.38600343465805054]",[],0.1,False,
9,9,10,"[0.05280888080596924, -0.18929213285446167, 0.5209865570068359, 2.6144800186157227, -1.7353949546813965, -1.0022389888763428, -1.4527498483657837, -2.6701815128326416]","[-0.29211193323135376, 0.6979639530181885]",[],0.1,False,
9,9,11,"[0.17935287952423096, 0.02174968272447586, -0.6315078735351562, 2.992252826690674, -0.5082907676696777, 0.09162149578332901, -0.025625213980674744, 1.2647435665130615]","[-0.5754104256629944, 0.03194962814450264]",[],0.1,False,
9,10,0,"[-0.08871601521968842, -0.09015034139156342, 1.460214614868164, 2.9188525676727295, 0.4311561584472656, 1.2804162502288818, -0.6380407214164734, -0.9495821595191956]","[0.015303381718695164, -0.27061501145362854]",[],0.1,False,
9,10,1,"[0.19901452958583832, 0.03812071681022644, -0.47803211212158203, 2.9282519817352295, 1.380673885345459, -2.1631484031677246, -0.9484050869941711, 0.38134947419166565]","[-0.32720252871513367, 0.5977377891540527]",[],0.1,False,
9,10,2,"[-0.0794660747051239, 0.17463237047195435, 1.5809555053710938, 2.6028566360473633, 1.209280014038086, 1.2030729055404663, -2.9231438636779785, 1.789026141166687]","[0.7041348218917847, 0.4855252504348755]",[],0.1,False,
9,10,3,"[0.0912899300456047, -0.06461694091558456, -0.47933197021484375, 2.8388619422912598, -1.136307954788208, -0.192709818482399, -0.5708481073379517, 0.06792166829109192]","[-0.872251033782959, 0.48871946334838867]",[],0.1,False,
9,10,4,"[0.018247682601213455, -0.2563909888267517, 0.6445627212524414, 2.572084426879883, -1.839331865310669, 0.7359427213668823, -2.501322031021118, -2.3091728687286377]","[-0.5411956906318665, -0.13243336975574493]",[],0.1,False,
9,10,5,"[0.2079373151063919, -0.2598939836025238, -0.830593466758728, 2.698617935180664, -1.1807630062103271, -1.2199546098709106, -2.374157667160034, -2.401379108428955]","[-0.261022686958313, 0.8433868885040283]",[],0.1,False,
9,10,6,"[0.0665329173207283, -0.20245838165283203, 0.2602872848510742, 2.6368446350097656, -1.7156143188476562, -0.9592239260673523, -3.507742166519165, -1.6372020244598389]","[-0.5618628263473511, -0.4656541049480438]",[],0.1,False,
9,10,7,"[-0.07337617874145508, -0.05882918834686279, 0.3321670889854431, 2.9179744720458984, -0.717036247253418, 1.2410168647766113, -0.2601516842842102, -0.6302932500839233]","[-0.5042629837989807, 0.11614345014095306]",[],0.1,False,
9,10,8,"[0.14758862555027008, 0.14475058019161224, -1.4355669021606445, 2.8919544219970703, -0.1972804069519043, -0.7089443802833557, -0.5961760878562927, 1.1935462951660156]","[0.11853055655956268, 0.7100350856781006]",[],0.1,False,
9,10,9,"[-0.0034424965269863605, -0.02542586624622345, 0.3204425573348999, 3.0110955238342285, 0.17160654067993164, 1.6187770366668701, -0.13707230985164642, -0.4463663399219513]","[-0.8248941898345947, -0.061823781579732895]",[],0.1,False,
9,10,10,"[0.027532005682587624, -0.12928928434848785, 0.4083127975463867, 2.5824499130249023, -2.0479540824890137, -1.1050682067871094, -0.862528920173645, -3.0112757682800293]","[-0.5276264548301697, 0.5250994563102722]",[],0.1,False,
9,10,11,"[0.12974613904953003, 0.024230673909187317, -0.6271762847900391, 2.961793899536133, -0.37940025329589844, -0.0443047471344471, -0.26212695240974426, 1.3090405464172363]","[0.9036452770233154, -0.9073874950408936]",[],0.1,False,
9,11,0,"[-0.0870722159743309, -0.11353082954883575, 1.604562759399414, 2.9173715114593506, 0.3155360221862793, 1.3983449935913086, -0.5092119574546814, -1.1090366840362549]","[-0.03685116395354271, 0.09919693320989609]",[],0.1,False,
9,11,1,"[0.16882306337356567, 0.08808443695306778, -0.6943445205688477, 2.7745516300201416, 1.418808937072754, -2.1631484031677246, -1.929404616355896, 0.38134947419166565]","[-0.6543776392936707, 0.6285927295684814]",[],0.1,False,
9,11,2,"[-0.018605167046189308, 0.21529023349285126, 1.7228469848632812, 2.5551252365112305, 1.4899654388427734, 1.3834503889083862, -1.212934970855713, 2.52143931388855]","[-0.1721208542585373, 0.9728237390518188]",[],0.1,False,
9,11,3,"[0.016016976907849312, -0.020977148786187172, -0.5184783935546875, 2.932157516479492, -1.146676778793335, -0.3315628468990326, -0.012773185968399048, -0.05534536391496658]","[-0.621885359287262, -0.9553046822547913]",[],0.1,False,
9,11,4,"[-0.027384230867028236, -0.2571858763694763, 0.7181577682495117, 2.263092041015625, -2.070248603820801, 0.7359427213668823, -3.4823215007781982, -2.3091728687286377]","[0.10319585353136063, 0.5776981711387634]",[],0.1,False,
9,11,5,"[0.18686524033546448, -0.1894429326057434, -0.9731647968292236, 2.4707555770874023, -1.4422516822814941, -1.6280564069747925, -1.8767791986465454, -2.8011903762817383]","[-0.40757766366004944, -0.38326776027679443]",[],0.1,False,
9,11,6,"[0.01750069484114647, -0.24058042466640472, 0.15044593811035156, 2.391289710998535, -1.941331386566162, -1.1897798776626587, -1.7785818576812744, -2.657583236694336]","[0.6268388032913208, -0.3019455671310425]",[],0.1,False,
9,11,7,"[-0.11701195687055588, -0.04835076257586479, 0.4681348204612732, 2.9091644287109375, -0.7865800857543945, 1.3564646244049072, -0.39351987838745117, -0.6920004487037659]","[-0.4897810220718384, 0.512010931968689]",[],0.1,False,
9,11,8,"[0.15638022124767303, 0.20519578456878662, -1.5542917251586914, 2.9379231929779053, -0.020293235778808594, -0.8355565667152405, -0.899323046207428, 1.3256245851516724]","[-0.8133508563041687, 0.2030363827943802]",[],0.1,False,
9,11,9,"[-0.07530415803194046, -0.031140761449933052, 0.4844077527523041, 2.9749560356140137, 0.1250591278076172, 1.6727945804595947, -0.3283419609069824, -0.488006591796875]","[-0.025744227692484856, 0.9389903545379639]",[],0.1,False,
9,11,10,"[-0.018174992874264717, -0.08371390402317047, 0.2984752655029297, 2.624178409576416, -2.3775360584259033, -1.0794938802719116, -0.481624037027359, -3.0845046043395996]","[0.08615101873874664, 0.30539825558662415]",[],0.1,False,
9,11,11,"[0.20740121603012085, -0.05358399078249931, -0.6612148284912109, 2.974134922027588, -0.25414037704467773, -0.3719996511936188, -0.019279062747955322, 1.2349226474761963]","[0.7753608226776123, -0.046342868357896805]",[],0.1,False,
9,12,0,"[-0.09037727117538452, -0.10500692576169968, 1.749755859375, 2.8439199924468994, 0.19875860214233398, 1.4969111680984497, -0.78089839220047, -1.221490740776062]","[0.4227347671985626, -0.5857513546943665]",[],0.1,False,
9,12,1,"[0.10969560593366623, 0.13892671465873718, -0.9173860549926758, 2.5600264072418213, 1.4652223587036133, -2.499196767807007, -1.0462185144424438, 0.794150173664093]","[-0.49221861362457275, 0.12766718864440918]",[],0.1,False,
9,12,2,"[-0.03214201331138611, 0.26500001549720764, 1.861196517944336, 2.374971389770508, 1.742109775543213, 1.3834503889083862, -2.193934440612793, 2.52143931388855]","[-0.7358307838439941, 0.778309166431427]",[],0.1,False,
9,12,3,"[-0.03947670757770538, -0.10326457023620605, -0.5514516830444336, 2.882658004760742, -1.153376579284668, -0.3227674067020416, -0.46178632974624634, -0.11319374293088913]","[-0.3533322513103485, 0.6302030086517334]",[],0.1,False,
9,12,4,"[-0.019219527021050453, -0.20807527005672455, 0.7924461364746094, 2.176816940307617, -2.40777587890625, 0.6990855932235718, -1.3788546323776245, -3.032960891723633]","[-0.5877043008804321, 0.569260835647583]",[],0.1,False,
9,12,5,"[0.15221545100212097, -0.2213706076145172, -1.1367287635803223, 2.258787155151367, -1.721808671951294, -1.6460415124893188, -2.0837559700012207, -2.789302349090576]","[0.5951129794120789, 0.015322446823120117]",[],0.1,False,
9,12,6,"[0.07006263732910156, -0.25238659977912903, 0.02776050567626953, 2.2143774032592773, -2.2261102199554443, -1.2210043668746948, -1.803010106086731, -2.865154981613159]","[0.07468350976705551, -0.27998676896095276]",[],0.1,False,
9,12,7,"[-0.15864093601703644, -0.003538904245942831, 0.6360452175140381, 2.9430103302001953, -0.8598203659057617, 1.508497953414917, -0.4985072612762451, -0.7061794996261597]","[0.6274383664131165, 0.8521440029144287]",[],0.1,False,
9,12,8,"[0.08698214590549469, 0.22003458440303802, -1.6797704696655273, 2.9859166145324707, 0.1981668472290039, -0.9737548232078552, -0.9556689858436584, 1.6161160469055176]","[-0.4269222021102905, -0.4488838315010071]",[],0.1,False,
9,12,9,"[-0.07759084552526474, 0.05053040385246277, 0.6584362387657166, 2.9398162364959717, 0.07831764221191406, 1.7940459251403809, -0.23595976829528809, -0.4437286853790283]","[0.7030102014541626, 0.9902995228767395]",[],0.1,False,
9,12,10,"[-0.010601971298456192, -0.05715426057577133, 0.19637012481689453, 2.6994972229003906, -2.7035324573516846, -1.036697506904602, -0.3348439037799835, -3.1113243103027344]","[0.8171668648719788, -0.3784252107143402]",[],0.1,False,
9,12,11,"[0.25991812348365784, -0.0578206442296505, -0.7537803649902344, 3.0354228019714355, -0.14498662948608398, -0.6392098665237427, -0.2175200879573822, 1.1671788692474365]","[0.548980712890625, -0.46128934621810913]",[],0.1,False,
9,13,0,"[-0.05296177789568901, -0.15491832792758942, 1.9252452850341797, 2.9649829864501953, 0.016364574432373047, 1.5248035192489624, -0.6017771363258362, -1.3656044006347656]","[-0.27137863636016846, -0.8847495913505554]",[],0.1,False,
9,13,1,"[0.06671319156885147, 0.14711527526378632, -1.1833462715148926, 2.5256447792053223, 1.5780062675476074, -2.642225980758667, -0.6599842309951782, 1.1094133853912354]","[-0.7327779531478882, 0.29459062218666077]",[],0.1,False,
9,13,2,"[-0.0939054861664772, 0.26562368869781494, 1.9995460510253906, 2.0967178344726562, 1.9942541122436523, 1.3834503889083862, -3.174933910369873, 2.52143931388855]","[0.09172066301107407, 0.5119985342025757]",[],0.1,False,
9,13,3,"[-0.06907836347818375, -0.047951873391866684, -0.5594997406005859, 3.0025739669799805, -1.1953208446502686, -0.1898864358663559, -0.0002642720937728882, -0.28975197672843933]","[0.8364874720573425, -0.029832614585757256]",[],0.1,False,
9,13,4,"[-0.06975558400154114, -0.15962371230125427, 0.8744869232177734, 2.138416290283203, -2.7519052028656006, 0.7494857311248779, -1.1619751453399658, -3.1446335315704346]","[-0.3388645350933075, -0.06991441547870636]",[],0.1,False,
9,13,5,"[0.20202325284481049, -0.22062115371227264, -1.3023325204849243, 2.0162954330444336, -2.0013041496276855, -1.6758192777633667, -2.5081708431243896, -2.80043363571167]","[-0.24496635794639587, -0.5185859799385071]",[],0.1,False,
9,13,6,"[0.07634919881820679, -0.25252819061279297, -0.09439563751220703, 2.0347633361816406, -2.5199954509735107, -1.2077199220657349, -1.863010048866272, -2.9344608783721924]","[0.2912447452545166, -0.48269733786582947]",[],0.1,False,
9,13,7,"[-0.1026054173707962, 0.06888088583946228, 0.8343658447265625, 3.047107219696045, -0.9128818511962891, 1.7027829885482788, -0.2585349678993225, -0.6240797638893127]","[0.6866215467453003, -0.6890337467193604]",[],0.1,False,
9,13,8,"[0.05240406468510628, 0.180130273103714, -1.7878608703613281, 2.909067392349243, 0.3917880058288574, -1.0950051546096802, -0.8725600242614746, 2.0006771087646484]","[-0.16768863797187805, -0.2411831170320511]",[],0.1,False,
9,13,9,"[-0.015915555879473686, 0.13605497777462006, 0.8486509919166565, 3.0608911514282227, 0.07376384735107422, 1.8090616464614868, 0.0165482759475708, -0.24977920949459076]","[-0.541664183139801, -0.4831012189388275]",[],0.1,False,
9,13,10,"[0.06048101186752319, -0.09011505544185638, 0.09270095825195312, 2.6071529388427734, -3.014665126800537, -1.036697506904602, -1.3158434629440308, -3.1113243103027344]","[0.4037855863571167, 0.049590349197387695]",[],0.1,False,
9,13,11,"[0.25950005650520325, -0.09656473994255066, -0.8523273468017578, 3.032891273498535, -0.0396122932434082, -0.9649206399917603, -0.32381319999694824, 1.053812861442566]","[0.23202112317085266, 0.5935518741607666]",[],0.1,False,
9,14,10,"[0.06748362630605698, -0.08924470096826553, 0.09270095825195312, 2.6071529388427734, -3.014665126800537, -1.036697506904602, -1.3158434629440308, -3.1113243103027344]",,,-1.0,True,
